-- phpMyAdmin SQL Dump
-- version 4.0.10deb1
-- http://www.phpmyadmin.net
--
-- Servidor: localhost
-- Tiempo de generación: 03-08-2014 a las 02:51:23
-- Versión del servidor: 5.5.38-0ubuntu0.14.04.1
-- Versión de PHP: 5.5.9-1ubuntu4.3

SET SQL_MODE = "NO_AUTO_VALUE_ON_ZERO";
SET time_zone = "+00:00";


/*!40101 SET @OLD_CHARACTER_SET_CLIENT=@@CHARACTER_SET_CLIENT */;
/*!40101 SET @OLD_CHARACTER_SET_RESULTS=@@CHARACTER_SET_RESULTS */;
/*!40101 SET @OLD_COLLATION_CONNECTION=@@COLLATION_CONNECTION */;
/*!40101 SET NAMES utf8 */;

--
-- Base de datos: `cooperativa`
--

-- --------------------------------------------------------

--
-- Estructura de tabla para la tabla `estudios`
--

CREATE TABLE IF NOT EXISTS `estudios` (
  `id` int(11) NOT NULL AUTO_INCREMENT,
  `descripcion` varchar(45) COLLATE utf8_unicode_ci DEFAULT NULL,
  `update_time` datetime DEFAULT NULL,
  `create_time` timestamp NULL DEFAULT CURRENT_TIMESTAMP,
  PRIMARY KEY (`id`)
) ENGINE=InnoDB  DEFAULT CHARSET=utf8 COLLATE=utf8_unicode_ci AUTO_INCREMENT=6 ;

--
-- Volcado de datos para la tabla `estudios`
--

INSERT INTO `estudios` (`id`, `descripcion`, `update_time`, `create_time`) VALUES
(1, NULL, NULL, '2014-07-19 17:10:41'),
(2, 'Primario', NULL, '2014-07-19 17:10:41'),
(3, 'Secundario', NULL, '2014-07-19 17:10:53'),
(4, 'Terciario', NULL, '2014-07-19 17:10:53'),
(5, 'Universitario', NULL, '2014-07-19 17:10:58');

-- --------------------------------------------------------

--
-- Estructura de tabla para la tabla `facturas_cocheria`
--

CREATE TABLE IF NOT EXISTS `facturas_cocheria` (
  `id` int(11) NOT NULL AUTO_INCREMENT,
  `fecha` date NOT NULL,
  `descripcion` text NOT NULL,
  `id_socio` int(11) NOT NULL,
  `id_familiar` int(11) NOT NULL,
  `importe` int(11) NOT NULL,
  `porcentaje` int(11) NOT NULL,
  `id_usuario` int(11) NOT NULL,
  `created_at` timestamp NOT NULL DEFAULT CURRENT_TIMESTAMP,
  `updated_at` datetime NOT NULL,
  UNIQUE KEY `id_2` (`id`),
  KEY `id` (`id`)
) ENGINE=InnoDB  DEFAULT CHARSET=latin1 AUTO_INCREMENT=9 ;

--
-- Volcado de datos para la tabla `facturas_cocheria`
--

INSERT INTO `facturas_cocheria` (`id`, `fecha`, `descripcion`, `id_socio`, `id_familiar`, `importe`, `porcentaje`, `id_usuario`, `created_at`, `updated_at`) VALUES
(1, '2014-08-02', 'descripcion', 2, 1, 12, 34, 1, '2014-08-03 04:53:38', '2014-08-03 01:53:38'),
(2, '2014-08-07', 'descripcion', 2, 1, 12, 43, 1, '2014-08-03 04:54:29', '2014-08-03 01:54:29'),
(3, '2014-08-02', 'descripcion', 2, 1, 32423423, 432423, 1, '2014-08-03 04:55:25', '2014-08-03 01:55:25'),
(4, '2014-08-02', 'descripcion', 2, 1, 32423423, 432423, 1, '2014-08-03 04:56:16', '2014-08-03 01:56:16'),
(5, '2014-08-02', 'descripcion', 2, 1, 32423423, 432423, 1, '2014-08-03 05:00:49', '2014-08-03 02:00:49'),
(6, '2014-08-02', 'descripcion', 2, 1, 32423423, 432423, 1, '2014-08-03 05:01:22', '2014-08-03 02:01:22'),
(7, '2014-08-02', 'descripcion', 2, 1, 32423423, 432423, 1, '2014-08-03 05:02:25', '2014-08-03 02:02:25'),
(8, '2014-08-09', 'descripcion editado', 2, 1, 12345, 123456, 1, '2014-08-03 05:09:40', '2014-08-03 02:12:18');

-- --------------------------------------------------------

--
-- Estructura de tabla para la tabla `familiares`
--

CREATE TABLE IF NOT EXISTS `familiares` (
  `id` int(11) NOT NULL AUTO_INCREMENT,
  `id_parentezco` int(11) NOT NULL,
  `id_sexo` int(11) NOT NULL DEFAULT '0',
  `id_estudio` int(11) DEFAULT NULL,
  `id_tipo_documento` int(11) DEFAULT NULL,
  `created_at` timestamp NULL DEFAULT CURRENT_TIMESTAMP,
  `updated_at` timestamp NULL DEFAULT NULL,
  `nombre` varchar(255) DEFAULT NULL,
  `apellido` varchar(255) DEFAULT NULL,
  `nro_documento` varchar(45) DEFAULT NULL,
  `direccion` varchar(255) DEFAULT NULL,
  `localidad` varchar(255) DEFAULT NULL,
  `socio_futbol` tinyint(1) DEFAULT NULL,
  `socio_pesca` varchar(45) DEFAULT NULL,
  `tel_cel` varchar(45) DEFAULT NULL,
  `tel_part` varchar(45) DEFAULT NULL,
  `tel_lab` varchar(45) DEFAULT NULL,
  `estudios_id` int(11) NOT NULL,
  `tipos_socios_id` int(11) NOT NULL,
  `fecha_nac` date DEFAULT NULL,
  `id_usuario` int(11) DEFAULT NULL,
  `socio_coop` tinyint(1) NOT NULL,
  `id_socio` int(11) DEFAULT NULL,
  PRIMARY KEY (`id`)
) ENGINE=InnoDB  DEFAULT CHARSET=latin1 AUTO_INCREMENT=4 ;

--
-- Volcado de datos para la tabla `familiares`
--

INSERT INTO `familiares` (`id`, `id_parentezco`, `id_sexo`, `id_estudio`, `id_tipo_documento`, `created_at`, `updated_at`, `nombre`, `apellido`, `nro_documento`, `direccion`, `localidad`, `socio_futbol`, `socio_pesca`, `tel_cel`, `tel_part`, `tel_lab`, `estudios_id`, `tipos_socios_id`, `fecha_nac`, `id_usuario`, `socio_coop`, `id_socio`) VALUES
(1, 2, 2, 2, 2, '2014-07-26 23:52:35', '2014-07-29 02:43:14', 'editado', 'apellido', '05/07/2014', 'direccion', 'localidad', 2, '2', '1318321', '1530359959', '3123123', 0, 0, NULL, 1, 2, 2),
(2, 3, 1, 1, 1, '2014-07-27 03:50:07', '2014-07-27 04:24:58', 'jgfhgfh', '', '', '', '', 1, '1', '', '', '', 0, 0, NULL, 1, 1, 2),
(3, 4, 1, 1, 1, '2014-07-27 04:07:17', '2014-07-27 04:25:18', 'familiar3', '', '', '', '', 1, '1', '', '', '', 0, 0, NULL, 1, 1, 2);

-- --------------------------------------------------------

--
-- Estructura de tabla para la tabla `migrations`
--

CREATE TABLE IF NOT EXISTS `migrations` (
  `migration` varchar(255) COLLATE utf8_unicode_ci NOT NULL,
  `batch` int(11) NOT NULL
) ENGINE=InnoDB DEFAULT CHARSET=utf8 COLLATE=utf8_unicode_ci;

--
-- Volcado de datos para la tabla `migrations`
--

INSERT INTO `migrations` (`migration`, `batch`) VALUES
('2014_07_06_230228_create_estudios_table', 1),
('2014_07_06_230228_create_perfiles_table', 1),
('2014_07_06_230228_create_sexos_table', 1),
('2014_07_06_230228_create_tipos_documentos_table', 1),
('2014_07_06_230228_create_tipos_socios_table', 1),
('2014_07_12_184944_create_usuarios_table', 2),
('2014_07_12_184945_add_foreign_keys_to_usuarios_table', 2);

-- --------------------------------------------------------

--
-- Estructura de tabla para la tabla `parentezcos`
--

CREATE TABLE IF NOT EXISTS `parentezcos` (
  `id` int(11) NOT NULL AUTO_INCREMENT,
  `descripcion` varchar(255) NOT NULL,
  PRIMARY KEY (`id`)
) ENGINE=InnoDB  DEFAULT CHARSET=latin1 AUTO_INCREMENT=6 ;

--
-- Volcado de datos para la tabla `parentezcos`
--

INSERT INTO `parentezcos` (`id`, `descripcion`) VALUES
(1, ''),
(2, 'Padre'),
(3, 'Madre'),
(4, 'Hijo/a'),
(5, 'Suegro/a');

-- --------------------------------------------------------

--
-- Estructura de tabla para la tabla `perfiles`
--

CREATE TABLE IF NOT EXISTS `perfiles` (
  `id` int(11) NOT NULL AUTO_INCREMENT,
  `descripcion` varchar(45) COLLATE utf8_unicode_ci DEFAULT NULL,
  `create_time` timestamp NULL DEFAULT CURRENT_TIMESTAMP,
  `update_time` datetime DEFAULT NULL,
  PRIMARY KEY (`id`)
) ENGINE=InnoDB  DEFAULT CHARSET=utf8 COLLATE=utf8_unicode_ci AUTO_INCREMENT=2 ;

--
-- Volcado de datos para la tabla `perfiles`
--

INSERT INTO `perfiles` (`id`, `descripcion`, `create_time`, `update_time`) VALUES
(1, 'Administrador', '2014-08-02 17:01:47', NULL);

-- --------------------------------------------------------

--
-- Estructura de tabla para la tabla `sexos`
--

CREATE TABLE IF NOT EXISTS `sexos` (
  `id` int(11) NOT NULL AUTO_INCREMENT,
  `descripcion` varchar(45) COLLATE utf8_unicode_ci DEFAULT NULL,
  `update_time` datetime DEFAULT NULL,
  `create_time` timestamp NULL DEFAULT CURRENT_TIMESTAMP,
  PRIMARY KEY (`id`)
) ENGINE=InnoDB  DEFAULT CHARSET=utf8 COLLATE=utf8_unicode_ci AUTO_INCREMENT=4 ;

--
-- Volcado de datos para la tabla `sexos`
--

INSERT INTO `sexos` (`id`, `descripcion`, `update_time`, `create_time`) VALUES
(1, NULL, NULL, '2014-07-16 03:46:20'),
(2, 'Masculino', NULL, '2014-07-16 03:46:20'),
(3, 'Femenino', NULL, '2014-07-16 03:46:28');

-- --------------------------------------------------------

--
-- Estructura de tabla para la tabla `si_no`
--

CREATE TABLE IF NOT EXISTS `si_no` (
  `id` int(11) NOT NULL AUTO_INCREMENT,
  `descripcion` varchar(30) NOT NULL,
  PRIMARY KEY (`id`)
) ENGINE=InnoDB  DEFAULT CHARSET=latin1 AUTO_INCREMENT=4 ;

--
-- Volcado de datos para la tabla `si_no`
--

INSERT INTO `si_no` (`id`, `descripcion`) VALUES
(1, ''),
(2, 'Si'),
(3, 'No');

-- --------------------------------------------------------

--
-- Estructura de tabla para la tabla `socios`
--

CREATE TABLE IF NOT EXISTS `socios` (
  `id` int(11) NOT NULL AUTO_INCREMENT,
  `id_sexo` int(11) NOT NULL DEFAULT '0',
  `id_estudio` int(11) DEFAULT NULL,
  `id_tipo_documento` int(11) DEFAULT NULL,
  `id_tipo_socio` int(11) NOT NULL,
  `created_at` timestamp NULL DEFAULT CURRENT_TIMESTAMP,
  `updated_at` timestamp NULL DEFAULT NULL,
  `nro_legajo` int(11) DEFAULT NULL,
  `nombre` varchar(255) DEFAULT NULL,
  `apellido` varchar(255) DEFAULT NULL,
  `nro_documento` varchar(45) DEFAULT NULL,
  `direccion` varchar(255) DEFAULT NULL,
  `localidad` varchar(255) DEFAULT NULL,
  `socio_futbol` tinyint(1) DEFAULT NULL,
  `socio_pesca` varchar(45) DEFAULT NULL,
  `valor_historico` float DEFAULT NULL,
  `tel_cel` varchar(45) DEFAULT NULL,
  `tel_part` varchar(45) DEFAULT NULL,
  `tel_lab` varchar(45) DEFAULT NULL,
  `estudios_id` int(11) NOT NULL,
  `tipos_socios_id` int(11) NOT NULL,
  `fecha_nac` date DEFAULT NULL,
  `id_usuario` int(11) DEFAULT NULL,
  `socio_coop` tinyint(1) NOT NULL,
  `socio_cocheria` int(11) NOT NULL DEFAULT '1',
  PRIMARY KEY (`id`,`estudios_id`,`tipos_socios_id`,`id_sexo`,`id_tipo_socio`)
) ENGINE=InnoDB  DEFAULT CHARSET=latin1 AUTO_INCREMENT=10 ;

--
-- Volcado de datos para la tabla `socios`
--

INSERT INTO `socios` (`id`, `id_sexo`, `id_estudio`, `id_tipo_documento`, `id_tipo_socio`, `created_at`, `updated_at`, `nro_legajo`, `nombre`, `apellido`, `nro_documento`, `direccion`, `localidad`, `socio_futbol`, `socio_pesca`, `valor_historico`, `tel_cel`, `tel_part`, `tel_lab`, `estudios_id`, `tipos_socios_id`, `fecha_nac`, `id_usuario`, `socio_coop`, `socio_cocheria`) VALUES
(1, 3, 3, 2, 2, '2014-07-12 22:56:32', '2014-07-19 17:19:51', 1234, 'Nombreaaa', 'Apellido', '10/07/2014', 'direccion', 'localidad', 3, '3', NULL, '5555', '4444', '6666', 0, 0, '2014-07-18', 1, 3, 2),
(2, 2, 3, 2, 3, '2014-07-12 22:58:34', '2014-07-27 04:31:52', 432423, 'Nombre', 'Apellido', '31/07/2014', 'zxfsfs', 'sdfsdfsd', 3, '2', NULL, '423432', '23432', '23423432', 0, 0, NULL, 1, 2, 2),
(3, 0, NULL, 1, 0, '2014-07-12 22:58:56', '2014-07-12 22:58:56', NULL, 'gfdgdfgd', 'fgfdgdfgdf', '56756765', NULL, NULL, NULL, NULL, NULL, NULL, NULL, NULL, 0, 0, NULL, 1, 0, 2),
(4, 0, NULL, 1, 0, '2014-07-12 23:00:29', '2014-07-12 23:00:29', NULL, 'gfdgdfgd', 'fgfdgdfgdf', '56756765', NULL, NULL, NULL, NULL, NULL, NULL, NULL, NULL, 0, 0, NULL, 1, 0, 1),
(5, 0, NULL, 1, 0, '2014-07-12 23:00:38', '2014-07-12 23:00:38', NULL, 'gfdgdfgd', 'fgfdgdfgdf', '56756765', NULL, NULL, NULL, NULL, NULL, NULL, NULL, NULL, 0, 0, NULL, 1, 0, 1),
(6, 0, NULL, 1, 0, '2014-07-12 23:00:49', '2014-07-12 23:00:49', NULL, 'gfdgdfgd', 'fgfdgdfgdf', '56756765', NULL, NULL, NULL, NULL, NULL, NULL, NULL, NULL, 0, 0, NULL, 1, 0, 1),
(7, 0, NULL, 4, 0, '2014-07-12 23:07:38', '2014-07-12 23:07:38', NULL, 'dfgdfgdf', 'gfdgdfg', '756756756', NULL, NULL, NULL, NULL, NULL, NULL, NULL, NULL, 0, 0, NULL, 1, 0, 1),
(8, 0, NULL, 1, 0, '2014-07-13 03:27:27', '2014-07-13 03:27:27', NULL, 'nombre', NULL, NULL, NULL, NULL, NULL, NULL, NULL, NULL, NULL, NULL, 0, 0, NULL, 1, 0, 1),
(9, 0, NULL, 2, 0, '2014-07-13 03:28:01', '2014-07-13 03:28:01', NULL, 'asdsadsa', NULL, NULL, NULL, NULL, NULL, NULL, NULL, NULL, NULL, NULL, 0, 0, NULL, 1, 0, 1);

-- --------------------------------------------------------

--
-- Estructura de tabla para la tabla `tipos_documentos`
--

CREATE TABLE IF NOT EXISTS `tipos_documentos` (
  `id` int(11) NOT NULL AUTO_INCREMENT,
  `descripcion` varchar(45) COLLATE utf8_unicode_ci DEFAULT NULL,
  `create_time` timestamp NULL DEFAULT CURRENT_TIMESTAMP,
  `update_time` datetime DEFAULT NULL,
  PRIMARY KEY (`id`)
) ENGINE=InnoDB  DEFAULT CHARSET=utf8 COLLATE=utf8_unicode_ci AUTO_INCREMENT=5 ;

--
-- Volcado de datos para la tabla `tipos_documentos`
--

INSERT INTO `tipos_documentos` (`id`, `descripcion`, `create_time`, `update_time`) VALUES
(1, '-', '2014-07-12 22:24:47', NULL),
(2, 'DNI', '2014-07-12 22:24:47', NULL),
(3, 'LE', '2014-07-12 22:24:57', NULL),
(4, 'Pasaporte', '2014-07-12 22:24:57', NULL);

-- --------------------------------------------------------

--
-- Estructura de tabla para la tabla `tipos_socios`
--

CREATE TABLE IF NOT EXISTS `tipos_socios` (
  `id` int(11) NOT NULL AUTO_INCREMENT,
  `descripcion` varchar(45) COLLATE utf8_unicode_ci DEFAULT NULL,
  `update_time` datetime DEFAULT NULL,
  `create_time` timestamp NULL DEFAULT CURRENT_TIMESTAMP,
  PRIMARY KEY (`id`)
) ENGINE=InnoDB  DEFAULT CHARSET=utf8 COLLATE=utf8_unicode_ci AUTO_INCREMENT=6 ;

--
-- Volcado de datos para la tabla `tipos_socios`
--

INSERT INTO `tipos_socios` (`id`, `descripcion`, `update_time`, `create_time`) VALUES
(1, NULL, NULL, '2014-07-16 03:31:47'),
(2, 'Quincenal', NULL, '2014-07-16 03:31:47'),
(3, 'Mensual', NULL, '2014-07-16 03:32:00'),
(4, 'Altos Mandos', NULL, '2014-07-16 03:32:00'),
(5, 'DAMSA', NULL, '2014-07-16 03:32:08');

-- --------------------------------------------------------

--
-- Estructura de tabla para la tabla `usuarios`
--

CREATE TABLE IF NOT EXISTS `usuarios` (
  `id` int(11) NOT NULL AUTO_INCREMENT,
  `nombre` varchar(45) COLLATE utf8_unicode_ci DEFAULT NULL,
  `apellido` varchar(45) COLLATE utf8_unicode_ci DEFAULT NULL,
  `id_perfil` int(11) DEFAULT NULL,
  `id_tipo_documento` int(11) DEFAULT NULL,
  `nro_documento` varchar(45) COLLATE utf8_unicode_ci DEFAULT NULL,
  `usuario` varchar(45) COLLATE utf8_unicode_ci NOT NULL,
  `password` varchar(255) COLLATE utf8_unicode_ci DEFAULT NULL,
  `created_at` timestamp NOT NULL DEFAULT '0000-00-00 00:00:00',
  `updated_at` timestamp NOT NULL DEFAULT '0000-00-00 00:00:00',
  `remember_token` varchar(255) COLLATE utf8_unicode_ci NOT NULL,
  PRIMARY KEY (`id`),
  UNIQUE KEY `usuario_UNIQUE` (`usuario`),
  KEY `fk_usuarios_1_perfil_idx` (`id_perfil`)
) ENGINE=InnoDB  DEFAULT CHARSET=utf8 COLLATE=utf8_unicode_ci AUTO_INCREMENT=2 ;

--
-- Volcado de datos para la tabla `usuarios`
--

INSERT INTO `usuarios` (`id`, `nombre`, `apellido`, `id_perfil`, `id_tipo_documento`, `nro_documento`, `usuario`, `password`, `created_at`, `updated_at`, `remember_token`) VALUES
(1, 'test', 'test', 1, 2, '12345', 'test', '$2y$10$C8xzxbBlIzBrLsxt9l5/Y.k1nm2vZMR.uUYPf99ucSV.a.TI17atG', '2014-08-02 17:02:11', '2014-08-02 21:51:25', 'cS07m8JQkPAARsbJLafWZ2JUQOVKPlyb1LJQMOcmB0ka1pQEI7ifHqfcWTsx');

--
-- Restricciones para tablas volcadas
--

--
-- Filtros para la tabla `usuarios`
--
ALTER TABLE `usuarios`
  ADD CONSTRAINT `usuarios_id_perfil_foreign` FOREIGN KEY (`id_perfil`) REFERENCES `perfiles` (`id`) ON DELETE NO ACTION ON UPDATE NO ACTION;
--
-- Base de datos: `cursos`
--

-- --------------------------------------------------------

--
-- Estructura de tabla para la tabla `cursos`
--

CREATE TABLE IF NOT EXISTS `cursos` (
  `id` int(10) unsigned NOT NULL AUTO_INCREMENT,
  `id_tipo_actividad` int(10) unsigned NOT NULL,
  `nombre` varchar(255) COLLATE utf8_unicode_ci NOT NULL,
  `created_at` timestamp NOT NULL DEFAULT '0000-00-00 00:00:00',
  `updated_at` timestamp NOT NULL DEFAULT '0000-00-00 00:00:00',
  PRIMARY KEY (`id`)
) ENGINE=InnoDB  DEFAULT CHARSET=utf8 COLLATE=utf8_unicode_ci AUTO_INCREMENT=2 ;

--
-- Volcado de datos para la tabla `cursos`
--

INSERT INTO `cursos` (`id`, `id_tipo_actividad`, `nombre`, `created_at`, `updated_at`) VALUES
(1, 2, 'actividad', '2014-07-03 01:04:10', '2014-07-03 01:04:10');

-- --------------------------------------------------------

--
-- Estructura de tabla para la tabla `cursos_asignados`
--

CREATE TABLE IF NOT EXISTS `cursos_asignados` (
  `id` int(10) unsigned NOT NULL AUTO_INCREMENT,
  `id_curso` int(10) unsigned NOT NULL,
  `id_usuario` int(10) unsigned NOT NULL,
  `created_at` timestamp NOT NULL DEFAULT '0000-00-00 00:00:00',
  `updated_at` timestamp NOT NULL DEFAULT '0000-00-00 00:00:00',
  PRIMARY KEY (`id`),
  KEY `cursos_asignados_id_curso_foreign` (`id_curso`),
  KEY `cursos_asignados_id_usuario_foreign` (`id_usuario`)
) ENGINE=InnoDB DEFAULT CHARSET=utf8 COLLATE=utf8_unicode_ci AUTO_INCREMENT=1 ;

-- --------------------------------------------------------

--
-- Estructura de tabla para la tabla `migrations`
--

CREATE TABLE IF NOT EXISTS `migrations` (
  `migration` varchar(255) COLLATE utf8_unicode_ci NOT NULL,
  `batch` int(11) NOT NULL
) ENGINE=InnoDB DEFAULT CHARSET=utf8 COLLATE=utf8_unicode_ci;

--
-- Volcado de datos para la tabla `migrations`
--

INSERT INTO `migrations` (`migration`, `batch`) VALUES
('2014_05_01_110000_create_perfiles_table', 1),
('2014_05_01_122951_create_usuarios__table', 1),
('2014_05_17_222858_create_user_table', 1),
('2014_05_17_222917_create_cursos_table', 1),
('2014_05_18_093817_crate_cursos_asignados_table', 1),
('2014_05_18_094309_crate_notas__table', 1),
('2014_05_18_225224_create_parte_asistencias_table', 1),
('2014_07_02_174521_create_tipos_actividades_table', 1),
('2014_07_02_181535_create_modulos_table', 1);

-- --------------------------------------------------------

--
-- Estructura de tabla para la tabla `modulos`
--

CREATE TABLE IF NOT EXISTS `modulos` (
  `id` int(10) unsigned NOT NULL AUTO_INCREMENT,
  `id_curso` int(11) NOT NULL,
  `nombre` varchar(25) COLLATE utf8_unicode_ci NOT NULL,
  `contendio` varchar(50) COLLATE utf8_unicode_ci NOT NULL,
  `created_at` timestamp NOT NULL DEFAULT '0000-00-00 00:00:00',
  `updated_at` timestamp NOT NULL DEFAULT '0000-00-00 00:00:00',
  PRIMARY KEY (`id`)
) ENGINE=InnoDB DEFAULT CHARSET=utf8 COLLATE=utf8_unicode_ci AUTO_INCREMENT=1 ;

-- --------------------------------------------------------

--
-- Estructura de tabla para la tabla `notas`
--

CREATE TABLE IF NOT EXISTS `notas` (
  `id` int(10) unsigned NOT NULL AUTO_INCREMENT,
  `id_curso_asignado` int(10) unsigned NOT NULL,
  `nota` varchar(50) COLLATE utf8_unicode_ci NOT NULL,
  `created_at` timestamp NOT NULL DEFAULT '0000-00-00 00:00:00',
  `updated_at` timestamp NOT NULL DEFAULT '0000-00-00 00:00:00',
  PRIMARY KEY (`id`),
  KEY `notas_id_curso_asignado_foreign` (`id_curso_asignado`)
) ENGINE=InnoDB DEFAULT CHARSET=utf8 COLLATE=utf8_unicode_ci AUTO_INCREMENT=1 ;

-- --------------------------------------------------------

--
-- Estructura de tabla para la tabla `parte_presentismos`
--

CREATE TABLE IF NOT EXISTS `parte_presentismos` (
  `id` int(10) unsigned NOT NULL AUTO_INCREMENT,
  `id_curso_asignado` int(10) unsigned NOT NULL,
  `fecha_parte` date NOT NULL,
  `presente` int(11) NOT NULL,
  `created_at` timestamp NOT NULL DEFAULT '0000-00-00 00:00:00',
  `updated_at` timestamp NOT NULL DEFAULT '0000-00-00 00:00:00',
  PRIMARY KEY (`id`),
  KEY `parte_presentismos_id_curso_asignado_foreign` (`id_curso_asignado`)
) ENGINE=InnoDB DEFAULT CHARSET=utf8 COLLATE=utf8_unicode_ci AUTO_INCREMENT=1 ;

-- --------------------------------------------------------

--
-- Estructura de tabla para la tabla `perfiles`
--

CREATE TABLE IF NOT EXISTS `perfiles` (
  `id` int(10) unsigned NOT NULL AUTO_INCREMENT,
  `perfil` varchar(255) COLLATE utf8_unicode_ci NOT NULL,
  `created_at` timestamp NOT NULL DEFAULT '0000-00-00 00:00:00',
  `updated_at` timestamp NOT NULL DEFAULT '0000-00-00 00:00:00',
  PRIMARY KEY (`id`)
) ENGINE=InnoDB  DEFAULT CHARSET=utf8 COLLATE=utf8_unicode_ci AUTO_INCREMENT=4 ;

--
-- Volcado de datos para la tabla `perfiles`
--

INSERT INTO `perfiles` (`id`, `perfil`, `created_at`, `updated_at`) VALUES
(1, 'administrador', '0000-00-00 00:00:00', '0000-00-00 00:00:00'),
(2, 'profesor', '0000-00-00 00:00:00', '0000-00-00 00:00:00'),
(3, 'alumno', '0000-00-00 00:00:00', '0000-00-00 00:00:00');

-- --------------------------------------------------------

--
-- Estructura de tabla para la tabla `tipos_actividades`
--

CREATE TABLE IF NOT EXISTS `tipos_actividades` (
  `id` int(10) unsigned NOT NULL AUTO_INCREMENT,
  `descripcion` varchar(25) COLLATE utf8_unicode_ci NOT NULL,
  `created_at` timestamp NOT NULL DEFAULT '0000-00-00 00:00:00',
  `updated_at` timestamp NOT NULL DEFAULT '0000-00-00 00:00:00',
  PRIMARY KEY (`id`)
) ENGINE=InnoDB  DEFAULT CHARSET=utf8 COLLATE=utf8_unicode_ci AUTO_INCREMENT=4 ;

--
-- Volcado de datos para la tabla `tipos_actividades`
--

INSERT INTO `tipos_actividades` (`id`, `descripcion`, `created_at`, `updated_at`) VALUES
(1, 'seminario', '0000-00-00 00:00:00', '0000-00-00 00:00:00'),
(2, 'jornada', '0000-00-00 00:00:00', '0000-00-00 00:00:00'),
(3, 'Capacitación Continua', '0000-00-00 00:00:00', '0000-00-00 00:00:00');

-- --------------------------------------------------------

--
-- Estructura de tabla para la tabla `usuarios`
--

CREATE TABLE IF NOT EXISTS `usuarios` (
  `id` int(10) unsigned NOT NULL AUTO_INCREMENT,
  `nombre` varchar(25) COLLATE utf8_unicode_ci NOT NULL,
  `apellido` varchar(25) COLLATE utf8_unicode_ci NOT NULL,
  `email` varchar(50) COLLATE utf8_unicode_ci NOT NULL,
  `password` varchar(255) COLLATE utf8_unicode_ci NOT NULL,
  `dni` int(11) NOT NULL,
  `id_perfil` int(10) unsigned NOT NULL,
  `username` varchar(25) COLLATE utf8_unicode_ci NOT NULL,
  `remember_token` varchar(100) COLLATE utf8_unicode_ci NOT NULL,
  `created_at` timestamp NOT NULL DEFAULT '0000-00-00 00:00:00',
  `updated_at` timestamp NOT NULL DEFAULT '0000-00-00 00:00:00',
  PRIMARY KEY (`id`),
  KEY `usuarios_id_perfil_foreign` (`id_perfil`)
) ENGINE=InnoDB  DEFAULT CHARSET=utf8 COLLATE=utf8_unicode_ci AUTO_INCREMENT=2 ;

--
-- Volcado de datos para la tabla `usuarios`
--

INSERT INTO `usuarios` (`id`, `nombre`, `apellido`, `email`, `password`, `dni`, `id_perfil`, `username`, `remember_token`, `created_at`, `updated_at`) VALUES
(1, '', '', '', '$2y$10$1P7PTi8D5OQ.kGFrrSthpeOaqSgKSj6vMpQihlZAlEud6SqZoJVtO', 0, 1, 'test', '', '0000-00-00 00:00:00', '0000-00-00 00:00:00');

--
-- Restricciones para tablas volcadas
--

--
-- Filtros para la tabla `cursos_asignados`
--
ALTER TABLE `cursos_asignados`
  ADD CONSTRAINT `cursos_asignados_id_curso_foreign` FOREIGN KEY (`id_curso`) REFERENCES `cursos` (`id`) ON DELETE CASCADE,
  ADD CONSTRAINT `cursos_asignados_id_usuario_foreign` FOREIGN KEY (`id_usuario`) REFERENCES `usuarios` (`id`) ON DELETE CASCADE;

--
-- Filtros para la tabla `notas`
--
ALTER TABLE `notas`
  ADD CONSTRAINT `notas_id_curso_asignado_foreign` FOREIGN KEY (`id_curso_asignado`) REFERENCES `cursos_asignados` (`id`) ON DELETE CASCADE;

--
-- Filtros para la tabla `parte_presentismos`
--
ALTER TABLE `parte_presentismos`
  ADD CONSTRAINT `parte_presentismos_id_curso_asignado_foreign` FOREIGN KEY (`id_curso_asignado`) REFERENCES `cursos_asignados` (`id`) ON DELETE CASCADE;

--
-- Filtros para la tabla `usuarios`
--
ALTER TABLE `usuarios`
  ADD CONSTRAINT `usuarios_id_perfil_foreign` FOREIGN KEY (`id_perfil`) REFERENCES `perfiles` (`id`) ON DELETE CASCADE;
--
-- Base de datos: `custodias`
--

-- --------------------------------------------------------

--
-- Estructura de tabla para la tabla `custodias_y_consignas`
--

CREATE TABLE IF NOT EXISTS `custodias_y_consignas` (
  `id_custodia_consigna` int(10) unsigned NOT NULL AUTO_INCREMENT,
  `nro_causa` varchar(10) COLLATE utf8_unicode_ci NOT NULL,
  `fuerza_recibe` int(10) unsigned DEFAULT NULL,
  `nro_sumario` varchar(10) COLLATE utf8_unicode_ci NOT NULL,
  `autos` varchar(50) COLLATE utf8_unicode_ci NOT NULL,
  `nro_oficio` varchar(10) COLLATE utf8_unicode_ci NOT NULL,
  `fecha_oficio` date NOT NULL,
  `fecha_recepcion_oficio` date NOT NULL,
  `organo_requiriente` varchar(50) COLLATE utf8_unicode_ci NOT NULL,
  `desde` date NOT NULL,
  `hasta` date NOT NULL,
  `custodia` tinyint(1) NOT NULL,
  `consigna` tinyint(1) NOT NULL,
  `recorridas` tinyint(1) NOT NULL,
  `objetivo` varchar(255) COLLATE utf8_unicode_ci NOT NULL,
  `motivo` varchar(255) COLLATE utf8_unicode_ci NOT NULL,
  `capacidad_cumplimiento` varchar(255) COLLATE utf8_unicode_ci NOT NULL,
  `modificaciones_servicio` varchar(255) COLLATE utf8_unicode_ci NOT NULL,
  `autorizacion` tinyint(1) NOT NULL,
  `nota_a_la_fuerza` varchar(255) COLLATE utf8_unicode_ci NOT NULL,
  `nota_a_juzgado` varchar(255) COLLATE utf8_unicode_ci NOT NULL,
  `notas_varias` varchar(255) COLLATE utf8_unicode_ci NOT NULL,
  `observaciones` varchar(255) COLLATE utf8_unicode_ci NOT NULL,
  `oficio` tinyint(1) NOT NULL,
  `fuero_min_publicos` tinyint(1) NOT NULL,
  `justicia` tinyint(1) NOT NULL,
  `gna_cump` tinyint(1) NOT NULL,
  `gna_dep` int(10) unsigned DEFAULT NULL,
  `pfa_cump` tinyint(1) NOT NULL,
  `pfa_dep` int(10) unsigned DEFAULT NULL,
  `psa_cump` tinyint(1) NOT NULL,
  `psa_dep` int(10) unsigned DEFAULT NULL,
  `pna_cump` tinyint(1) NOT NULL,
  `boton_panico` tinyint(1) NOT NULL,
  `recibido_org_publico` tinyint(1) NOT NULL,
  `pna_dep` int(10) unsigned DEFAULT NULL,
  `id_usuario` int(10) unsigned NOT NULL,
  `organismo_publico` varchar(255) COLLATE utf8_unicode_ci NOT NULL,
  `nota_organismo_publico` varchar(255) COLLATE utf8_unicode_ci NOT NULL,
  `implantacion_custodia` varchar(255) COLLATE utf8_unicode_ci NOT NULL,
  `referendum` varchar(255) COLLATE utf8_unicode_ci NOT NULL,
  `fecha_organismo_publico` date NOT NULL,
  `fecha_desde_autorizada` date NOT NULL,
  `fecha_hasta_autorizada` date NOT NULL,
  `created_at` timestamp NOT NULL DEFAULT '0000-00-00 00:00:00',
  `updated_at` timestamp NOT NULL DEFAULT '0000-00-00 00:00:00',
  `estado` int(10) unsigned NOT NULL,
  `nota_a_fiscalia` varchar(255) COLLATE utf8_unicode_ci NOT NULL,
  PRIMARY KEY (`id_custodia_consigna`),
  KEY `custodias_y_consignas_fuerza_recibe_foreign` (`fuerza_recibe`),
  KEY `custodias_y_consignas_gna_dep_foreign` (`gna_dep`),
  KEY `custodias_y_consignas_pfa_dep_foreign` (`pfa_dep`),
  KEY `custodias_y_consignas_psa_dep_foreign` (`psa_dep`),
  KEY `custodias_y_consignas_pna_dep_foreign` (`pna_dep`),
  KEY `custodias_y_consignas_id_usuario_foreign` (`id_usuario`),
  KEY `custodias_y_consignas_estado_foreign` (`estado`)
) ENGINE=InnoDB DEFAULT CHARSET=utf8 COLLATE=utf8_unicode_ci AUTO_INCREMENT=1 ;

-- --------------------------------------------------------

--
-- Estructura de tabla para la tabla `dependencias`
--

CREATE TABLE IF NOT EXISTS `dependencias` (
  `id` int(10) unsigned NOT NULL AUTO_INCREMENT,
  `nombre` varchar(25) COLLATE utf8_unicode_ci NOT NULL,
  `ubicacion` varchar(120) COLLATE utf8_unicode_ci NOT NULL,
  `telefono` varchar(20) COLLATE utf8_unicode_ci NOT NULL,
  `fuerza` int(10) unsigned NOT NULL,
  `created_at` timestamp NOT NULL DEFAULT '0000-00-00 00:00:00',
  `updated_at` timestamp NOT NULL DEFAULT '0000-00-00 00:00:00',
  PRIMARY KEY (`id`),
  KEY `dependencias_fuerza_foreign` (`fuerza`)
) ENGINE=InnoDB  DEFAULT CHARSET=utf8 COLLATE=utf8_unicode_ci AUTO_INCREMENT=1619 ;

--
-- Volcado de datos para la tabla `dependencias`
--

INSERT INTO `dependencias` (`id`, `nombre`, `ubicacion`, `telefono`, `fuerza`, `created_at`, `updated_at`) VALUES
(1, 'Departamento GABINETE DE ', 'Moreno 1550, piso 1º, Of. 103 , C.A.B.A..', '4381-2315', 1, '2014-07-05 13:49:03', '2014-07-05 13:49:03'),
(2, 'División ANÁLISIS DE LA I', 'Moreno 1550, piso 1º, Of. 108 , C.A.B.A..', '4381-6487 / 4381-510', 1, '2014-07-05 13:49:03', '2014-07-05 13:49:03'),
(3, 'Secretaría de Control Leg', 'Moreno 1550, piso 1º, Of. 108, , C.A.B.A..', '4381-5031', 1, '2014-07-05 13:49:03', '2014-07-05 13:49:03'),
(4, 'SUBJEFATURA', 'Moreno 1550, piso 1° Oficina 137, C.A.B.A..', '4370-3139', 1, '2014-07-05 13:49:03', '2014-07-05 13:49:03'),
(5, 'Departamento AYUDANTÍA DE', 'Moreno 1550, piso 1° Oficina 134, C.A.B.A..', '4381-3440', 1, '2014-07-05 13:49:03', '2014-07-05 13:49:03'),
(6, 'Sección DESPACHO', 'Moreno 1550, piso 1° Oficina 134, C.A.B.A..', '4346-5797', 1, '2014-07-05 13:49:03', '2014-07-05 13:49:03'),
(7, 'Sección ADMINISTRACIÓN ', 'Moreno 1550, piso 1° Oficina 134  Entrepiso, C.A.B.A..', '4370-5898', 1, '2014-07-05 13:49:03', '2014-07-05 13:49:03'),
(8, 'Sección GESTIÓN de la INF', 'Moreno 1550, piso 1° Oficina 132 Entrepiso, C.A.B.A..', '4381-7404', 1, '2014-07-05 13:49:03', '2014-07-05 13:49:03'),
(9, 'Sección SITUACIÓN Y ANÁLI', 'Moreno 1550, piso 1° Oficina 132, C.A.B.A..', 'T.O. 1635', 1, '2014-07-05 13:49:03', '2014-07-05 13:49:03'),
(10, 'Sección OPERACIONES', 'Moreno 1550, piso 1° Oficina 126, C.A.B.A..', 'T.O. 1270', 1, '2014-07-05 13:49:03', '2014-07-05 13:49:03'),
(11, 'Departamento CUERPO FEDER', 'Tte. de Fta. Benjamin Lavaisse 1600- Isla Demarchi, C.A.B.A..', '4361-0097 / 4361-142', 1, '2014-07-05 13:49:03', '2014-07-05 13:49:03'),
(12, 'División OPERACIONES AÉRE', 'Tte. de Fta. Benjamin Lavaisse 1600- Isla Demarchi, C.A.B.A.. ', '4361-6395 / 4361-142', 1, '2014-07-05 13:49:03', '2014-07-05 13:49:03'),
(13, 'División MANTENIMIENTO AE', 'Tte. de Fta. Benjamin Lavaisse 1600- Isla Demarchi, C.A.B.A.. ', '4307-0653', 1, '2014-07-05 13:49:03', '2014-07-05 13:49:03'),
(14, 'División ESCUADRÓN DE AVI', 'Tte. B. Matienzo y Gral. Galán -Palomar PBA, C.A.B.A..', '4758-693376940', 1, '2014-07-05 13:49:03', '2014-07-05 13:49:03'),
(15, 'Sección ESCUELA FEDERAL D', 'Tte. de Fta. Benjamin Lavaisse 1600- Isla Demarchi, C.A.B.A.. ', '4361-1423 Int. 124 -', 1, '2014-07-05 13:49:03', '2014-07-05 13:49:03'),
(16, 'División CUSTODIA PRESIDE', 'Balcarce 50, piso 2°, C.A.B.A..', '4344-3637', 1, '2014-07-05 13:49:03', '2014-07-05 13:49:03'),
(17, 'División CUSTODIA VICEPRE', 'Alsina 1825, piso 6°, C.A.B.A..', '4010-5765', 1, '2014-07-05 13:49:03', '2014-07-05 13:49:03'),
(18, 'Sección COORDINACIÓN LEGI', 'Alsina 1825, piso 6°, C.A.B.A..', '4010-5765', 1, '2014-07-05 13:49:03', '2014-07-05 13:49:03'),
(19, 'CLERO POLICIAL', 'Moreno 1550, piso 2º Of. 242/243, C.A.B.A..', '4370-5936', 1, '2014-07-05 13:49:03', '2014-07-05 13:49:03'),
(20, 'EDITORIAL POLICIAL', 'Cochabamba 2675, C.A.B.A..', '4963-6095', 1, '2014-07-05 13:49:03', '2014-07-05 13:49:03'),
(21, 'Sala de COMISARIOS GENERA', 'Moreno 1550 -Ala Virrey Ceballos piso 4° Oficinas 450/451 Cap. Fed.', '4383-3920', 1, '2014-07-05 13:49:03', '2014-07-05 13:49:03'),
(22, 'Sala de COMISARIOS MAYORE', 'Luis Sáenz Peña 375 PB., C.A.B.A..', '4370-6685', 1, '2014-07-05 13:49:03', '2014-07-05 13:49:03'),
(23, 'Superintendencia de PLANI', 'Moreno 1550, 2° Of.. 206 , C.A.B.A..', '4370-5982/5975 / T.O', 1, '2014-07-05 13:49:03', '2014-07-05 13:49:03'),
(24, 'División DESPACHO', 'Moreno 1550 2° Of.. 209 , C.A.B.A..', '4370-5879 T.O: 2396 ', 1, '2014-07-05 13:49:03', '2014-07-05 13:49:03'),
(25, 'Sección INTENDENCIA', 'Moreno 1550 2° Of.. 209 , C.A.B.A..', 'T.O: 2519', 1, '2014-07-05 13:49:03', '2014-07-05 13:49:03'),
(26, 'Dirección General MEDIOS ', 'Moreno 1550 2° Of. 262 , C.A.B.A..', '4370-5979/5990', 1, '2014-07-05 13:49:03', '2014-07-05 13:49:03'),
(27, 'Departamento COMUNICACIÓN', 'Moreno 1550 2° Of.. 159 , C.A.B.A..', '4370-6677', 1, '2014-07-05 13:49:03', '2014-07-05 13:49:03'),
(28, 'División PRENSA', 'Cevallos 362 2° Of.. 252 , C.A.B.A..', '4370-5953', 1, '2014-07-05 13:49:03', '2014-07-05 13:49:03'),
(29, 'Sección DESARROLLO INFORM', 'Cevallos 362 2° Of.. 252 , C.A.B.A..', '4346-7000 INTERNO 27', 1, '2014-07-05 13:49:03', '2014-07-05 13:49:03'),
(30, 'División PREVENCIÓN SOCIA', 'Moreno 1550 2° Of.. 251 , C.A.B.A..', '4370-5959', 1, '2014-07-05 13:49:03', '2014-07-05 13:49:03'),
(31, 'División ARTE CREATIVO PO', 'Lavalle 2629 1° , C.A.B.A.', '4962-3713', 1, '2014-07-05 13:49:03', '2014-07-05 13:49:03'),
(32, 'División MEDIOS Y CONTENI', 'Moreno 1550 2° Of.. 258, C.A.B.A.', '4346-7000 INTERNO 28', 1, '2014-07-05 13:49:03', '2014-07-05 13:49:03'),
(33, 'Sección GRAFICA Y WEB INS', 'Moreno 1550 2° Of..258, C.A.B.A.', '4346-7000 INTERNO 28', 1, '2014-07-05 13:49:03', '2014-07-05 13:49:03'),
(34, 'Sección LÍNEA FEDERAL TEL', 'Moreno 1550 2° Of..258, C.A.B.A.', '4346-7000 INTERNO 28', 1, '2014-07-05 13:49:03', '2014-07-05 13:49:03'),
(35, 'Sección L.R.L.  317 FM FE', 'Moreno 1550 2° Of..258, C.A.B.A.', '4370-5900', 1, '2014-07-05 13:49:03', '2014-07-05 13:49:03'),
(36, 'Dirección General PLANIFI', 'Moreno 1550, piso 1, ° Of. 139, C.A.B.A..', '4370-5939 / T.O. 307', 1, '2014-07-05 13:49:03', '2014-07-05 13:49:03'),
(37, 'Departamento CONTROL Y EJ', 'Moreno 1550, piso 1, ° Of. 130, C.A.B.A..', '4383-1897 / 5268-737', 1, '2014-07-05 13:49:03', '2014-07-05 13:49:03'),
(38, 'División ORGANIZACIÓN Y M', 'Moreno 1550, piso 1, ° Of. 130, C.A.B.A..', '4370-5947 / 4346-700', 1, '2014-07-05 13:49:03', '2014-07-05 13:49:03'),
(39, 'Sección LEGISLACIÓN', 'Moreno 1550, piso 1, ° Of. 130, C.A.B.A..', '4370-5927 / 4346-700', 1, '2014-07-05 13:49:03', '2014-07-05 13:49:03'),
(40, 'Sección SEGUIMIENTO DE CO', 'Moreno 1550, piso 1, ° Of. 130, C.A.B.A..', '4381-5577 / 4346-700', 1, '2014-07-05 13:49:03', '2014-07-05 13:49:03'),
(41, 'Departamento RECURSOS HUM', 'Moreno 1550, piso 1, ° Of. 264, C.A.B.A..', '4370-5935 / T.O.2612', 1, '2014-07-05 13:49:03', '2014-07-05 13:49:03'),
(42, 'División BIENES Y FINANZA', 'Moreno 1550, piso 1, ° Of. 125, C.A.B.A..', '4370-5834 / T.O. 185', 1, '2014-07-05 13:49:03', '2014-07-05 13:49:03'),
(43, 'División POLÍTICAS DE PER', 'Moreno 1550, piso 2, ° Of. 209, C.A.B.A..', '4346-5704 / T.O. 570', 1, '2014-07-05 13:49:03', '2014-07-05 13:49:03'),
(44, 'Sección PROGRAMACIÓN EDUC', 'Moreno 1550, piso 1, ° Of. 130, C.A.B.A..', 'T.O. 1258', 1, '2014-07-05 13:49:03', '2014-07-05 13:49:03'),
(45, 'Departamento RELACIONES C', 'Moreno 1550, piso 1, ° Of. 264, C.A.B.A..', '4384-1116 / T.O. 183', 1, '2014-07-05 13:49:03', '2014-07-05 13:49:03'),
(46, 'División INTERCAMBIO', 'Moreno 1550, piso 1, ° Of. 125, C.A.B.A..', '4370-5928 / T.O. 592', 1, '2014-07-05 13:49:03', '2014-07-05 13:49:03'),
(47, 'División INFORMES Y PARTI', 'Moreno 1550, piso 1, ° Of. 325 y 326, C.A.B.A..', 'T.O.1672 / T.O.1434 ', 1, '2014-07-05 13:49:03', '2014-07-05 13:49:03'),
(48, 'Dirección General de SECR', 'Moreno 1550, piso 1º, Of. 140, C.A.B.A.', '4346-7010', 1, '2014-07-05 13:49:03', '2014-07-05 13:49:03'),
(49, 'Departamento PROTOCOLO, R', 'Moreno 1550, piso 2º, Of. 266, C.A.B.A.', '4370-5957 / T.O.3875', 1, '2014-07-05 13:49:03', '2014-07-05 13:49:03'),
(50, 'División MESA GENERAL DE ', 'Moreno 1550, Of. 32, C.A.B.A.', '4346-5772 / 4370-494', 1, '2014-07-05 13:49:03', '2014-07-05 13:49:03'),
(51, 'Sección ARCHIVO GENERAL', 'Cochabamba 2673/2675, C.A.B.A. ', '4370-4945 / 4346-577', 1, '2014-07-05 13:49:03', '2014-07-05 13:49:03'),
(52, 'División RELACIONES PÚBLI', 'Moreno 1550, piso 1º, Of. 141, C.A.B.A.', '4370-5954 / T.O. 109', 1, '2014-07-05 13:49:03', '2014-07-05 13:49:03'),
(53, 'División ORDEN DEL DÍA ', 'Moreno 1550, piso 2º, Of. 235, C.A.B.A.', '4370-5952 / T.O. 133', 1, '2014-07-05 13:49:03', '2014-07-05 13:49:03'),
(54, 'División MUSEO E INVESTIG', 'San Martín 353, piso 7º, C.A.B.A.', '4394-6857 / T.O. 141', 1, '2014-07-05 13:49:03', '2014-07-05 13:49:03'),
(55, 'CENTRO DE ESTUDIOS HISTÓR', 'Lavalle 2629 1° , C.A.B.A.', '4932-4345 / T.O. 171', 1, '2014-07-05 13:49:03', '2014-07-05 13:49:03'),
(56, 'Departamento AGRUPACIÓN S', 'AV. Montes de Oca 867, piso 1º, C.A.B.A.', '4301-5822 / 4301-877', 1, '2014-07-05 13:49:03', '2014-07-05 13:49:03'),
(57, 'Superintendencia FEDERAL ', 'Av. BELGRANO 1547 (C1093AAD) - C.A.B.A..', '4370-5851', 1, '2014-07-05 13:49:03', '2014-07-05 13:49:03'),
(58, 'División DESPACHO', 'Belgrano 1547 (C1093AAD) - C.A.B.A..', '4370-5852 / 4370-585', 1, '2014-07-05 13:49:03', '2014-07-05 13:49:03'),
(59, 'Departamento LOGÍSTICA', 'Av. BELGRANO 1547 (C1093AAD) - C.A.B.A..', '4370-5854', 1, '2014-07-05 13:49:03', '2014-07-05 13:49:03'),
(60, 'División CENTRAL DE ALARM', 'Av. BELGRANO 1547 (C1093AAD) - C.A.B.A..', '5268-7393', 1, '2014-07-05 13:49:03', '2014-07-05 13:49:03'),
(61, 'División MANTENIMIENTO Y ', 'ARTILLEROS 2051 (C1428AUE) - C.A.B.A..', '4788-9212 / 4782-126', 1, '2014-07-05 13:49:03', '2014-07-05 13:49:03'),
(62, 'Sección SERVICIOS ESPECIA', 'ARTILLEROS 2051 (C1428AUE) - C.A.B.A..', '4788-9212 / 4782-126', 1, '2014-07-05 13:49:03', '2014-07-05 13:49:03'),
(63, 'División ESCUELA DE ESPEC', 'Av. Francisco FERNÁNDEZ DE LA CRUZ y CAFAYATE (C1439HAV) - C.A.B.A..', '4604-0110 / 4604-076', 1, '2014-07-05 13:49:03', '2014-07-05 13:49:03'),
(64, 'Sección TRANSPORTE FORENS', 'EL SALVADOR 4864 (C1414BPN) - C.A.B.A..', '4834-6060', 1, '2014-07-05 13:49:03', '2014-07-05 13:49:03'),
(65, 'Sección RACIONAMIENTO', 'Av. BELGRANO 1547 (C1093AAD) - C.A.B.A..', '4370-5855', 1, '2014-07-05 13:49:03', '2014-07-05 13:49:03'),
(66, 'Departamento COORDINACIÓN', 'Av. BELGRANO 1547 (C1093AAD) - C.A.B.A..', '4370-3787 / 4370-584', 1, '2014-07-05 13:49:03', '2014-07-05 13:49:03'),
(67, 'División PROTECCIÓN AMBIE', 'Manuel PORCEL DE PERALTA 750 (C1408CBJ) - C.A.B.A..', '4644-2792', 1, '2014-07-05 13:49:03', '2014-07-05 13:49:03'),
(68, 'Sección SEGURIDAD RADIOLÓ', 'Manuel PORCEL DE PERALTA 750 (C1408CBJ) - C.A.B.A..', '4644-2768/92/95', 1, '2014-07-05 13:49:03', '2014-07-05 13:49:03'),
(69, 'Sección EMERGENCIAS AMBIE', 'Manuel PORCEL DE PERALTA 750 (C1408CBJ) - C.A.B.A..', '4644-2768', 1, '2014-07-05 13:49:03', '2014-07-05 13:49:03'),
(70, 'División BRIGADA ESPECIAL', 'RIGLOS 959 (C1424AFS) - C.A.B.A..', '4925-6309', 1, '2014-07-05 13:49:03', '2014-07-05 13:49:03'),
(71, 'Sección G.E.R.. "CABALLIT', 'RIGLOS 959 (C1424AFS) - C.A.B.A..', '4921-2222/2737', 1, '2014-07-05 13:49:03', '2014-07-05 13:49:03'),
(72, 'Sección G.E.R. "SAAVEDRA"', 'Gregorio JARAMILLO 3551 (C1430AGC) - C.A.B.A..', '4542-2222', 1, '2014-07-05 13:49:03', '2014-07-05 13:49:03'),
(73, 'Sección RIESGO FORESTAL "', 'José Enrique RODÓ 4470 (C1407HDR) - C.A.B.A..', '4671-2222', 1, '2014-07-05 13:49:03', '2014-07-05 13:49:03'),
(74, 'División DEFENSA CIVIL', 'Manuel PORCEL DE PERALTA 750, 3º Piso (C1408CBJ) - C.A.B.A..', '4643-2569/70', 1, '2014-07-05 13:49:03', '2014-07-05 13:49:03'),
(75, 'Dirección General de PROT', 'Av. BELGRANO 1547 (C1093AAD) - C.A.B.A..', '4370-5811/5995', 1, '2014-07-05 13:49:03', '2014-07-05 13:49:03'),
(76, 'Departamento ZONA I', 'Av. CASEROS 2849, 1º Piso (C1264AAI) - C.A.B.A..', '4943-2324', 1, '2014-07-05 13:49:03', '2014-07-05 13:49:03'),
(77, 'División CUARTEL I "CORON', 'Av. BELGRANO 1547 (C1093AAD) - C.A.B.A..', '4370-5858/57 / 4383-', 1, '2014-07-05 13:49:03', '2014-07-05 13:49:03'),
(78, 'División CUARTEL II "PATR', 'Av. CASEROS 2849, 1º Piso (C1264AAI) - C.A.B.A..', '4943-2222/4720 / 494', 1, '2014-07-05 13:49:03', '2014-07-05 13:49:03'),
(79, 'Sección DESTACAMENTO "POM', 'Av. SÁENZ 1475 (C1437DOG) - C.A.B.A..', '4911-4852', 1, '2014-07-05 13:49:03', '2014-07-05 13:49:03'),
(80, 'División CUARTEL III "BAR', 'BRANDSEN 1046 (C1061ABD) - C.A.B.A.. ', '4301-4549/2222 / 430', 1, '2014-07-05 13:49:03', '2014-07-05 13:49:03'),
(81, 'Sección DESTACAMENTO "LA ', 'Almirante BROWN y Pedro de MENDOZA (1061) - C.A.B.A..', '4301-2121', 1, '2014-07-05 13:49:03', '2014-07-05 13:49:03'),
(82, 'Departamento ZONA II', 'LAPRIDA 1739 (C1425EKO) - C.A.B.A..', '4822-2805', 1, '2014-07-05 13:49:03', '2014-07-05 13:49:03'),
(83, 'División CUARTEL IV "RECO', 'LAPRIDA 1739 (C1425EKO) - C.A.B.A..', '4826-4375/76/2222 / ', 1, '2014-07-05 13:49:03', '2014-07-05 13:49:03'),
(84, 'Sección DESTACAMENTO "ONC', 'Tte. Gral.: PERÓN 2930 - C.A.B.A..', '4863-1144', 1, '2014-07-05 13:49:03', '2014-07-05 13:49:03'),
(85, 'Sección "RETIRO"', 'Terminal de Ómnibus de Retiro', '4313-7343', 1, '2014-07-05 13:49:03', '2014-07-05 13:49:03'),
(86, 'División CUARTEL V "BELGR', 'VUELTA DE OBLIGADO 2254 (C1428ADJ) - C.A.B.A..', '4783-0820/2222 / 478', 1, '2014-07-05 13:49:03', '2014-07-05 13:49:03'),
(87, 'Sección DESTACAMENTO "VIL', 'OLAZÁBAL 5446 (C1431CGX) - C.A.B.A..', '4521-2222', 1, '2014-07-05 13:49:03', '2014-07-05 13:49:03'),
(88, 'División CUARTEL VI "VILL', 'Av. CORRIENTES 5340 (C1414AJT) - C.A.B.A..', '4854-8871/2222', 1, '2014-07-05 13:49:03', '2014-07-05 13:49:03'),
(89, 'Sección DESTACAMENTO "PAL', 'GUATEMALA 5966 (C1425BVP) - C.A.B.A..', '4772-2222', 1, '2014-07-05 13:49:03', '2014-07-05 13:49:03'),
(90, 'Departamento ZONA III', 'Ramón L. FALCÓN 2255, 1º Piso (C1406GNS) - C.A.B.A..', '4631-4823', 1, '2014-07-05 13:49:03', '2014-07-05 13:49:03'),
(91, 'División CUARTEL VII "FLO', 'Ramón L. FALCÓN 2255 (C1406GNS) - C.A.B.A..', '4632-3747/2222', 1, '2014-07-05 13:49:03', '2014-07-05 13:49:03'),
(92, 'División CUARTEL VIII "NU', 'Lisandro De La TORRE 2830 (C1440EDQ) - C.A.B.A..', '4687-8743/2222', 1, '2014-07-05 13:49:03', '2014-07-05 13:49:03'),
(93, 'División CUARTEL IX "VERS', 'Manuel PORCEL DE PERALTA 750 (C1408CBJ) - C.A.B.A..', '4641-0326/2222', 1, '2014-07-05 13:49:03', '2014-07-05 13:49:03'),
(94, 'Sección DESTACAMENTO "VIL', 'José CUBAS 4142 (C1419GOH) - C.A.B.A..', '4501-5604/2222', 1, '2014-07-05 13:49:03', '2014-07-05 13:49:03'),
(95, 'División CUARTEL X "LUGAN', 'ANA DÍAZ y CAFAYATE (C1439HAV) - C.A.B.A..', '4605-4242', 1, '2014-07-05 13:49:03', '2014-07-05 13:49:03'),
(96, 'División CUARTEL XI "ALBA', 'SANTANDER Nº 5955', '4601-8801/8954', 1, '2014-07-05 13:49:03', '2014-07-05 13:49:03'),
(97, 'Dirección General de PROT', 'Av. BELGRANO 1547 (C1093AAD) - C.A.B.A..', '4370-5860', 1, '2014-07-05 13:49:03', '2014-07-05 13:49:03'),
(98, 'Departamento AEROPUERTOS ', 'Av. ESPAÑA s/n, ISLA DEMARCHI (1107) - C.A.B.A..', '4361-8047', 1, '2014-07-05 13:49:03', '2014-07-05 13:49:03'),
(99, 'División CUARTEL AEROPUER', ' EZEIZA Pcia. de BUENOS AIRES', '4480-0519/0521', 1, '2014-07-05 13:49:03', '2014-07-05 13:49:03'),
(100, 'División CUARTEL AEROPARQ', 'Av. LUGONES INT. SARMIENTO', '4772-5555 / 4773-738', 1, '2014-07-05 13:49:03', '2014-07-05 13:49:03'),
(101, 'División CUARTEL AERÓDROM', 'Ruta Nº 8 y Puerta 4, Campo de Mayo (Bella Vista), Prov. Bs. As.', '4666-1527', 1, '2014-07-05 13:49:03', '2014-07-05 13:49:03'),
(102, 'División CUARTEL "ISLA DE', 'Av. ESPAÑA s/n, ISLA DEMARCHI (1107) - C.A.B.A..', '4361-8349', 1, '2014-07-05 13:49:03', '2014-07-05 13:49:03'),
(103, 'División CUARTEL AERÓDROM', 'Itacumbú y Av. Tte. B. Matienzo, El Palomar, Prov. Bs. As.', '4751-8090', 1, '2014-07-05 13:49:03', '2014-07-05 13:49:03'),
(104, 'División CUARTEL AEROPUER', 'Ruta 202 y Acceso Tigre (Ruta Panamericana), San Fernando, Prov. Bs. As.', '4714-5444', 1, '2014-07-05 13:49:03', '2014-07-05 13:49:03'),
(105, 'Departamento AEROPUERTOS ', 'Av. ESPAÑA s/n, ISLA DEMARCHI (1107) - C.A.B.A..', '4300-4036 / 4361-804', 1, '2014-07-05 13:49:03', '2014-07-05 13:49:03'),
(106, 'División CUARTEL BASE AER', 'BAHÍA BLANCA Pcia. de DE BUENOS AIRES', '02914-812-290', 1, '2014-07-05 13:49:03', '2014-07-05 13:49:03'),
(107, 'División CUARTEL BASE AER', 'TRELEW, Pcia. De CHUBUT', '02965-435-434', 1, '2014-07-05 13:49:03', '2014-07-05 13:49:03'),
(108, 'División CUARTEL AEROPUER', 'RÍO GALLEGOS, Pcia. De SANTA CRUZ', '02966-442-418/455 / ', 1, '2014-07-05 13:49:03', '2014-07-05 13:49:03'),
(109, 'División CUARTEL AEROPUER', 'SAN CARLOS DE BARILOCHE, Pcia. De RÍO NEGRO', '02944-432-333', 1, '2014-07-05 13:49:03', '2014-07-05 13:49:03'),
(110, 'Sección CENTRO ATÓMICO BA', 'Av. BUSTILLO KM. 9,500  San Carlos de Bariloche, provincia de RÍO NEGRO.', '02944-461-407', 1, '2014-07-05 13:49:03', '2014-07-05 13:49:03'),
(111, 'División CUARTEL AEROPUER', 'CATARATAS DEL IGUAZÚ, Pcia. De MISIONES', '03757-420-433', 1, '2014-07-05 13:49:03', '2014-07-05 13:49:03'),
(112, 'División CUARTEL AEROPUER', 'USHUAIA, Pcia. De TIERRA DEL FUEGO', '02901-435-555', 1, '2014-07-05 13:49:03', '2014-07-05 13:49:03'),
(113, 'División CUARTEL AEROPUER', 'SAN MIGUEL DE TUCUMÁN, Pcia. De TUCUMÁN', '0381-451-1023', 1, '2014-07-05 13:49:03', '2014-07-05 13:49:03'),
(114, 'División CUARTEL AEROPUER', 'CALAFATE, Pcia. De SANTA CRUZ', '02902-491-220/230', 1, '2014-07-05 13:49:03', '2014-07-05 13:49:03'),
(115, 'Departamento SEGURIDAD CO', 'Av. BELGRANO 1547 (C1093AAD) - C.A.B.A..', '4370-5861', 1, '2014-07-05 13:49:03', '2014-07-05 13:49:03'),
(116, 'División OBJETIVOS ESPECI', 'BRANDSEN 1046 (C1061ABD) - C.A.B.A.. ', '4301-3095', 1, '2014-07-05 13:49:03', '2014-07-05 13:49:03'),
(117, 'División PREVENCIÓN', 'Av. BELGRANO 1547 (C1093AAD) - C.A.B.A..', '4370-5862', 1, '2014-07-05 13:49:03', '2014-07-05 13:49:03'),
(118, 'División INSPECCIONES', 'Avenida BELGRANO 1547 (C1093AAD) - C.A.B.A..', '4370-5864', 1, '2014-07-05 13:49:03', '2014-07-05 13:49:03'),
(119, 'División CAPACITACIÓN', 'José Enrique RODÓ 4476 (C1407HDR) - C.A.B.A..', '4683-4666/5349', 1, '2014-07-05 13:49:03', '2014-07-05 13:49:03'),
(120, 'Dirección General de EXPL', 'Avenida BELGRANO 1547 (C1093AAD) - C.A.B.A..', '4370-5865', 1, '2014-07-05 13:49:03', '2014-07-05 13:49:03'),
(121, 'Departamento BRIGADAS DE ', 'Av. BELGRANO 1547 (C1093AAD) - C.A.B.A..', '4370-5866', 1, '2014-07-05 13:49:03', '2014-07-05 13:49:03'),
(122, 'División OPERACIONES Y CO', 'Av. BELGRANO 1547 (C1093AAD) - C.A.B.A..', '4370-5867/68', 1, '2014-07-05 13:49:03', '2014-07-05 13:49:03'),
(123, 'División INVESTIGACIONES', 'Av. BELGRANO 1547 (C1093AAD) - C.A.B.A..', '4370-5869', 1, '2014-07-05 13:49:03', '2014-07-05 13:49:03'),
(124, 'División DETECCIÓN Y ADIE', 'Padre MUJICA s/n, Plazoleta "F", Retiro Norte (1104) - C.A.B.A..', '4807-0700', 1, '2014-07-05 13:49:03', '2014-07-05 13:49:03'),
(125, 'Departamento TÉCNICO INVE', 'Av. BELGRANO 1547 (C1093AAD) - C.A.B.A..', '4346-5763', 1, '2014-07-05 13:49:03', '2014-07-05 13:49:03'),
(126, 'División SINIESTROS', 'Av. BELGRANO 1547 (C1093AAD) - C.A.B.A..', '4346-5791', 1, '2014-07-05 13:49:03', '2014-07-05 13:49:03'),
(127, 'División COORDINACIÓN JUD', 'Av. BELGRANO 1547 (C1093AAD) - C.A.B.A..', '4346-5791', 1, '2014-07-05 13:49:03', '2014-07-05 13:49:03'),
(128, 'División ANÁLISIS E INFOR', 'Av. BELGRANO 1547 (C1093AAD) - C.A.B.A..', '4346-5796', 1, '2014-07-05 13:49:03', '2014-07-05 13:49:03'),
(129, 'División ENSAYOS Y ANÁLIS', 'RIGLOS 957 (C1424AFS) - C.A.B.A..', '4924-7661', 1, '2014-07-05 13:49:03', '2014-07-05 13:49:03'),
(130, 'Superintendencia de DROGA', 'Av. BELGRANO 1613 - C.A.B.A.., piso 4º', '4346-5731', 1, '2014-07-05 13:49:03', '2014-07-05 13:49:03'),
(131, 'División DESPACHO', 'Av. BELGRANO 1613 - C.A.B.A.., piso 4º', '4346-5733', 1, '2014-07-05 13:49:03', '2014-07-05 13:49:03'),
(132, 'División ANÁLISIS CRIMINA', 'Av. BELGRANO 1613 - C.A.B.A.., piso 5º', '4346-7000 Int. 1651', 1, '2014-07-05 13:49:03', '2014-07-05 13:49:03'),
(133, 'División RADIOCOMUNICACIO', 'Av. BELGRANO 1613 - C.A.B.A.., piso 10º', '4346-5728', 1, '2014-07-05 13:49:03', '2014-07-05 13:49:03'),
(134, 'Departamento TRÁFICO ILÍC', 'Av. BELGRANO 1613 - C.A.B.A.., piso 3º', '4346-7000 Int. 2501', 1, '2014-07-05 13:49:03', '2014-07-05 13:49:03'),
(135, 'División OPERACIONES FEDE', 'Av. BELGRANO 1613 - C.A.B.A.., piso 7º', '4346-5721', 1, '2014-07-05 13:49:03', '2014-07-05 13:49:03'),
(136, 'División OPERACIONES METR', 'Av. BELGRANO 1613 - C.A.B.A.., piso 8º', '4346-5723', 1, '2014-07-05 13:49:03', '2014-07-05 13:49:03'),
(137, 'Sección UNIDAD OPERATIVA ', 'Av. BELGRANO 1613 - C.A.B.A.., piso 8º', '4346-5723', 1, '2014-07-05 13:49:03', '2014-07-05 13:49:03'),
(138, 'Sección ALCAIDÍA', 'Av. BELGRANO 1627 - C.A.B.A.., PB..', '4346-5734', 1, '2014-07-05 13:49:03', '2014-07-05 13:49:03'),
(139, 'Sección SEGURIDAD ', 'Av. BELGRANO 1613 - C.A.B.A.., PB..', '4346-7000 Int. 1582', 1, '2014-07-05 13:49:04', '2014-07-05 13:49:04'),
(140, 'División PRECURSORES QUÍM', 'Av. BELGRANO 1613 - C.A.B.A.., piso 9º', '4346-5725', 1, '2014-07-05 13:49:04', '2014-07-05 13:49:04'),
(141, 'División CENTRAL NACIONAL', 'Av. BELGRANO 1613 - C.A.B.A.., piso 6º', '4346-5718', 1, '2014-07-05 13:49:04', '2014-07-05 13:49:04'),
(142, 'División PREVENCIÓN SOCIA', 'Av. BELGRANO 1613 - C.A.B.A.., piso 2º', '4346-5711', 1, '2014-07-05 13:49:04', '2014-07-05 13:49:04'),
(143, 'Sección CANES DETECTORES ', 'Av. Cnel. ROCA 3490 - C.A.B.A..', '4370-5994', 1, '2014-07-05 13:49:04', '2014-07-05 13:49:04'),
(144, 'Superintendencia de ASUNT', 'RIVADAVIA 1325 - C.A.B.A..', '43706649', 1, '2014-07-05 13:49:04', '2014-07-05 13:49:04'),
(145, 'División DESPACHO', 'RIVADAVIA 1325 - C.A.B.A..', '43706626', 1, '2014-07-05 13:49:04', '2014-07-05 13:49:04'),
(146, 'Dirección  General de INV', 'RIVADAVIA 1325 - C.A.B.A..', '43706649', 1, '2014-07-05 13:49:04', '2014-07-05 13:49:04'),
(147, 'Departamento INVESTIGACIO', 'RIVADAVIA 1325 - C.A.B.A..', '43706628', 1, '2014-07-05 13:49:04', '2014-07-05 13:49:04'),
(148, 'División OPERACIONES JUDI', 'RIVADAVIA 1325 - C.A.B.A..', '43706659', 1, '2014-07-05 13:49:04', '2014-07-05 13:49:04'),
(149, 'Sección PREVENCIONES JUDI', 'RIVADAVIA 1325 - C.A.B.A..', '43818040', 1, '2014-07-05 13:49:04', '2014-07-05 13:49:04'),
(150, 'Sección PESQUISAS JUDICIA', 'RIVADAVIA 1325 - C.A.B.A..', '43818040', 1, '2014-07-05 13:49:04', '2014-07-05 13:49:04'),
(151, 'Sección SISTEMAS Y APOYO ', 'RIVADAVIA 1325 - C.A.B.A..', '43818040', 1, '2014-07-05 13:49:04', '2014-07-05 13:49:04'),
(152, 'Departamento INVESTIGACIO', 'RIVADAVIA 1333, 1º PISO - C.A.B.A..', '43706657', 1, '2014-07-05 13:49:04', '2014-07-05 13:49:04'),
(153, 'División INVESTIGACIONES ', 'RIVADAVIA 1333, 1º PISO - C.A.B.A..', '43706657', 1, '2014-07-05 13:49:04', '2014-07-05 13:49:04'),
(154, 'División JUZGAMIENTO DEL ', 'RIVADAVIA 1333, 1º PISO - C.A.B.A..', '43706657', 1, '2014-07-05 13:49:04', '2014-07-05 13:49:04'),
(155, 'Departamento INVESTIGACIO', 'RIVADAVIA 1333, 2º PISO - C.A.B.A..', '43706657', 1, '2014-07-05 13:49:04', '2014-07-05 13:49:04'),
(156, 'División INTERIOR', 'RIVADAVIA 1333, 2º PISO - C.A.B.A..', '43706657', 1, '2014-07-05 13:49:04', '2014-07-05 13:49:04'),
(157, 'Sección NORTE', 'RIVADAVIA 1333, 3º PISO - C.A.B.A..', '43706657', 1, '2014-07-05 13:49:04', '2014-07-05 13:49:04'),
(158, 'Sección SUR', 'RIVADAVIA 1333, 3º PISO - C.A.B.A..', '43706657', 1, '2014-07-05 13:49:04', '2014-07-05 13:49:04'),
(159, 'Departamento CONTROL DE I', 'HORTIGUERA 104 - C.A.B.A..', '44313330', 1, '2014-07-05 13:49:04', '2014-07-05 13:49:04'),
(160, 'División SEGUIMIENTO DE L', 'HORTIGUERA 104 - C.A.B.A..', '44313330', 1, '2014-07-05 13:49:04', '2014-07-05 13:49:04'),
(161, 'Sección ADMINISTRACIÓN Y ', 'HORTIGUERA 104 - C.A.B.A..', '44313330', 1, '2014-07-05 13:49:04', '2014-07-05 13:49:04'),
(162, 'Sección ANÁLISIS Y CLASIF', 'HORTIGUERA 104 - C.A.B.A..', '44313330', 1, '2014-07-05 13:49:04', '2014-07-05 13:49:04'),
(163, 'Sección BRIGADAS', 'HORTIGUERA 104 - C.A.B.A..', '44313330', 1, '2014-07-05 13:49:04', '2014-07-05 13:49:04'),
(164, 'Superintendencia de PERSO', 'Moreno 1550, piso 1º, C.A.B.A.', '4370-5937/5938', 1, '2014-07-05 13:49:04', '2014-07-05 13:49:04'),
(165, 'Dirección General de INST', 'Rosario 532, 2° piso, C.A.B.A.', '4809-6150', 1, '2014-07-05 13:49:04', '2014-07-05 13:49:04'),
(166, 'Departamento ESCUELA SUPE', '', '', 1, '2014-07-05 13:49:04', '2014-07-05 13:49:04'),
(167, '"COMISARIO GENERAL ENRIQU', 'Rosario 532, 2°piso, C.A.B.A.', '4809-6151', 1, '2014-07-05 13:49:04', '2014-07-05 13:49:04'),
(168, 'Departamento ESCUELA DE C', '', '', 1, '2014-07-05 13:49:04', '2014-07-05 13:49:04'),
(169, 'Departamento ESCUELA FEDE', '', '', 1, '2014-07-05 13:49:04', '2014-07-05 13:49:04'),
(170, '"DON ENRIQUE O´GORMAN"', 'Punta Arenas 1201, C.A.B.A.', '4809-6127', 1, '2014-07-05 13:49:04', '2014-07-05 13:49:04'),
(171, 'Departamento ESCUELA DE I', ' Urquiza 556, C.A.B.A.', ' 4931-4855', 1, '2014-07-05 13:49:04', '2014-07-05 13:49:04'),
(172, 'División ESCUELA FEDERAL ', 'Guayaquil 539, C.A.B.A.', '4901-3734', 1, '2014-07-05 13:49:04', '2014-07-05 13:49:04'),
(173, 'División CENTRO DE ENTREN', 'Corvalán 3698, C.A.B.A.', '4630-7244', 1, '2014-07-05 13:49:04', '2014-07-05 13:49:04'),
(174, 'Dirección General de PERS', 'MORENO Nº 1550, 1º ENTREPISO, C.A.B.A.', '4370-6662/4381-5530 ', 1, '2014-07-05 13:49:04', '2014-07-05 13:49:04'),
(175, 'Departamento MOVIMIENTO D', 'MORENO Nº 1550, 2º PISO, OFICINA 219, C.A.B.A.', '4346-5701 Tel.Oficia', 1, '2014-07-05 13:49:04', '2014-07-05 13:49:04'),
(176, 'División PERSONAL SUPERIO', 'MORENO Nº 1550, 1º PISO, OFICINA 119, C.A.B.A..', '4370-5956 Tel. Ofici', 1, '2014-07-05 13:49:04', '2014-07-05 13:49:04'),
(177, 'División SUBOFICIALES Y A', 'MORENO Nº 1550, 2º PISO, OFICINA 201/205,C.A.B.A..', '4346-5782 Tel. Ofici', 1, '2014-07-05 13:49:04', '2014-07-05 13:49:04'),
(178, 'División AUXILIARES DE SE', 'MORENO Nº 1550, 2º PISO, OFICINA 238/240,C.A.B.A..', '4370-5962 Tel. Ofici', 1, '2014-07-05 13:49:04', '2014-07-05 13:49:04'),
(179, 'División EVALUACIÓN E ING', 'FRAY MAMERTO ESQUIU Nº 1065, C.A.B.A..', '4346-5769, 4918-0868', 1, '2014-07-05 13:49:04', '2014-07-05 13:49:04'),
(180, 'División INCORPORACIONES', 'BOLÍVAR Nº 1423, 1º PISO, C.A.B.A..', '4362-7083/4362-0056/', 1, '2014-07-05 13:49:04', '2014-07-05 13:49:04'),
(181, 'División RESERVAS', 'AV.BELGRANO Nº 1549,3º PISO, OFICINA 363, C.A.B.A..', '4370-6653 Tel. Ofici', 1, '2014-07-05 13:49:04', '2014-07-05 13:49:04'),
(182, 'División  RETIROS Y JUBIL', 'AV.BELGRANO Nº 1549,3º PISO, OFICINA 363, C.A.B.A..', '4370-5859 Tel.Oficia', 1, '2014-07-05 13:49:04', '2014-07-05 13:49:04'),
(183, 'División JUNTA PERMANENTE', 'AV. HORNOS Nº 768, C.A.B.A..', '4307-1012/4307-0956/', 1, '2014-07-05 13:49:04', '2014-07-05 13:49:04'),
(184, 'Superintendencia FEDERAL ', 'Moreno 1550, Ala Belgrano, Piso 5º Of. 571, C.A.B.A.', '4370-5809 / 4370-587', 1, '2014-07-05 13:49:04', '2014-07-05 13:49:04'),
(185, 'Comité de SEGURIDAD DE LA', 'Moreno 1550, Ala Belgrano Piso 5º Of. 565  ', '5268-7325 / T.O. 342', 1, '2014-07-05 13:49:04', '2014-07-05 13:49:04'),
(186, 'División DESPACHO - S.F.T', 'Av. Belgrano 1549, Piso 5º Of. 564, C.A.B.A..', '4370-5817 / 43705820', 1, '2014-07-05 13:49:04', '2014-07-05 13:49:04'),
(187, 'Sección ANÁLISIS LEGAL Y ', 'Moreno 1550, Piso 5º Of. 565, C.A.B.A..', '4370-5884 / 4370-588', 1, '2014-07-05 13:49:04', '2014-07-05 13:49:04'),
(188, 'Dirección General de TECN', 'Virrey Cevallos 362, Piso 3º Of. 350, C.A.B.A..', '4268-7373 / 4268-737', 1, '2014-07-05 13:49:04', '2014-07-05 13:49:04'),
(189, 'Dirección General de APLI', 'Moreno 1550, Ala Belgrano, Piso 5º Of. 570', '4370-5846 / T.O. 229', 1, '2014-07-05 13:49:04', '2014-07-05 13:49:04'),
(190, 'Departamento SISTEMAS', 'Virrey Cevallos 362, Piso 3º Of. 351, C.A.B.A..', '4370-5970 / 4370-597', 1, '2014-07-05 13:49:04', '2014-07-05 13:49:04'),
(191, 'División TELEPROCESOS', 'Moreno 1550, Ala Belgrano Piso 5º, C.A.B.A..', '4370-5813 / 4370-581', 1, '2014-07-05 13:49:04', '2014-07-05 13:49:04'),
(192, 'División TELEFÓNICA', 'Moreno 1550, Ala Belgrano Piso 5º, C.A.B.A..', '4370-5802 / 4370-589', 1, '2014-07-05 13:49:04', '2014-07-05 13:49:04'),
(193, 'División COMPUTACIÓN', 'Cevallos 362, Piso 3º Of. 355, C.A.B.A..', '4370-5826 / T.O. 252', 1, '2014-07-05 13:49:04', '2014-07-05 13:49:04'),
(194, 'División REDES', 'Av. Rivadavia 10.469, C.A.B.A..', '4370-5819 / 4641-599', 1, '2014-07-05 13:49:04', '2014-07-05 13:49:04'),
(195, 'Sección SERVICIOS TÉCNICO', 'Uspallata 3400, Piso 9º Complejo médico Churruca-Vizca, C.A.B.A..', '4909-4191 / 4909-410', 1, '2014-07-05 13:49:04', '2014-07-05 13:49:04'),
(196, 'Departamento TELECOMUNICA', 'Moreno 1550, Ala Belgrano Piso 2º Of. 267, C.A.B.A..', '4370-5841 / 4370-584', 1, '2014-07-05 13:49:04', '2014-07-05 13:49:04'),
(197, 'División CENTRO DE ENTREN', 'Moreno 1550, Ala Belgrano Piso 2º, Of. 269, C.A.B.A..', '4370-5810 / 4370-587', 1, '2014-07-05 13:49:04', '2014-07-05 13:49:04'),
(198, 'División ELECTROMEDICINA', 'Uspallata 3400, 1º Subsuelo - Complejo médico Churruca-Vizca, C.A.B.A..', '4909-4166 / 4909-422', 1, '2014-07-05 13:49:04', '2014-07-05 13:49:04'),
(199, 'División COMUNICACIONES N', 'Pedro León Gallo y Salta S/N, C.A.B.A..', '4669-5873 / 4669-589', 1, '2014-07-05 13:49:04', '2014-07-05 13:49:04'),
(200, 'División COMUNICACIONES J', 'Talcahuano 550, Piso 3º, Of. 3007, C.A.B.A..', '4372-8406 / 4370-584', 1, '2014-07-05 13:49:04', '2014-07-05 13:49:04'),
(201, 'Sección SEGURIDAD Y SERVI', 'Moreno 1550, Ala Belgrano Piso 5º, C.A.B.A..', '4370-5988 / 4370-583', 1, '2014-07-05 13:49:04', '2014-07-05 13:49:04'),
(202, 'Departamento SERVICIOS TÉ', 'Moreno 1550, Ala Belgrano Piso 2º Of. 268, C.A.B.A..', '4370-5832 / 5268-733', 1, '2014-07-05 13:49:04', '2014-07-05 13:49:04'),
(203, 'División ALARMAS', 'Moreno 1550, Ala Belgrano Piso 5º Of. 558, C.A.B.A.. ', '4370-5833 / 4370-250', 1, '2014-07-05 13:49:04', '2014-07-05 13:49:04'),
(204, 'División ENLACES TRONCALI', 'Cevallos 362, Piso 6º Terraza, C.A.B.A..', '4370-5815 / 4370-205', 1, '2014-07-05 13:49:04', '2014-07-05 13:49:04'),
(205, 'División COMUNICACIONES C', 'Pasaje Olegario Andrade Nº 377, C.A.B.A..', '4631-7156 / T.O.1774', 1, '2014-07-05 13:49:04', '2014-07-05 13:49:04'),
(206, 'Dirección General de OPER', 'Av. Belgrano 1549, Piso 4º, Of. 472, C.A.B.A..', '4370-5844 / 4370-587', 1, '2014-07-05 13:49:04', '2014-07-05 13:49:04'),
(207, 'Departamento VIDEO OPERAT', 'Moreno 1550, Ala Belgrano Piso 4º Of 464, C.A.B.A..', '4370-5930 / 4370-594', 1, '2014-07-05 13:49:04', '2014-07-05 13:49:04'),
(208, 'División CENTRAL OPERATIV', 'Moreno 1550, Ala Belgrano Piso 4º, Of. 470', '4370-5824 / 4370-582', 1, '2014-07-05 13:49:04', '2014-07-05 13:49:04'),
(209, 'División EXTERIORES DE VI', 'Moreno 1550, Ala Belgrano Piso 4º Of 462 y 466', '4370-5919 / 4370-599', 1, '2014-07-05 13:49:04', '2014-07-05 13:49:04'),
(210, 'División DESARROLLO TÉCNI', 'Moreno 1550, Ala Belgrano Piso 4º Of 465, C.A.B.A..', '4370-5843 / T.O. 133', 1, '2014-07-05 13:49:04', '2014-07-05 13:49:04'),
(211, 'Sección VIDEO Y COMUNICAC', 'Benjamín Lavaisse 1600, C.A.B.A..', '4300-4395 / T.O. 130', 1, '2014-07-05 13:49:04', '2014-07-05 13:49:04'),
(212, 'Departamento TÉCNICO OPER', 'Moreno 1550, Ala Belgrano Piso 4º Of. 473, C.A.B.A..', '4370-5837 / T.O. 246', 1, '2014-07-05 13:49:04', '2014-07-05 13:49:04'),
(213, 'División SERVICIOS AUDIOV', 'Moreno 1550, Piso 2º E/P Of, 234, C.A.B.A..', '4370-5842 / T.O. 615', 1, '2014-07-05 13:49:04', '2014-07-05 13:49:04'),
(214, 'División OPERACIONES TÉCN', 'Olegario  Andrade Nº 377, C.A.B.A..', '4632-2091 / 4370-582', 1, '2014-07-05 13:49:04', '2014-07-05 13:49:04'),
(215, 'División APOYO TECNOLÓGIC', 'Moreno 1550, Ala Belgrano piso 6º, C.A.B.A..', '4370-5827 / 4370-582', 1, '2014-07-05 13:49:04', '2014-07-05 13:49:04'),
(216, 'Dirección General de INTE', 'Av. Caseros 915, Piso 2º,  C.A.B.A.. ', 'Jefe 4307-5437 / Sec', 1, '2014-07-05 13:49:04', '2014-07-05 13:49:04'),
(217, 'División  DESPACHO', 'Av. Caseros 915, Piso 2º, C.A.B.A..', 'Jefe Tel.: 4300-9697', 1, '2014-07-05 13:49:04', '2014-07-05 13:49:04'),
(218, 'Departamento INFORMACIÓN ', 'Av. Caseros 915, Piso 2º, C.A.B.A.. ', 'Jefe Tel.: 4307-8345', 1, '2014-07-05 13:49:04', '2014-07-05 13:49:04'),
(219, 'División RECURSOS HUMANOS', 'Av. Caseros 915 2º CABA ', 'Tel.: 4307-5014', 1, '2014-07-05 13:49:04', '2014-07-05 13:49:04'),
(220, 'Sección ADMINISTRACIÓN', 'Av. Caseros 915, Piso 1º,  C.A.B.A..', 'Jefe Tel.: 4300-2890', 1, '2014-07-05 13:49:04', '2014-07-05 13:49:04'),
(221, 'Sección PERSONAL', 'Av. Caseros 915, Piso 1º, C.A.B.A..', 'Administración Tel.:', 1, '2014-07-05 13:49:04', '2014-07-05 13:49:04'),
(222, 'Sección OBRA SOCIAL', 'Av. Caseros 915, C.A.B.A..', 'Telefax:4363-0001', 1, '2014-07-05 13:49:04', '2014-07-05 13:49:04'),
(223, 'División ANÁLISIS DE INTE', 'Moreno 1550, Piso 1º, Of.127 y 128, C.A.B.A.', 'Tel.: 4370-5946', 1, '2014-07-05 13:49:04', '2014-07-05 13:49:04'),
(224, 'Sección ESTADÍSTICA', 'Moreno 1550, Piso 1º, Of.129, C.A.B.A.', 'Tel.: 4370-5931', 1, '2014-07-05 13:49:04', '2014-07-05 13:49:04'),
(225, 'Sección ANÁLISIS', 'Moreno 1550, Piso 1º, Of. 129, C.A.B.A.', 'Tel.: 4370-5596', 1, '2014-07-05 13:49:04', '2014-07-05 13:49:04'),
(226, 'Departamento INTELIGENCIA', 'Catamarca 1272, C.A.B.A.', 'Tel.5278-9800 Intern', 1, '2014-07-05 13:49:04', '2014-07-05 13:49:04'),
(227, 'Dirección General de COOR', 'Cavia 3350, Piso 2º,, C.A.B.A.', '(11) 4346-5751 / 434', 1, '2014-07-05 13:49:04', '2014-07-05 13:49:04'),
(228, 'DIVISIÓN DESPACHO', 'Cavia 3350, Piso 2º , CABA (C1425DDJ)', '(11) 4809-6154', 1, '2014-07-05 13:49:04', '2014-07-05 13:49:04'),
(229, 'División TELECOMUNICACION', 'Cavia 3350, Piso 2º , CABA (C1425DDJ)', '(011) 4346-5761 / 43', 1, '2014-07-05 13:49:04', '2014-07-05 13:49:04'),
(230, 'Departamento INTERPOL', 'Cavia 3350, Piso 2º , CABA (C1425DDJ)', '(11) 4346-5785 / 480', 1, '2014-07-05 13:49:04', '2014-07-05 13:49:04'),
(231, 'Sección INVESTIGACIÓN FED', 'Cavia 3350, Piso 2º , CABA (C1425DDJ)', '(11) 4346-5764 / 434', 1, '2014-07-05 13:49:04', '2014-07-05 13:49:04'),
(232, 'División MERCOSUR', 'Cavia 3350, Piso 2º , CABA (C1425DDJ)', '(011) 4370-5700 (Int', 1, '2014-07-05 13:49:04', '2014-07-05 13:49:04'),
(233, 'División ASUNTOS INTERNAC', 'Cavia 3350, Piso 2º , CABA (C1425DDJ)', '(11) 4370-5814 / 480', 1, '2014-07-05 13:49:04', '2014-07-05 13:49:04'),
(234, 'Sección EXTRADICIONES', 'Cavia 3350, Piso 2º , CABA (C1425DDJ)', '(011) 4370-5983 / 43', 1, '2014-07-05 13:49:04', '2014-07-05 13:49:04'),
(235, 'Sección CENTRO NACIONAL D', 'Cavia 3350, Piso 2º , CABA (C1425DDJ)', '(11) 4346-5750 / 434', 1, '2014-07-05 13:49:04', '2014-07-05 13:49:04'),
(236, 'División PREVENCIÓN DELIC', 'Cavia 3350, Piso 2º , CABA (C1425DDJ)', '(11) 4346-5753 / 437', 1, '2014-07-05 13:49:04', '2014-07-05 13:49:04'),
(237, 'Sección AEROPUERTOS', 'Autopista Tte. Gral. Ricchieri Km. 33,5  Aeropuerto Internacional Ministro Pistarini, Ezeiza (C1804)', '(11) 4480-0640 / 548', 1, '2014-07-05 13:49:04', '2014-07-05 13:49:04'),
(238, 'Sección PUERTOS', 'Av. Antártida Argentina y Calle 10, Puente 3,  Subsuelo, CABA (C1104AJQ)', '(11) 4312-2835', 1, '2014-07-05 13:49:04', '2014-07-05 13:49:04'),
(239, 'División AGREGADURÍAS POL', 'Cavia 3350, Piso 2º , CABA (C1425DDJ)', '(011) 4370-5972', 1, '2014-07-05 13:49:04', '2014-07-05 13:49:04'),
(240, 'Dirección General de ASUN', 'Luis Sáenz Peña 375, Entrepiso. C.A.B.A.', '(11) 4378-405', 1, '2014-07-05 13:49:04', '2014-07-05 13:49:04'),
(241, 'Subdirección de ASUNTOS J', 'Luis Sáenz Peña 375, Entrepiso. C.A.B.A.', '', 1, '2014-07-05 13:49:04', '2014-07-05 13:49:04'),
(242, 'División ASUNTOS CONTENCI', 'Luis Sáenz Peña 375, Entrepiso. C.A.B.A. Cod. Postal C1110AAG', '(11) 4370-6652 Int. ', 1, '2014-07-05 13:49:04', '2014-07-05 13:49:04'),
(243, 'División ASUNTOS DISCIPLI', 'Luis Sáenz Peña 375, Entrepiso. C.A.B.A..Cod. Postal C1110AAG', '(11) 4370-6652   Int', 1, '2014-07-05 13:49:04', '2014-07-05 13:49:04'),
(244, 'División ASUNTOS ADMINIST', 'Luis Sáenz Peña 375, Entrepiso. C.A.B.A..Cod. Postal C1110AAG', '(11) 4370-6652 I nt.', 1, '2014-07-05 13:49:04', '2014-07-05 13:49:04'),
(245, 'División ASUNTOS PENALES ', 'Luis Sáenz Peña 375, Entrepiso. C.A.B.A..Cod. Postal C1110AAG', '(11) 4370-6655', 1, '2014-07-05 13:49:04', '2014-07-05 13:49:04'),
(246, 'División DESPACHO ', 'Luis Sáenz Peña 375, Entrepiso. C.A.B.A..Cod. Postal C1110AAG ', '(11) 4370-6652 Int. ', 1, '2014-07-05 13:49:04', '2014-07-05 13:49:04'),
(247, 'SUPERINTENDENCIA DE BIENE', 'AV. INDEPENDENCIA Nº 353 PISO 11 - CABA -', 'TEL. 4361-0190, 4362', 1, '2014-07-05 13:49:04', '2014-07-05 13:49:04'),
(248, 'SECCIÓN AUDITORIA', 'AV. INDEPENDENCIA Nº 353 PISO 4º - CABA -', 'TEL. SECRETARIA 4300', 1, '2014-07-05 13:49:04', '2014-07-05 13:49:04'),
(249, 'DIVISIÓN ASESORIA GENERAL', 'AV. INDEPENDENCIA Nº 353 PISO 8º - CABA -', 'TEL. 4361-0420, T.O.', 1, '2014-07-05 13:49:04', '2014-07-05 13:49:04'),
(250, 'SUPERINTENDENCIA DE BIENE', 'AV. INDEPENDENCIA Nº 353 PISO 10 - CABA -', 'TEL. 4361-3446, TO 1', 1, '2014-07-05 13:49:04', '2014-07-05 13:49:04'),
(251, 'DEPARTAMENTO ECONÓMICO FI', 'AV. INDEPENDENCIA Nº 353 PISO 9 - CABA- ', '4361-8912/4361-6534', 1, '2014-07-05 13:49:04', '2014-07-05 13:49:04'),
(252, 'DIVISIÓN COMPRAS Y SUMINI', 'USPALLATA Nº 3400 EDIFICIO ANEXO - CABA -', 'TEL. 4909-4318', 1, '2014-07-05 13:49:04', '2014-07-05 13:49:04'),
(253, 'DIVISIÓN CONTADURÍA', 'AV. INDEPENDENCIA Nº 353  PISO 6º - CABA -', 'TEL. 4361-7248/4346-', 1, '2014-07-05 13:49:04', '2014-07-05 13:49:04'),
(254, 'SECCIÓN PRESUPUESTO', 'AV. INDEPENDENCIA Nº 353 PISOS 3º Y 5- CABA -', 'TEL. OFICIALES:  301', 1, '2014-07-05 13:49:04', '2014-07-05 13:49:04'),
(255, 'DIVISIÓN FARMACIA SOCIAL', 'USPALLATA Nº 3400 - ANEXO CHURRUCA - CABA -', 'TEL. 4909-4160/4909-', 1, '2014-07-05 13:49:04', '2014-07-05 13:49:04'),
(256, 'FARMACIA ANEXO MORENO', 'MORENO 1559 PB - CABA -', 'TEL 4346-5758, TO 24', 1, '2014-07-05 13:49:04', '2014-07-05 13:49:04'),
(257, 'ÓPTICA', 'LUIS SÁENZ PEÑA Nº 375 -CABA- ', 'TEL 4346-5759 T.O. 2', 1, '2014-07-05 13:49:04', '2014-07-05 13:49:04'),
(258, 'DIVISIÓN TESORERÍA', 'AV. INDEPENDENCIA Nº 353 PISO 1  - CABA -', 'TEL. 4370-5924/4631-', 1, '2014-07-05 13:49:04', '2014-07-05 13:49:04'),
(259, 'DIRECCIÓN GENERAL DE OBRA', 'LUIS SÁENZ PEÑA Nº 375, PISO 4º - CABA-', 'TEL. 4370-6683/84 T.', 1, '2014-07-05 13:49:04', '2014-07-05 13:49:04'),
(260, 'DEPARTAMENTO ASISTENCIA Y', 'LUIS SÁENZ PEÑA Nº 375 PISO 3º  - CABA -', '4361-0412/ 4370-5800', 1, '2014-07-05 13:49:04', '2014-07-05 13:49:04'),
(261, 'DIVISIÓN ASISTENCIA SOCIA', 'LUIS SÁENZ PEÑA Nº 375 PISO 3º - CABA -', '4382-0077/4384-8181/', 1, '2014-07-05 13:49:04', '2014-07-05 13:49:04'),
(262, 'DELEGACIÓN ASISTENCIA SOC', 'USPALLATA Nº 3400 CABA- PB', 'TEL. 4909-4100 INTER', 1, '2014-07-05 13:49:04', '2014-07-05 13:49:04'),
(263, 'INSTITUTO RAYITO DE SOL I', 'CHACABUCO Nº 463/5 - CABA-', 'TEL. 4331-3451 T.O. ', 1, '2014-07-05 13:49:04', '2014-07-05 13:49:04'),
(264, 'INSTITUTO RAYITO DE SOL I', 'USPALLATA Nº 3400 -CABA-', 'TEL. 4909-4194 T.O. ', 1, '2014-07-05 13:49:04', '2014-07-05 13:49:04'),
(265, 'HOGAR CORONEL LUIS JORGE ', 'JUAN B JUSTO Nº 5074 - CABA -', 'TEL. 4581-4839 T.O. ', 1, '2014-07-05 13:49:04', '2014-07-05 13:49:04'),
(266, 'SECCIÓN ORIENTACIÓN Y APO', 'LUIS SÁENZ PEÑA Nº 375 PISO 3º - CABA -', 'TEL. 4370-5887/5980,', 1, '2014-07-05 13:49:04', '2014-07-05 13:49:04'),
(267, 'DIVISIÓN ASUNTOS LEGALES', 'PTE. LUIS SÁENZ PEÑA Nº 375 PB - CABA-', 'TEL. 4383-2067/1117,', 1, '2014-07-05 13:49:04', '2014-07-05 13:49:04'),
(268, 'DIVISIÓN ATENCIÓN EXTRAHO', 'AV. CASEROS 2728 PISO 1º - CABA - ', 'TEL. 4912-3588/3579/', 1, '2014-07-05 13:49:04', '2014-07-05 13:49:04'),
(269, 'DIVISIÓN SERVICIOS MUTUAL', 'CHARCAS Nº 2850 PISO 1º', 'TEL. 4829-1618 AL 24', 1, '2014-07-05 13:49:04', '2014-07-05 13:49:04'),
(270, 'SECCIÓN AFILIACIONES', 'PTE LUIS SÁENZ PEÑA Nº 375 PISO 1º - CABA -', 'TEL. 4381-3638/7119/', 1, '2014-07-05 13:49:04', '2014-07-05 13:49:04'),
(271, 'SECCIÓN AYUDA MUTUA', 'PTE. LUIS SÁENZ PEÑA Nº 375 PISO 1º - CABA -', 'TEL. 4383-2084/2086/', 1, '2014-07-05 13:49:04', '2014-07-05 13:49:04'),
(272, 'SECCIÓN PROVEEDURÍA', 'PTE. LUIS SÁENZ PEÑA Nº 375 PISO 4º  - CABA -', 'TEL. 4346-5736, 4370', 1, '2014-07-05 13:49:04', '2014-07-05 13:49:04'),
(273, 'SECCIÓN TURISMO', 'PTE. LUIS SÁENZ PEÑA Nº 375 PISO 2º CABA', 'TEL. 4382-0074/75/76', 1, '2014-07-05 13:49:04', '2014-07-05 13:49:04'),
(274, 'ALDEA POLICIAL "GRAL. DON', 'AV. DOERING Nº 640, CAPILLA DEL MONTE, PROVINCIA DE CÓRDOBA', 'TEL. 0354-848-1052, ', 1, '2014-07-05 13:49:04', '2014-07-05 13:49:04'),
(275, 'SECCIÓN VIVIENDA', 'CHARCAS Nº 2850 PISO 1º -CABA-', 'TEL. 4829-1618 AL 24', 1, '2014-07-05 13:49:04', '2014-07-05 13:49:04'),
(276, 'DIRECCIÓN GENERAL DE SANI', 'USPALLATA Nº 3400 PB - CABA -', '4909-4100 T.O. 4101/', 1, '2014-07-05 13:49:04', '2014-07-05 13:49:04'),
(277, 'SECCIÓN CENTRO INFORMÁTIC', 'USPALLATA Nº 3400 PISO 1º Y 2º - CABA -', 'T.O. 4155/4631/4343/', 1, '2014-07-05 13:49:04', '2014-07-05 13:49:04'),
(278, 'DEPARTAMENTO SUBDIRECCIÓN', 'USPALLATA Nº 3400 PISO 1º, CABA', 'TEL. 4909-4825', 1, '2014-07-05 13:49:04', '2014-07-05 13:49:04'),
(279, 'CENTRO DE ORIENTACIÓN AL ', 'USPALLATA Nº 3400 PB CHURRUCA- CABA', '4909-4167', 1, '2014-07-05 13:49:04', '2014-07-05 13:49:04'),
(280, 'SECCIÓN ADMINISTRACIÓN', 'USPALLATA N° 3400 PB - CABA', '4909-4117 TO 4117/49', 1, '2014-07-05 13:49:04', '2014-07-05 13:49:04'),
(281, 'OFICINA ADMISIÓN', 'USPALLATA N° 3400 PB - CABA', 'T.O. 4922/4617', 1, '2014-07-05 13:49:04', '2014-07-05 13:49:04'),
(282, 'OFICINA LIQUIDACIONES', 'USPALLATA N° 3400 PB - CABA', 'T.O.4118/4656', 1, '2014-07-05 13:49:04', '2014-07-05 13:49:04'),
(283, 'OFICINA ARANCELES', 'USPALLATA N° 3400 PB - CABA', 'T.O. 4735', 1, '2014-07-05 13:49:04', '2014-07-05 13:49:04'),
(284, 'ARCHIVO DE HISTORIAS CLÍN', 'USPALLATA Nº 3400 SUBSUELO - CABA', 'T.O. 4732', 1, '2014-07-05 13:49:04', '2014-07-05 13:49:04'),
(285, 'OFICINA AUDITORIA DE FACT', 'USPALLATA Nº 3400 SUBSUELO - CABA', 'T.O. 4119', 1, '2014-07-05 13:49:04', '2014-07-05 13:49:04'),
(286, 'SECCIÓN SERVICIOS GENERAL', 'USPALLATA N° 3400 PB - CABA', 'T.O. 4909-4115', 1, '2014-07-05 13:49:04', '2014-07-05 13:49:04'),
(287, 'SECCIÓN TREN TRANSPORTE', 'USPALLATA Nº 3400 PB - CABA', 'TEL 4909-4216 T.O.  ', 1, '2014-07-05 13:49:04', '2014-07-05 13:49:04'),
(288, 'DIVISIÓN GUARDIA POLICIAL', 'USPALLATA Nº 3400 PB Y 1º PISO ANEXO - CABA', 'TEL. 4909-4222/4909-', 1, '2014-07-05 13:49:04', '2014-07-05 13:49:04'),
(289, 'DIVISIÓN MATERIALES Y SER', 'USPALLATA Nº 3400 PB - CABA', 'TEL. 4909-4113', 1, '2014-07-05 13:49:04', '2014-07-05 13:49:04'),
(290, 'DIVISIÓN PERSONAL', 'USPALLATA N° 3400 - PB- CABA-', '4909-4189/4112', 1, '2014-07-05 13:49:04', '2014-07-05 13:49:04'),
(291, 'DIVISIÓN SERVICIOS MÉDICO', 'USPALLATA Nº 3400 - SUBSUELO-CABA-', 'TEL. 4909-4220/ 4909', 1, '2014-07-05 13:49:04', '2014-07-05 13:49:04'),
(292, 'CENTRO MEDICO ASISTENCIAL', 'SOLDADO ECHEVERRY Y ROSSI - SAN ANTONIO DE PADUA - PCIA Bs. AS- ', 'TEL. 02204827344/T.O', 1, '2014-07-05 13:49:04', '2014-07-05 13:49:04'),
(293, 'CONSULTORIO CUERPO POLICI', 'AVDA. BELGRANO Y URQUIZA', 'T.O. 1385', 1, '2014-07-05 13:49:04', '2014-07-05 13:49:04'),
(294, 'CONSULTORIO DE INVESTIGAC', 'MADARIAGA Nº 6900 - CABA-', 'T.O. 1701', 1, '2014-07-05 13:49:04', '2014-07-05 13:49:04'),
(295, 'CONSULTORIO MEDICO DEL DE', 'MORENO Nº 1550 PB - CABA', '4370-5856/ T.O. 5856', 1, '2014-07-05 13:49:04', '2014-07-05 13:49:04'),
(296, 'CONSULTORIO MEDICO ORDEN ', 'CAVIA Nº 3302 - CABA-', 'T.O. 6141/3613', 1, '2014-07-05 13:49:04', '2014-07-05 13:49:04'),
(297, 'CONSULTORIO MEDICO ESCUEL', 'CORVALÁN Nº 3698 - CABA-', 'T.O. 6235/5238', 1, '2014-07-05 13:49:04', '2014-07-05 13:49:04'),
(298, 'CONSULTORIO MEDICO RECLUT', 'USPALLATA Nº 3400 - CONSULTORIO ANEXO-', '4909-4153 T.O. 4153', 1, '2014-07-05 13:49:04', '2014-07-05 13:49:04'),
(299, 'CONSULTORIO MEDICO INSTIT', 'ROSARIO Nº 532 - CABA-', 'T.O. 2536', 1, '2014-07-05 13:49:04', '2014-07-05 13:49:04'),
(300, 'CONSULTORIO MEDICO DE LA ', 'AZOPARDO Nº 650 - CABA-', 'T.O. 3435/3444', 1, '2014-07-05 13:49:04', '2014-07-05 13:49:04'),
(301, 'CONSULTORIO MEDICO ESCUEL', 'PUNTA ARENAS Nº 1201', 'T.O. 3740/3442', 1, '2014-07-05 13:49:04', '2014-07-05 13:49:04'),
(302, 'CONSULTORIO MEDICO OFTALM', 'MORENO Nº 1150 PB - CABA -', '4346-5740 T.O. 5740/', 1, '2014-07-05 13:49:04', '2014-07-05 13:49:04'),
(303, 'DIRECCIÓN DEL COMPLEJO ME', '', '', 1, '2014-07-05 13:49:04', '2014-07-05 13:49:04'),
(304, 'DIRECCIÓN DEL COMPLEJO ME', 'USPALLATA Nº 3400 1º PISO-CHURRUCA - CABA-', 'SECRETARIA:4103/4175', 1, '2014-07-05 13:49:04', '2014-07-05 13:49:04'),
(305, 'DESPACHO DE DIRECCIÓN', 'USPALLATA Nº 3400 1º PISO VISCA -CABA-', 'TEL. 4909-4110 T.O 4', 1, '2014-07-05 13:49:04', '2014-07-05 13:49:04'),
(306, 'SERVICIO DE CALIDAD DE VI', 'USPALLATA Nº 3400, 1º PISO-ANEXO CHURRUCA -CABA- ', 'TEL. 4909-4221 T.O. ', 1, '2014-07-05 13:49:04', '2014-07-05 13:49:04'),
(307, 'DIVISIÓN DOCENCIA E INVES', 'USPALLATA Nº 3400- SUBSUELO EDIFICIO AUDITORIUM -CABA- ', 'T.O. 4109/4145', 1, '2014-07-05 13:49:04', '2014-07-05 13:49:04'),
(308, 'COMITÉ EN CONTROL DE INFE', 'USPALLATA Nº 3400 - SUBSUELO CHURRUCA- CABA-', 'T.O. 4208', 1, '2014-07-05 13:49:04', '2014-07-05 13:49:04'),
(309, 'COMITÉ DE ÉTICA', 'USPALLATA Nº 3400 - (SUBSUELO EDIFICIO AUDITORIUM) - CABA', 'TEL. 4909-4145', 1, '2014-07-05 13:49:05', '2014-07-05 13:49:05'),
(310, 'SUBDIRECCIÓN DE DIAGNOSTI', 'USPALLATA Nº 3400 PISO 1º - CABA', 'T.O. 4780/4135', 1, '2014-07-05 13:49:05', '2014-07-05 13:49:05'),
(311, 'DIVISIÓN DIAGNOSTICO', 'USPALLATA Nº 3400 PB CHURRUCA SECTOR B- CABA-', 'T.O. 4154', 1, '2014-07-05 13:49:05', '2014-07-05 13:49:05'),
(312, 'SERVICIO DE ANATOMÍA PATO', 'USPALLATA Nº 3400 PB ANEXO - CABA', 'T.O. 4692', 1, '2014-07-05 13:49:05', '2014-07-05 13:49:05'),
(313, 'DIAGNOSTICO POR IMÁGENES', 'USPALLATA Nº 3400 PB CHURRUCA Y 2º PISO SECTOR B VISCA', 'T.O. 4122/4123', 1, '2014-07-05 13:49:05', '2014-07-05 13:49:05'),
(314, 'SERVICIO DE LABORATORIO C', 'USPALLATA Nº 3400 PB CHURRUCA- CABA-', 'T.O. 4218', 1, '2014-07-05 13:49:05', '2014-07-05 13:49:05'),
(315, 'SERVICIO DE MEDICINA NUCL', 'USPALLATA Nº 3400 1º PISO CHURRUCA - CABA-', 'T.O. 4730', 1, '2014-07-05 13:49:05', '2014-07-05 13:49:05'),
(316, 'DIVISIÓN TRATAMIENTO Y ES', 'USPALLATA Nº 3400 3º PISO CHURRUCA - CABA-', 'T.O. 4306', 1, '2014-07-05 13:49:05', '2014-07-05 13:49:05'),
(317, 'SERVICIO DE FONOAUDIOLOGÍ', 'USPALLATA Nº 3400 2º PISO ANEXO CHURRUCA- CABA-', 'T.O. 4892', 1, '2014-07-05 13:49:05', '2014-07-05 13:49:05'),
(318, 'SERVICIO DE RADIOTERAPIA', 'USPALLATA Nº 3400 PB CHURRUCA- CABA-', 'T.O. 4327', 1, '2014-07-05 13:49:05', '2014-07-05 13:49:05'),
(319, 'SERVICIO DE REHABILITACIÓ', 'USPALLATA Nº 3400 - 2º PISO - ANEXO CHURRUCA', 'T.O. 4888', 1, '2014-07-05 13:49:05', '2014-07-05 13:49:05'),
(320, 'SERVICIO DE HEMOTERAPIA E', 'USPALLATA Nº 3400 - 9º PISO CHURRUCA - CABA', 'T.O. 4607', 1, '2014-07-05 13:49:05', '2014-07-05 13:49:05'),
(321, 'DEPARTAMENTO DE ENFERMERÍ', 'USPALLATA Nº 3400 PB CHURRUCA - CABA', 'T.O. 4349', 1, '2014-07-05 13:49:05', '2014-07-05 13:49:05'),
(322, 'DIVISIÓN ODONTOLOGÍA', 'USPALLATA Nº 3400 1º PISO CHURRUCA - CABA-', 'T.O. 4108', 1, '2014-07-05 13:49:05', '2014-07-05 13:49:05'),
(323, 'SECCIÓN ODONTOLOGÍA', 'USPALLATA Nº 3400 1º PISO - CABA', 'T.O.- 4715', 1, '2014-07-05 13:49:05', '2014-07-05 13:49:05'),
(324, 'OFICINA DE ESTUDIOS EXTRA', 'USPALLATA Nº 3400 SUBSUELO CHURRUCA - CABA-', 'T.O. 4605', 1, '2014-07-05 13:49:05', '2014-07-05 13:49:05'),
(325, 'SUBDIRECCIÓN DE ATENCIÓN ', 'USPALLATA Nº 3400 1º PISO CHURRUCA - CABA-', 'T.O. 4104/4346', 1, '2014-07-05 13:49:05', '2014-07-05 13:49:05'),
(326, 'DIVISIÓN CLÍNICA MEDICA', 'USPALLATA Nº 3400 2º PISO VISCA - CABA- ', 'T.O. 4219', 1, '2014-07-05 13:49:05', '2014-07-05 13:49:05'),
(327, 'SERVICIO DE ALERGIA', 'USPALLATA Nº 3400 2º PISO ED. VISCA- CABA-', 'T.O. 4239', 1, '2014-07-05 13:49:05', '2014-07-05 13:49:05'),
(328, 'SERVICIO DE CLÍNICA MEDIC', 'USPALLATA Nº 3400 - CABA.- SECTOR HOMBRES 3º PISO CHURRUCA; SECTOR MUJERES 4º PISO VISCA.', 'SECT. HOMBRES T.O. 4', 1, '2014-07-05 13:49:05', '2014-07-05 13:49:05'),
(329, 'SERVICIO DE DERMATOLOGÍA', 'USPALLATA Nº 3400 - CABA- 1º PISO CHURRUCA', 'T.O. 4644', 1, '2014-07-05 13:49:05', '2014-07-05 13:49:05'),
(330, 'SERVICIO DE ENDOCRINOLOGÍ', 'USPALLATA Nº 3400 - CABA - 1º PISO VISCA', 'T.O. 4140/4768', 1, '2014-07-05 13:49:05', '2014-07-05 13:49:05'),
(331, 'SERVICIO DE GASTROENTEROL', 'USPALLATA Nº 3400- CABA 1º PISO CHURRUCA ', 'T.O. 4133-4729', 1, '2014-07-05 13:49:05', '2014-07-05 13:49:05'),
(332, 'SERVICIO DE HEPATOLOGÍA', 'USPALLATA Nº 3400 - CABA - 2º PISO VISCA', 'T.O. 4635-4132', 1, '2014-07-05 13:49:05', '2014-07-05 13:49:05'),
(333, 'SERVICIO DE INFECTOLOGIA', 'USPALLATA Nº 3400 - CABA 1º PISO VISCA- ', '4718-4138', 1, '2014-07-05 13:49:05', '2014-07-05 13:49:05'),
(334, 'SERVICIO DE MEDICINA PREV', 'USPALLATA Nº 3400 - CABA 1º PISO VISCA - ', 'T.O. 4270', 1, '2014-07-05 13:49:05', '2014-07-05 13:49:05'),
(335, 'SERVICIO DE NEFROLOGÍA', 'USPALLATA Nº 3400 - CABA- PB ANEXO', 'T.O. 4188', 1, '2014-07-05 13:49:05', '2014-07-05 13:49:05'),
(336, 'SERVICIO DE NEUMONOLOGIA', 'USPALLATA Nº 3400- CABA- 2º PISO CHURRUCA', 'T.O. 4295', 1, '2014-07-05 13:49:05', '2014-07-05 13:49:05'),
(337, 'SERVICIO DE NEUROLOGÍA', 'USPALLATA Nº 3400 - CABA - 1º PISO CHURRUCA', 'T.O. 4935', 1, '2014-07-05 13:49:05', '2014-07-05 13:49:05'),
(338, 'SERVICIO DE NUTRICIÓN', 'USPALLATA Nº 3400 - CABA - PB CHURRUCA', 'T.O. 4233', 1, '2014-07-05 13:49:05', '2014-07-05 13:49:05'),
(339, 'SERVICIO 8º PISO - JEFES ', 'USPALLATA Nº 3400- CABA- PISO 8º ', 'T.O. 4862', 1, '2014-07-05 13:49:05', '2014-07-05 13:49:05'),
(340, 'SERVICIO DE ONCOLOGIA', 'USPALLATA Nº 3400 - CABA - PISO 9 CHURRUCA', 'T.O 4400', 1, '2014-07-05 13:49:05', '2014-07-05 13:49:05'),
(341, 'SERVICIO DE PEDIATRÍA/ NE', 'USPALLATA Nº 3400 - CABA- 1º PISO CHURRUCA ANEXO CONSULTORIO/ INTERNACION 3º PISO VISCA', 'T.O. 4769/ 4706 (NEO', 1, '2014-07-05 13:49:05', '2014-07-05 13:49:05'),
(342, 'SERVICIO DE PSIQUIATRÍA', 'USPALLATA Nº 3400 - CABA - ANEXO PB VISCA', 'T.O. 4733', 1, '2014-07-05 13:49:05', '2014-07-05 13:49:05'),
(343, 'SERVICIO DE REUMATOLOGÍA', 'USPALLATA Nº 3400 - CABA - 2º PISO CHURRUCA - ', 'T.O. 4939', 1, '2014-07-05 13:49:05', '2014-07-05 13:49:05'),
(344, 'UNIDAD DE CUIDADOS INTENS', 'USPALLATA Nº 3400 - CABA - 7º PISO VISCA', 'T.O. 4203', 1, '2014-07-05 13:49:05', '2014-07-05 13:49:05');
INSERT INTO `dependencias` (`id`, `nombre`, `ubicacion`, `telefono`, `fuerza`, `created_at`, `updated_at`) VALUES
(345, 'UNIDAD DE TERAPIA INTENSI', 'USPALLATA Nº 3400- CABA - 6º PISO CHURRUCA-', 'T.O. 4129', 1, '2014-07-05 13:49:05', '2014-07-05 13:49:05'),
(346, 'DIVISIÓN CLÍNICA QUIRÚRGI', 'USPALLATA Nº 3400- CABA- PISO 5º CHURRUCA-', 'T.O. 4246', 1, '2014-07-05 13:49:05', '2014-07-05 13:49:05'),
(347, 'SERVICIO DE CIRUGÍA VASCU', 'USPALLATA Nº 3400- 7º CHURRUCA - CABA-', 'T.O. 4236/4271', 1, '2014-07-05 13:49:05', '2014-07-05 13:49:05'),
(348, 'SERVICIO DE CIRUGÍA GENER', 'USPALLATA Nº 3400 -  CABA - PISOS 5º Y 2º -CHURRUCA ', 'T.O. 4304/4671 ', 1, '2014-07-05 13:49:05', '2014-07-05 13:49:05'),
(349, 'SERVICIO DE CIRUGÍA PEDIÁ', 'USPALLATA Nº 3400 - CABA - PISO 3º VISCA Y 1º PISO ANEXO CHURRUCA', 'T.O. 4772 ', 1, '2014-07-05 13:49:05', '2014-07-05 13:49:05'),
(350, 'SERVICIO DE CIRUGÍA PLÁST', 'USPALLATA Nº 3400 - CABA - PISO 2º ANEXO CHURRUCA - CABA', 'T.O. 4663', 1, '2014-07-05 13:49:05', '2014-07-05 13:49:05'),
(351, 'SERVICIO DE CIRUGÍA TORÁC', 'USPALLATA Nº 3400 - CABA- PISO 5º CHURRUCA - ', 'T.O. 4143', 1, '2014-07-05 13:49:05', '2014-07-05 13:49:05'),
(352, 'SERVICIO DE GINECOLOGÍA', 'USPALLATA Nº 3400 - CABA- PISO 5º VISCA', 'T.O. 4231/4125', 1, '2014-07-05 13:49:05', '2014-07-05 13:49:05'),
(353, 'SERVICIO DE NEUROCIRUGÍA', 'USPALLATA Nº 3400 - CABA - PISO 4º CHURRUCA', 'T.O. 4266/4126', 1, '2014-07-05 13:49:05', '2014-07-05 13:49:05'),
(354, 'SERVICIO DE OBSTETRICIA', 'USPALLATA Nº 3400 - CABA - PISO 6º VISCA- CONSULTORIO 2º VISCA', 'T.O. 4272/4642', 1, '2014-07-05 13:49:05', '2014-07-05 13:49:05'),
(355, 'SERVICIO DE OFTALMOLOGÍA', 'USPALLATA Nº 3400 - CABA- PISO 2º CHURRUCA -', 'T.O. 4127/4325', 1, '2014-07-05 13:49:05', '2014-07-05 13:49:05'),
(356, 'SERVICIO DE PROCTOLOGÍA', 'USPALLATA Nº 3400- CABA- 7º Y 2º CHURRUCA', 'TEL. 4909-4163', 1, '2014-07-05 13:49:05', '2014-07-05 13:49:05'),
(357, 'SERVICIO DE UROLOGÍA', 'USPALLATA Nº 3400 - CABA - 7º Y 1 CHURRUCA', 'TEL 4858-4673', 1, '2014-07-05 13:49:05', '2014-07-05 13:49:05'),
(358, 'SERVICIO DE CARDIOLOGÍA', 'USPALLATA Nº 3400 - CABA- 7º Y 2º CHURRUCA-', 'T.O. 4307', 1, '2014-07-05 13:49:05', '2014-07-05 13:49:05'),
(359, 'UNIDAD CORONARIA', 'USPALLATA Nº 3400 - CABA 6º PISO CHURRUCA', 'TEL. 4927/4856', 1, '2014-07-05 13:49:05', '2014-07-05 13:49:05'),
(360, 'SERVICIO DE CIRUGÍA CARDI', 'USPALLATA Nº 3400- CABA - 7º PISO CHURRUCA', 'TEL. 4637', 1, '2014-07-05 13:49:05', '2014-07-05 13:49:05'),
(361, 'SERVICIO DE HEMODINAMIA', 'USPALLATA Nº 3400 - CABA- PISO 6 CHURRUCA', 'TEL 4926', 1, '2014-07-05 13:49:05', '2014-07-05 13:49:05'),
(362, 'SERVICIO DE UNIDAD DE EME', 'USPALLATA Nº 3400 PB - CABA- ', 'TEL. 4909-4163', 1, '2014-07-05 13:49:05', '2014-07-05 13:49:05'),
(363, 'SUPERINTENDENCIA DE ADMIN', 'Av. Rivadavia 1330, Piso 1°', '4370-6601', 1, '2014-07-05 13:49:05', '2014-07-05 13:49:05'),
(364, 'División Despacho', 'Av. Rivadavia 1330, Entre Piso', '4370-6627', 1, '2014-07-05 13:49:05', '2014-07-05 13:49:05'),
(365, 'Sección Agrupación Servic', 'AV. Rivadavia 1.330. Piso 7º. C.A.B.A.', '4370-6630', 1, '2014-07-05 13:49:05', '2014-07-05 13:49:05'),
(366, 'División Asesoria Legal', 'AV. Rivadavia 1.330. Piso 1º. C.A.B.A.', '4370-6625', 1, '2014-07-05 13:49:05', '2014-07-05 13:49:05'),
(367, 'Sección Agrupación Servic', 'AV. Rivadavia 1.330. Piso 7º. C.A.B.A.', '4370-6630', 1, '2014-07-05 13:49:05', '2014-07-05 13:49:05'),
(368, 'División Tesorería Centra', 'Av. Rivadavia 1330, Entre Piso', '4370-6624', 1, '2014-07-05 13:49:05', '2014-07-05 13:49:05'),
(369, 'Dirección General de Fina', 'Avda. de Mayo 1333, 4° Piso', '4370-6690', 1, '2014-07-05 13:49:05', '2014-07-05 13:49:05'),
(370, 'Departamento Contaduría', 'Av. Rivadavia 1330 4° Piso - CABA', '4370-6633', 1, '2014-07-05 13:49:05', '2014-07-05 13:49:05'),
(371, 'División Contrataciones', 'Av. Rivadavia 1330 4° Piso - CABA', '4370-6645', 1, '2014-07-05 13:49:05', '2014-07-05 13:49:05'),
(372, 'Sección Importaciones', 'Av. de Mayo 1333 6° Piso -CABA', '4370-6647', 1, '2014-07-05 13:49:05', '2014-07-05 13:49:05'),
(373, 'División Erogaciones', 'Av. Rivadavia 1330 1° y 3° Piso - CABA', '4370-6638', 1, '2014-07-05 13:49:05', '2014-07-05 13:49:05'),
(374, 'División Patrimonio', 'Av. de Mayo 1333 6° Piso -CABA', '4370-6629', 1, '2014-07-05 13:49:05', '2014-07-05 13:49:05'),
(375, 'Sección Movimiento de Bie', 'Av. Rivadavia 1330 PB - CABA', '4381-1960', 1, '2014-07-05 13:49:05', '2014-07-05 13:49:05'),
(376, 'División Presupuesto', 'Av. de Mayo 1333 3° Piso -CABA', '4370-6642', 1, '2014-07-05 13:49:05', '2014-07-05 13:49:05'),
(377, 'División Registraciones', 'Av. Rivadavia 1330 piso 6° - CABA', '4370-6640', 1, '2014-07-05 13:49:05', '2014-07-05 13:49:05'),
(378, 'División Remuneraciones', 'Av. Rivadavia 1330 piso 2° - CABA', '4370-6637', 1, '2014-07-05 13:49:05', '2014-07-05 13:49:05'),
(379, 'Departamento Inspecciones', 'Avda. de Mayo 1333, 5° Piso, C.A.B.A.', '4370-6631', 1, '2014-07-05 13:49:05', '2014-07-05 13:49:05'),
(380, 'Departamento Policía Adic', 'Av. Rivadavia 1330, piso 5º, C.A.B.A.', '4370-5976', 1, '2014-07-05 13:49:05', '2014-07-05 13:49:05'),
(381, 'División Gestión Administ', 'Av. Rivadavia 1330, piso 5º, C.A.B.A.', '4370-5981', 1, '2014-07-05 13:49:05', '2014-07-05 13:49:05'),
(382, 'División Fiscalización Co', 'Camilo Torres y Tenorio 2199, C.A.B.A.', '4632-7338 / 4632-735', 1, '2014-07-05 13:49:05', '2014-07-05 13:49:05'),
(383, 'Dirección General de Mate', 'Av. Belgrano N° 752, Piso 1°, C.A.B.A.', '4342-1496', 1, '2014-07-05 13:49:05', '2014-07-05 13:49:05'),
(384, 'Comisión Radiación de Veh', 'Av. Belgrano N°752, Piso 1°, C.A.B.A.', '4342-1496', 1, '2014-07-05 13:49:05', '2014-07-05 13:49:05'),
(385, 'Comisión Recepción de Mer', 'Av. Vélez Sarsfield N* 1981 y Zepita, C.A.B.A.', '4302-4079', 1, '2014-07-05 13:49:05', '2014-07-05 13:49:05'),
(386, 'Departamento Ingeniería', 'Av. Belgrano N° 752, Piso 2°, C.A.B.A.', '4342-0810', 1, '2014-07-05 13:49:05', '2014-07-05 13:49:05'),
(387, 'División Almacenes', 'Av. Belgrano N° 752, Piso PB.., C.A.B.A.', '4342-9922', 1, '2014-07-05 13:49:05', '2014-07-05 13:49:05'),
(388, 'División Armamento y Muni', 'Pte. Camilo Torres y Tenorio Nº 2155, C.A.B.A.', '4631-2291', 1, '2014-07-05 13:49:05', '2014-07-05 13:49:05'),
(389, 'División Arquitectura y C', 'Av. Belgrano N° 752, Piso 1°, C.A.B.A.', '4342-3902', 1, '2014-07-05 13:49:05', '2014-07-05 13:49:05'),
(390, 'Sección Inspecciones Banc', 'Av. Belgrano N° 752, Piso 1°, C.A.B.A.', '4342-3680', 1, '2014-07-05 13:49:05', '2014-07-05 13:49:05'),
(391, 'División Automotores', 'Av. Vélez Sarsfield N° 1981 y Zepita, C.A.B.A.', '4301-5019', 1, '2014-07-05 13:49:05', '2014-07-05 13:49:05'),
(392, 'Sección Combustible', 'Av. Belgrano N° 3144, Anexo Belgrano , Boca 19, C.A.B.A.', '4957-4674', 1, '2014-07-05 13:49:05', '2014-07-05 13:49:05'),
(393, 'División Imprenta', 'Camargo Nº 645, piso 1°, C.A.B.A.', '4854-5935 / 4855-839', 1, '2014-07-05 13:49:05', '2014-07-05 13:49:05'),
(394, 'División Recuperación Pat', 'Av. Vélez Sarsfield Nº 1981 y Zepita, C.A.B.A.', '4301-6417', 1, '2014-07-05 13:49:05', '2014-07-05 13:49:05'),
(395, 'División Talleres', 'Zepita Nº 3093, C.A.B.A.', '4302-3655', 1, '2014-07-05 13:49:05', '2014-07-05 13:49:05'),
(396, 'Superintendencia de INTER', 'Moreno 1417- 5º Piso.-C.A.B.A.', '4381-4315 T.O. 1665-', 1, '2014-07-05 13:49:05', '2014-07-05 13:49:05'),
(397, 'Dirección General AGENCIA', 'Rivadavia Nº 44 (Este) Departamento Capital – San Juan – C.P. 5400', 'Tel. 0264-4217317', 1, '2014-07-05 13:49:05', '2014-07-05 13:49:05'),
(398, 'Div. DESPACHO Y LOGÍSTICA', ' Rivadavia Nº 44 (Este) Departamento Capital – San Juan – C.P. 5400', 'Tel. 0264-4202284', 1, '2014-07-05 13:49:05', '2014-07-05 13:49:05'),
(399, 'Sección SEGURIDAD Y ALCAL', 'Rivadavia Nº 44 (Este) Departamento Capital – San Juan – C.P. 5400', 'Tel. 0264-4203100', 1, '2014-07-05 13:49:05', '2014-07-05 13:49:05'),
(400, 'Dpto. TÁCTICO FEDERAL', 'Rivadavia Nº 44 (Este) Departamento Capital – San Juan – C.P. 5400', 'Tel. 0264-4202866', 1, '2014-07-05 13:49:05', '2014-07-05 13:49:05'),
(401, 'Div. OFICINA FEDERAL DE I', ' Rivadavia Nº 44 (Este) Departamento Capital – San Juan – C.P. 5400', 'Tel. 0264-4225401', 1, '2014-07-05 13:49:05', '2014-07-05 13:49:05'),
(402, 'Div. COMUNICACIONES FEDER', ' Rivadavia Nº 44 (Este) Departamento Capital – San Juan – C.P. 5400', 'Tel. 0264-4201238/02', 1, '2014-07-05 13:49:05', '2014-07-05 13:49:05'),
(403, 'Div. LABORATORIO CIENTÍFI', 'Rivadavia Nº 44 (Este) Departamento Capital – San Juan – C.P. 5400', 'Tel. 0264-4203666', 1, '2014-07-05 13:49:05', '2014-07-05 13:49:05'),
(404, 'Sección DELITOS FISCALES ', 'Rivadavia Nº 44 (Este) Departamento Capital – San Juan – C.P. 5400', ' Tel. 0264-4202054', 1, '2014-07-05 13:49:05', '2014-07-05 13:49:05'),
(405, 'Sección CRIMEN ORGANIZADO', 'Rivadavia Nº 44 (Este) Departamento Capital – San Juan – C.P. 5400', 'Tel. 0264-4225868', 1, '2014-07-05 13:49:05', '2014-07-05 13:49:05'),
(406, 'Sección DROGAS PELIGROSAS', ' Rivadavia Nº 44 (Este) Departamento Capital – San Juan – C.P. 5400', 'Tel. 0264-4202143', 1, '2014-07-05 13:49:05', '2014-07-05 13:49:05'),
(407, 'División DESPACHO GENERAL', 'Moreno 1417- 6º Piso.-C.A.B.A.', '4346-5780 T.O. 3188-', 1, '2014-07-05 13:49:05', '2014-07-05 13:49:05'),
(408, 'Sección AUTOMOTORES', 'Venezuela 3143- C.A.B.A.', '4932-5440/5443 T.O.:', 1, '2014-07-05 13:49:05', '2014-07-05 13:49:05'),
(409, 'División SEGURIDAD- Sup. ', 'Moreno 1417- PB..-C.A.B.A.', ' 4370-6687, T.O.: 66', 1, '2014-07-05 13:49:05', '2014-07-05 13:49:05'),
(410, 'Departamento ANALÍTICO', 'Moreno 1417- 4º Piso.-C.A.B.A.', '4383-0390/ 4809-6184', 1, '2014-07-05 13:49:05', '2014-07-05 13:49:05'),
(411, 'División INFORMACIONES', 'Moreno 1417- 1º Piso.-C.A.B.A.', '4383-6827/ 4381-6789', 1, '2014-07-05 13:49:05', '2014-07-05 13:49:05'),
(412, 'División CLASIFICACIÓN', 'Moreno 1417- 4º Piso.-C.A.B.A.', '4346-5757', 1, '2014-07-05 13:49:05', '2014-07-05 13:49:05'),
(413, 'Dirección General de SEGU', 'Moreno 1417 4º piso (CABA)', 'Secretaría: 4346-575', 1, '2014-07-05 13:49:05', '2014-07-05 13:49:05'),
(414, 'Departamento ASUNTOS EXTR', 'Moreno 1417 9º piso (CABA)', '4346-5771 T.O 2497/5', 1, '2014-07-05 13:49:05', '2014-07-05 13:49:05'),
(415, 'División OPERACIONES - DA', 'Moreno 1417 9º piso (CABA)', '4346-5770 T.O 2041/2', 1, '2014-07-05 13:49:05', '2014-07-05 13:49:05'),
(416, 'Sección ASUNTOS MIGRATORI', 'Antártida Argentina 1355 PB-Edificio 5, ala izquierda (CABA)', '4317-0305 T.O 3097', 1, '2014-07-05 13:49:05', '2014-07-05 13:49:05'),
(417, 'Sección ASUNTOS CONSULARE', 'Arenales 761 -Interior del Palacio San Martín  (CABA)', '44310-8136/4819-7258', 1, '2014-07-05 13:49:05', '2014-07-05 13:49:05'),
(418, 'Comisaría DEL TURISTA', 'Corrientes 436 (CABA)', '4328-2135 T.O 1801/5', 1, '2014-07-05 13:49:05', '2014-07-05 13:49:05'),
(419, 'Departamento UNIDAD DE IN', 'CAVIA 3302 (CABA)', 'LÍNEAS URBANAS: Guar', 1, '2014-07-05 13:49:05', '2014-07-05 13:49:05'),
(420, 'División UNIDAD DE INVEST', 'CAVIA 3302, PISO 1RO. (CABA)', 'LÍNEAS URBANAS: 4346', 1, '2014-07-05 13:49:05', '2014-07-05 13:49:05'),
(421, 'Sección SEGURIDAD', 'CAVIA 3302 (CABA)', 'LÍNEA OFICIAL: 3756', 1, '2014-07-05 13:49:05', '2014-07-05 13:49:05'),
(422, 'Sección TRIPLE FRONTERA', 'SAN LORENZO 25, PUERTO IGUAZÚ, MISIONES', 'LÍNEA URBANA: 03757-', 1, '2014-07-05 13:49:05', '2014-07-05 13:49:05'),
(423, 'División OPERACIONES - DG', 'Moreno 1417 7º piso (CABA)', 'Despacho Jefe: 4346-', 1, '2014-07-05 13:49:05', '2014-07-05 13:49:05'),
(424, 'División ANÁLISIS', 'Moreno 1417 6º piso (CABA)', '4381-8415 / 4383-067', 1, '2014-07-05 13:49:05', '2014-07-05 13:49:05'),
(425, 'Dirección General de PREV', 'Moreno 1417, Piso 5º, C.A.B.A.', '4383-1270 // 4383-09', 1, '2014-07-05 13:49:05', '2014-07-05 13:49:05'),
(426, 'Departamento DELITOS AMBI', 'Moreno 1417 Piso 3º, C.A.B.A.', '4381-9103', 1, '2014-07-05 13:49:05', '2014-07-05 13:49:05'),
(427, 'División OPERACIONES', 'Moreno 1417 Piso 3º, C.A.B.A.', '4381-3110 // 1383-95', 1, '2014-07-05 13:49:05', '2014-07-05 13:49:05'),
(428, 'División DOCENCIA', 'Moreno 1417 Piso 3º, C.A.B.A.', '4384-0480', 1, '2014-07-05 13:49:05', '2014-07-05 13:49:05'),
(429, 'Departamento DELITOS FEDE', 'Moreno 1417 Piso 2º, C.A.B.A.', '4381-6298 // 4383-09', 1, '2014-07-05 13:49:05', '2014-07-05 13:49:05'),
(430, 'División ARMAS Y AGENCIAS', 'Moreno 1417 Piso 2º, C.A.B.A.', '4346-5709 // 4346-57', 1, '2014-07-05 13:49:05', '2014-07-05 13:49:05'),
(431, 'Sección ADUANA', 'Moreno 1417 Piso 2º, C.A.B.A.', '4383-0956 // 4383-72', 1, '2014-07-05 13:49:05', '2014-07-05 13:49:05'),
(432, 'Dirección General de Segu', 'Moreno 1417 piso 7º, C.A.B.A.', '5268-7323', 1, '2014-07-05 13:49:05', '2014-07-05 13:49:05'),
(433, 'Departamento Servicio de ', 'Lavalle 1429 piso 5 Of.. 505, C.A.B.A.', '4123-3630/3627', 1, '2014-07-05 13:49:05', '2014-07-05 13:49:05'),
(434, 'Div. Seg. Banco Central d', 'Reconquista 266 Of.6 e/p, C.A.B.A.', '4348-3500 int. 3285', 1, '2014-07-05 13:49:05', '2014-07-05 13:49:05'),
(435, 'División Seguridad Congre', 'Av. Rivadavia 1864 P.B.of. 30 bis, C.A.B.A.', '4127-7100 int. 3403 ', 1, '2014-07-05 13:49:05', '2014-07-05 13:49:05'),
(436, 'Sección Seguridad Honorab', 'H. Irigoyen 1849 PB.. Of.. 49 A, C.A.B.A. ', '4010-3000 int. 1044/', 1, '2014-07-05 13:49:05', '2014-07-05 13:49:05'),
(437, 'Div. Seg. y Cust. con los', 'Moreno 1050 PB.., C.A.B.A. ', '4379-3822 int. 3822', 1, '2014-07-05 13:49:05', '2014-07-05 13:49:05'),
(438, 'División Seguridad Minist', 'Esmeralda 1212  e/p, C.A.B.A.', '4819-7222/7225', 1, '2014-07-05 13:49:05', '2014-07-05 13:49:05'),
(439, 'División Seguridad Poder ', 'Talcahuano 550 piso 8º, C.A.B.A.', '4123-2326/27', 1, '2014-07-05 13:49:05', '2014-07-05 13:49:05'),
(440, 'Sección Seguridad y Custo', 'Billinghurs 471 piso 1º, C.A.B.A.', '4866-5449 4862-8405', 1, '2014-07-05 13:49:05', '2014-07-05 13:49:05'),
(441, 'Sección Edificios Av. Com', 'Comodoro Py 2002 Dest.fondo, C.A.B.A.', '4032-7448/49', 1, '2014-07-05 13:49:05', '2014-07-05 13:49:05'),
(442, 'División Seguridad y Cust', 'Talcahuano 550 piso 8º, C.A.B.A. ', '4123-4321/22', 1, '2014-07-05 13:49:05', '2014-07-05 13:49:05'),
(443, 'Sección Seguridad y Custo', 'Paraná 386 PB.., C.A.B.A.', '4373-7935 T.O. 2371', 1, '2014-07-05 13:49:05', '2014-07-05 13:49:05'),
(444, 'Div.  Seg. y Cust. del Mi', 'Paraná 451 piso 9º  frente, C.A.B.A.', '4015-3389/91', 1, '2014-07-05 13:49:05', '2014-07-05 13:49:05'),
(445, 'División Seguridad y Cust', 'Av. Paseo Colon 982 PB.., C.A.B.A.   ', '4379-2577/79', 1, '2014-07-05 13:49:05', '2014-07-05 13:49:05'),
(446, 'Div. Seg. Cust. Ministeri', 'Alsina 285 P.B., C.A.B.A. ', '4349-5005/5007/5008', 1, '2014-07-05 13:49:05', '2014-07-05 13:49:05'),
(447, 'División Comisaría Casa d', 'Balcarce 50 P.B., C.A.B.A.', '4344-3663 T.O. 3339', 1, '2014-07-05 13:49:05', '2014-07-05 13:49:05'),
(448, 'División Custodias y Obje', 'Lavalle 1958 piso 1º, C.A.B.A.', '4953-3383 T.O. 1191 ', 1, '2014-07-05 13:49:05', '2014-07-05 13:49:05'),
(449, 'Sección Testigos Protegid', 'Lavalle 1958 piso 3º, C.A.B.A.', '4953-3383 T.O. 1191 ', 1, '2014-07-05 13:49:05', '2014-07-05 13:49:05'),
(450, 'División Seguridad y Cust', 'Av. Belgrano 731 piso 9º, C.A.B.A.', '4331-4933 T.O. 3072', 1, '2014-07-05 13:49:05', '2014-07-05 13:49:05'),
(451, 'División Seguridad y Cust', 'Sarmiento 349 piso 5º', '5300-40057/4023 T.O.', 1, '2014-07-05 13:49:05', '2014-07-05 13:49:05'),
(452, 'División Seguridad y Cust', 'Balcarce 24 e/p, C.A.B.A. ', '4339-0800 int. 71108', 1, '2014-07-05 13:49:05', '2014-07-05 13:49:05'),
(453, 'Sección Seguridad con el ', 'P. Perón 664 piso 2 Of..208, C.A.B.A.', '4328-5448 T.O. 2160', 1, '2014-07-05 13:49:05', '2014-07-05 13:49:05'),
(454, 'Sección Seguridad Procura', 'Posadas 1641 P.B.', '4804-5918 int. 2478', 1, '2014-07-05 13:49:05', '2014-07-05 13:49:05'),
(455, 'Centro de Entrenamiento y', 'Moreno 1417 piso 1º, C.A.B.A.', '5268-7358 T. O. 7358', 1, '2014-07-05 13:49:05', '2014-07-05 13:49:05'),
(456, 'Dirección General de DELE', 'Moreno 1417- 8º Piso.-C.A.B.A.', '4381-0561 4383-0562 ', 1, '2014-07-05 13:49:05', '2014-07-05 13:49:05'),
(457, 'División DESPACHO', 'Moreno 1417- 8º Piso.-C.A.B.A.', '4346-5784 T.O.:5784', 1, '2014-07-05 13:49:05', '2014-07-05 13:49:05'),
(458, 'División Judiciales', 'Moreno 1417- 8º Piso.-C.A.B.A.', '4381-5310 T.O.:1382', 1, '2014-07-05 13:49:05', '2014-07-05 13:49:05'),
(459, 'Sección Técnica', 'Moreno 1417- 8º Piso.-C.A.B.A.', '4381-3702 4383-6330 ', 1, '2014-07-05 13:49:05', '2014-07-05 13:49:05'),
(460, 'División Situación de INT', 'Moreno 1417- 5º Piso.-C.A.B.A.', '4370-5999 T.O.:1850-', 1, '2014-07-05 13:49:05', '2014-07-05 13:49:05'),
(461, 'DELEGACIÓN    AVELLANEDA ', 'Av.Hipólito Yrigoyen 1385/87. AVELLANEDA', '4208-2035    4208-10', 1, '2014-07-05 13:49:05', '2014-07-05 13:49:05'),
(462, 'DELEGACIÓN  AZUL ', 'Belgrano  433. Azul. Bs.As.', '02281-42-4247  02281', 1, '2014-07-05 13:49:05', '2014-07-05 13:49:05'),
(463, 'DELEGACIÓN  BAHÍA BLANCA ', 'Rondeau 139 Bahía Blanca. Bs.As.', '0291-45-25397    029', 1, '2014-07-05 13:49:05', '2014-07-05 13:49:05'),
(464, 'DELEGACIÓN BARILOCHE     ', 'Gral. Tiscornia 6. Bariloche. Río Negro. ', '0294-442-3783 ', 1, '2014-07-05 13:49:05', '2014-07-05 13:49:05'),
(465, 'DELEGACIÓN  BELL VILLE   ', 'Rivadavia 126 Bell Ville. Córdoba', '03537-42-5797 / 0353', 1, '2014-07-05 13:49:05', '2014-07-05 13:49:05'),
(466, 'DELEGACIÓN  CAMPANA      ', 'Las Heras 468. Campana Bs.As.', '03489-431143 / 03489', 1, '2014-07-05 13:49:05', '2014-07-05 13:49:05'),
(467, 'DELEGACIÓN CATAMARCA    ', ' San Martín  244 Catamarca.', '0383-4430409 / 0383-', 1, '2014-07-05 13:49:05', '2014-07-05 13:49:05'),
(468, 'DELEGACIÓN COMODORO RIVAD', 'Chacabuco 386 C. Rivadavia . Chubut', '0297-44-73966 / 0297', 1, '2014-07-05 13:49:05', '2014-07-05 13:49:05'),
(469, 'DELEGACIÓN  CONCEP. DEL U', 'San Martín 596 C.del Uruguay. E. Ríos. ', '03442-42-5506 / 0344', 1, '2014-07-05 13:49:05', '2014-07-05 13:49:05'),
(470, 'SUBDELEGACIONCONCEP. DE T', 'Nasif Estéfano 120 Concepción. Tucumán', '03865-42-1875', 1, '2014-07-05 13:49:05', '2014-07-05 13:49:05'),
(471, 'DELEGACIÓN CONCORDIA    ', 'A del Valle 328 Concordia. E. Ríos', '0345-42-17369 / 0345', 1, '2014-07-05 13:49:05', '2014-07-05 13:49:05'),
(472, 'DELEGACIÓN CÓRDOBA      ', 'H. Irigoyen 493. Bº Nva. Córdoba. Cba.', '0351-46-98031 / 0351', 1, '2014-07-05 13:49:05', '2014-07-05 13:49:05'),
(473, 'DELEGACIÓN  CORRIENTES   ', 'Plácido Martínez 750. Corrientes', '03794-42-2022 / 0379', 1, '2014-07-05 13:49:05', '2014-07-05 13:49:05'),
(474, 'SUBDELEGACIÓN  CHASCOMUS ', 'Av. Pedro Nicolás Escribano Nª 309 ', '02241-42-3172 / 0224', 1, '2014-07-05 13:49:05', '2014-07-05 13:49:05'),
(475, 'DELEGACIÓN DOLORES       ', 'Castelli 174 Dolores. Bs. As.', '02245-44-3339', 1, '2014-07-05 13:49:05', '2014-07-05 13:49:05'),
(476, 'SUBDELEGACIÓN ELDORADO ', 'Malvinas 1949. Km. 9. Eldorado. Misiones', '03751-42-4020', 1, '2014-07-05 13:49:05', '2014-07-05 13:49:05'),
(477, 'SUBDELEGACIÓN ESQUEL     ', 'Alberdi 355 Esquel. Chubut.', '02945-45-2591 / 0294', 1, '2014-07-05 13:49:05', '2014-07-05 13:49:05'),
(478, 'DELEGACIÓN FORMOSA ', 'Padre Patiño 702 Formosa', '0370-443-0769', 1, '2014-07-05 13:49:05', '2014-07-05 13:49:05'),
(479, 'SUBDELEGACIÓN  GRAL. PICO', 'Calle 19 Nº 555 Grl. Pico. La Pampa.', '02302-42-1131 / 0230', 1, '2014-07-05 13:49:05', '2014-07-05 13:49:05'),
(480, 'SUBDELEGACIÓN GRL. ROCA ', 'Córdoba 1774. Grl. Roca. Río Negro', '0298-44-34327 / 0298', 1, '2014-07-05 13:49:05', '2014-07-05 13:49:05'),
(481, 'SUBDELEGACIÓN  GOYA ', 'José Eusebio Gómez 625. Goya. Corrientes', '03777-42-1503 / 0377', 1, '2014-07-05 13:49:05', '2014-07-05 13:49:05'),
(482, 'DELEGACIÓN  JUJUY   ', 'Juan Ignacio Gorriti 259. Jujuy.', '0388-42-37898  / 038', 1, '2014-07-05 13:49:06', '2014-07-05 13:49:06'),
(483, 'DELEGACIÓN  JUNÍN   ', 'Quintana 401 . Junín. Bs. As.', '0236-4444411 / 0236-', 1, '2014-07-05 13:49:06', '2014-07-05 13:49:06'),
(484, 'SUBDELEGACIÓN  LA QUIACA ', 'Republica Árabe Siria 588 La Quiaca. Jujuy.', '03885-42-2222 / 0388', 1, '2014-07-05 13:49:06', '2014-07-05 13:49:06'),
(485, 'DELEGACIÓN  LA PLATA  ', 'Calle 49 Nº 1004. La Plata. Bs. As.', '0221-42-34579 / 0221', 1, '2014-07-05 13:49:06', '2014-07-05 13:49:06'),
(486, 'DELEGACIÓN LA RIOJA', 'San Nicolás de Bari 933 La Rioja.', '0380-442-5374 / 0380', 1, '2014-07-05 13:49:06', '2014-07-05 13:49:06'),
(487, 'DELEGACIÓN  L.DE ZAMORA', 'Boedo 864. Lomas de Zamora. Bs.As.', '4244-4041 / 4243-145', 1, '2014-07-05 13:49:06', '2014-07-05 13:49:06'),
(488, 'DELEGACIÓN  M.DEL PLATA', 'Sarmiento 2551 Mar del Plata. Bs.As.', '0223-45-15709 / 0223', 1, '2014-07-05 13:49:06', '2014-07-05 13:49:06'),
(489, 'DELEGACIÓN MENDOZA ', 'Perú 1049. Mendoza', '0261-42-39767 / 0261', 1, '2014-07-05 13:49:06', '2014-07-05 13:49:06'),
(490, 'DELEGACIÓN MERCEDES ', 'Av. 29. Nº 654 Mercedes. Bs. As.', '02324-42-0180 / 0232', 1, '2014-07-05 13:49:06', '2014-07-05 13:49:06'),
(491, 'DELEGACIÓN MORÓN ', 'Salta 377. Morón .Pcia. Bs. As.', '4628-7595 / 4628-663', 1, '2014-07-05 13:49:06', '2014-07-05 13:49:06'),
(492, 'SUBDELEGACIÓN NECOCHEA', 'Calle 32 Nº 3305 esq.67 - Necochea. Bs. As. Subcrio. Duro, Omar  Roberto', '02262-42-3397', 1, '2014-07-05 13:49:06', '2014-07-05 13:49:06'),
(493, 'DELEGACIÓN  NEUQUÉN', 'Santiago del Estero 136. Neuquén.', '0299-44-30674 / 0299', 1, '2014-07-05 13:49:06', '2014-07-05 13:49:06'),
(494, 'SUBDELEGACIÓN OLAVARRIA', 'Del Valle 3597. Olavarría Bs. As.', '02284-42-0809 / 0228', 1, '2014-07-05 13:49:06', '2014-07-05 13:49:06'),
(495, 'DELEGACIÓN  PARANÁ    ', 'Rivadavia 181 Paraná Entre Ríos', '0343-43-12451 / 0343', 1, '2014-07-05 13:49:06', '2014-07-05 13:49:06'),
(496, 'DELEGACIÓN P.D.L.LIBRES ', 'R.O. Del Uruguay 1231. P.D.L.Libres. Corrientes', '03772-42-5825', 1, '2014-07-05 13:49:06', '2014-07-05 13:49:06'),
(497, 'SUBDELEGACIÓN PERGAMINO', '25 de Mayo 757. Pergamino. Bs. As. ', '02477-42-8412', 1, '2014-07-05 13:49:06', '2014-07-05 13:49:06'),
(498, 'SUBDELEGACIÓN PINAMAR ', 'De Las Medusas 1609. Pinamar. Bs. As. ', '02254-49-1320 / 0225', 1, '2014-07-05 13:49:06', '2014-07-05 13:49:06'),
(499, 'DELEGACIÓN POSADAS    ', 'Ayacucho 2360 Posadas. Misiones.', '03752-42-8120 / 0375', 1, '2014-07-05 13:49:06', '2014-07-05 13:49:06'),
(500, 'DELEGACIÓN   Pto. IGUAZÚ ', 'Avda. San Martín 16. Pto. Iguazú. Misiones', '03757-42-1065 / 0375', 1, '2014-07-05 13:49:06', '2014-07-05 13:49:06'),
(501, 'Oficina Documentación Pto', 'Juan Muzzio 401. Puerto Madryn.  Chubut.', '0280-4451331', 1, '2014-07-05 13:49:06', '2014-07-05 13:49:06'),
(502, 'DELEGACION RAWSON', 'Mariano Moreno 901. Rawson. Chubut.', '02965-48-1368 / 0296', 1, '2014-07-05 13:49:06', '2014-07-05 13:49:06'),
(503, 'SUBDELEGACIÓN RECONQUISTA', 'Patricio Diez 1221. Reconquista. Santa Fe.', '03482-42-9415 / 0348', 1, '2014-07-05 13:49:06', '2014-07-05 13:49:06'),
(504, 'DELEGACION RESISTENCIA ', 'Colón 234 Resistencia. Chaco', '0362-4429129 / 0362-', 1, '2014-07-05 13:49:06', '2014-07-05 13:49:06'),
(505, 'DELEGACION RÍO CUARTO  ', 'Vélez Sarsfield 389. Río Cuarto. Córdoba', '0358-46-44999 / 0358', 1, '2014-07-05 13:49:06', '2014-07-05 13:49:06'),
(506, 'DELEGACION RÍO GALLEGOS ', 'M. Fagnano 490. Río Gallegos. Santa Cruz.', '02966-42-2301 / 0296', 1, '2014-07-05 13:49:06', '2014-07-05 13:49:06'),
(507, 'SUBDELEGACIÓN RÍO GRANDE ', 'M. Fagnano 1167. Río Grande. Tierra del Fuego.', '02964-42-2988 / 0296', 1, '2014-07-05 13:49:06', '2014-07-05 13:49:06'),
(508, 'SUBDELEGACIÓN RÍO HONDO', 'Fco.Solano y Chacabuco. R.Hondo. S.del Estero', '03858-42-1936   0385', 1, '2014-07-05 13:49:06', '2014-07-05 13:49:06'),
(509, 'DELEGACION ROSARIO ', '9 de Julio 233. Rosario. Santa Fe', '0341-44-95151 / 0341', 1, '2014-07-05 13:49:06', '2014-07-05 13:49:06'),
(510, 'DELEGACION SÁENZ PEÑA ', 'Belgrano 722. Pte. R. Sáenz Peña. Chaco', '03732-42-0710', 1, '2014-07-05 13:49:06', '2014-07-05 13:49:06'),
(511, 'DELEGACION SALTA  ', 'Sgo. Del Estero 952. Salta', '0387-42-22487 / 0387', 1, '2014-07-05 13:49:06', '2014-07-05 13:49:06'),
(512, 'SUBDELEGACIÓN   S. MAZZA ', ' Radio Est. Pocitos . Salvador Mazza Salta  ', '03875-47-1111', 1, '2014-07-05 13:49:06', '2014-07-05 13:49:06'),
(513, 'DELEGACION  SAN ISIDRO  ', 'Moreno 348/58. San Isidro. Bs. As.  ', '4747-6352 / 4742-814', 1, '2014-07-05 13:49:06', '2014-07-05 13:49:06'),
(514, 'DELEGACION  SAN JUAN ', 'Entre Ríos 466 (S) San Juan ', '0264-42-14521 / 0264', 1, '2014-07-05 13:49:06', '2014-07-05 13:49:06'),
(515, 'DELEGACION  SAN LUIS  ', 'Pedernera 710. San Luis   ', '0266-442-4205', 1, '2014-07-05 13:49:06', '2014-07-05 13:49:06'),
(516, 'DELEGACION  SAN MARTÍN  ', 'Ramón Carrillo 2139 - San Martín Bs.As', '4753-7520 / 4753-004', 1, '2014-07-05 13:49:06', '2014-07-05 13:49:06'),
(517, 'SUBDELEGACIÓN S.M. ANDES ', 'Av. San Martín 915 -S.M  los Andes, Neuquen', '02972-42-8249', 1, '2014-07-05 13:49:06', '2014-07-05 13:49:06'),
(518, 'DELEGACION  SAN NICOLAS', 'Carlos Pellegrini 320 - San Nicolás - Bs. As. ', '0336-442-2500 / 0336', 1, '2014-07-05 13:49:06', '2014-07-05 13:49:06'),
(519, 'DELEGACION  SAN PEDRO  ', 'Sarmiento 202. San Pedro . Jujuy. ', '03888-42-1462', 1, '2014-07-05 13:49:06', '2014-07-05 13:49:06'),
(520, 'DELEGACION  SAN RAFAEL ', 'Cte. Salas 215. San Rafael. Mendoza ', '0260-44-3111', 1, '2014-07-05 13:49:06', '2014-07-05 13:49:06'),
(521, 'DELEGACION  SAN RAMÓN DE ', '20 de Febrero 141. San Ramón de la Nva. Orán. Pcia. de Salta.', '03878-42-8264', 1, '2014-07-05 13:49:06', '2014-07-05 13:49:06'),
(522, 'DELEGACION SANTA FE  ', 'San Martín 3381.Santa Fe.', '0342-45-29984   0342', 1, '2014-07-05 13:49:06', '2014-07-05 13:49:06'),
(523, 'DELEGACION SANTA ROSA ', 'Pellegrini 506. Santa Rosa. La Pampa.  ', '02954-43-0120 / 0295', 1, '2014-07-05 13:49:06', '2014-07-05 13:49:06'),
(524, 'DELEGACION S.del ESTERO', 'Absalón Rojas 345/53. Stgo. Del Estero ', '0385-42-24488 / 0385', 1, '2014-07-05 13:49:06', '2014-07-05 13:49:06'),
(525, 'SUBDELEGACIÓN  TANDIL    ', 'Maipú 541. Tandil. Bs. As.', '0249-442-8468 / 0249', 1, '2014-07-05 13:49:06', '2014-07-05 13:49:06'),
(526, 'Oficina Documentación TRE', '9 de Julio 87. Trevelín. Chubut.', '02945-48-0150', 1, '2014-07-05 13:49:06', '2014-07-05 13:49:06'),
(527, 'DELEGACIÓN TRES DE FEBRER', 'Bonifacini 4765. Caseros Pdo. de Tres de Febrero ', '4750-3296 / 4587-586', 1, '2014-07-05 13:49:06', '2014-07-05 13:49:06'),
(528, 'DELEGACIÓN TUCUMÁN ', 'Santa Fe 630 Tucumán   ', '0381-43-11325', 1, '2014-07-05 13:49:06', '2014-07-05 13:49:06'),
(529, 'DELEGACIÓN USHUAIA', 'Gdor. Deloqui 1101. Ushuaia. T. del Fuego. ', '02901-42-2365 / 0290', 1, '2014-07-05 13:49:06', '2014-07-05 13:49:06'),
(530, 'SUBDELEGACIÓN  V. TUERTO ', 'Garibaldi 401. Venado Tuerto. Pcia de Sta Fe.', '03462-42-7200 / 0346', 1, '2014-07-05 13:49:06', '2014-07-05 13:49:06'),
(531, 'SUBDELEGACIÓN 25 de MAYO ', 'Calle 31. Nº 542. 25 de Mayo. Bs. As.', '02345-46-2700 / 0234', 1, '2014-07-05 13:49:06', '2014-07-05 13:49:06'),
(532, 'DELEGACIÓN VIEDMA    ', 'Pres. Evaristo Garrone 129 Viedma. Río Negro', '02920-42-2113  02920', 1, '2014-07-05 13:49:06', '2014-07-05 13:49:06'),
(533, 'DELEGACIÓN  VILLA MARÍA  ', 'L. De la TORRE 348. Villa María. Córdoba ', '0353-45-23553  /  03', 1, '2014-07-05 13:49:06', '2014-07-05 13:49:06'),
(534, 'SUBDELEGACIÓN Va MERCEDES', 'Necochea 4 Villa Mercedes. San Luis ', '02657-42-2646  / 026', 1, '2014-07-05 13:49:06', '2014-07-05 13:49:06'),
(535, 'DELEGACIÓN ZAPALA   ', 'Belgrano 317. Zapala. Neuquén.  ', '02942-42-1185  02942', 1, '2014-07-05 13:49:06', '2014-07-05 13:49:06'),
(536, 'ÁREA I', 'Calle 49 Nº 1004. LA PLATA. Bs. As.  ', '0221-42-54748', 1, '2014-07-05 13:49:06', '2014-07-05 13:49:06'),
(537, 'ÁREA II', 'Sarmiento 2551. 1º Piso. MAR DEL PLATA. ', '0223-45-19681', 1, '2014-07-05 13:49:06', '2014-07-05 13:49:06'),
(538, 'ÁREA III', '9 DE Julio 233. Rosario. Pcia. Santa Fe.  ', '0341-44-75595', 1, '2014-07-05 13:49:06', '2014-07-05 13:49:06'),
(539, 'ÁREA IV', 'Santa Fe 630. 1º Piso. TUCUMÁN.  ', '0381-42-11440', 1, '2014-07-05 13:49:06', '2014-07-05 13:49:06'),
(540, 'ÁREA V', 'San Juan 325. MENDOZA. ', '0261-42-46413', 1, '2014-07-05 13:49:06', '2014-07-05 13:49:06'),
(541, 'ÁREA VI', 'Av. Arturo ILLIA, 560 - Sta. Rosa - LA PAMPA ', '02954-43-4501', 1, '2014-07-05 13:49:06', '2014-07-05 13:49:06'),
(542, 'ÁREA VII', 'Rivadavia  1183 -COMODORO RIVADAVIA.', '0297-44-61189', 1, '2014-07-05 13:49:06', '2014-07-05 13:49:06'),
(543, 'ÁREA VIII', 'Placido Martínez 750. CORRIENTES', '03794-42-0718 /  037', 1, '2014-07-05 13:49:06', '2014-07-05 13:49:06'),
(544, 'S.E.F.I.D.C.O.- Mar del P', 'CATAMARCA 2447 Mar del Plata - Prov.,. De Bs.As ', '0223-492-5166 / 0223', 1, '2014-07-05 13:49:06', '2014-07-05 13:49:06'),
(545, 'S.E.F.I.D.C.O.-Córdoba- Á', 'Hipólito Irigoyen 646-Prov. De Córdoba ', '0351-460-5536', 1, '2014-07-05 13:49:06', '2014-07-05 13:49:06'),
(546, 'S.E.F.I.D.C.O.- Rosario- ', 'Av.Fracia 1293 Prov. De Santa Fe ', '0341-435-4473', 1, '2014-07-05 13:49:06', '2014-07-05 13:49:06'),
(547, 'S.E.F.I.D.C.O.-Tucumán - ', 'Av.America 76 S.m. de Tucumán', '0381-435-1131 / 0381', 1, '2014-07-05 13:49:06', '2014-07-05 13:49:06'),
(548, 'S.E.F.I.D.C.O.- Cipollett', 'La Esmeralda 1928. Cipolletti. Provincia de Río Negro ', '0299-479-0792 / 0299', 1, '2014-07-05 13:49:06', '2014-07-05 13:49:06'),
(549, 'Superintendencia FEDERAL ', 'Salta 1929, PB.. C.A.B.A.', '4346-5755 T.O 5755/5', 1, '2014-07-05 13:49:06', '2014-07-05 13:49:06'),
(550, 'División DESPACHO', 'Salta 1929, PB.. C.A.B.A.', '4304-9425  T.O 2170', 1, '2014-07-05 13:49:06', '2014-07-05 13:49:06'),
(551, 'Sección COMUNICACIONES Y ', 'Salta 1929, PB.. C.A.B.A.', '4346-5747', 1, '2014-07-05 13:49:06', '2014-07-05 13:49:06'),
(552, 'Sección ASESORIA', 'Salta 1929, PB.. C.A.B.A.', '4346-5768 T.O 2149/5', 1, '2014-07-05 13:49:06', '2014-07-05 13:49:06'),
(553, 'Dirección General de SEGU', 'Salta 1929, PB.. C.A.B.A.', '4346-5744           ', 1, '2014-07-05 13:49:06', '2014-07-05 13:49:06'),
(554, 'Dpto. CONTROL DE LÍNEAS', 'Salta 1929, PB.. C.A.B.A.', '4305-5370 / T.O. 394', 1, '2014-07-05 13:49:06', '2014-07-05 13:49:06'),
(555, 'División ROCA', 'General Hornos 41, Piso 6º, C.A.B.A.', '4304-2781/4306-2967 ', 1, '2014-07-05 13:49:06', '2014-07-05 13:49:06'),
(556, 'División BELGRANO', 'Avenida Ramos Mejia 1430, Piso 3º, C.A.B.A.', '4312-9625 /  T.O: 14', 1, '2014-07-05 13:49:06', '2014-07-05 13:49:06'),
(557, 'División MITRE', 'Avenida Ramos Mejia 1350, Hall Central, Retiro, C.A.B.A.', '4311-2964 / 4315-008', 1, '2014-07-05 13:49:06', '2014-07-05 13:49:06'),
(558, 'División SARMIENTO', 'Pte. Perón 2980, Ciudad Autónoma de Buenos Aires', '4864-0933/1074 / T.O', 1, '2014-07-05 13:49:06', '2014-07-05 13:49:06'),
(559, 'División SAN MARTÍN', 'Avenida Ramos Mejia 1550, Anden 1, C.A.B.A.', '4311-5866  4312-3726', 1, '2014-07-05 13:49:06', '2014-07-05 13:49:06'),
(560, 'División URQUIZA', 'Federico Lacroze 4181, Hall Central, C.A.B.A.', '4553-8587/4553-0811 ', 1, '2014-07-05 13:49:06', '2014-07-05 13:49:06'),
(561, 'Departamento BRIGADAS Y E', 'Salta 1929, Piso 1º, C.A.B.A.', 'UNIÓN: 4346-5742 Of.', 1, '2014-07-05 13:49:06', '2014-07-05 13:49:06'),
(562, 'División BRIGADAS DE PREV', 'Salta 1929, Piso 3º, C.A.B.A.', 'L.UNION: 4346-5745 M', 1, '2014-07-05 13:49:06', '2014-07-05 13:49:06'),
(563, 'División SERVICIOS ESPECI', 'Gral.Hornos Nº 41,Piso 6º C.A.B.A.', 'UNIÓN: 4304-6861  Gu', 1, '2014-07-05 13:49:06', '2014-07-05 13:49:06'),
(564, 'División COMANDO DÍGITO R', 'Salta 1929, Piso 3º, C.A.B.A.', 'UNIÓN: 4346-5747 Con', 1, '2014-07-05 13:49:06', '2014-07-05 13:49:06'),
(565, 'División PLANIFICACIÓN TÉ', 'Salta 1929, Piso 2º, C.A.B.A.', 'UNIÓN: 4304-8806  Of', 1, '2014-07-05 13:49:06', '2014-07-05 13:49:06'),
(566, 'Superintendencia de INVES', 'Gral. J. Madariaga Nº 6976, Piso 1º, CABA', '4370-5871  /  T.O. 2', 1, '2014-07-05 13:49:06', '2014-07-05 13:49:06'),
(567, 'Sección UNIDAD INFORMATIV', 'Moreno 1550, Piso 2º, Of. 234 CABA', '', 1, '2014-07-05 13:49:06', '2014-07-05 13:49:06'),
(568, 'Oficina Técnica', 'Gral. J. Madariaga Nº 6976, Piso 1º, CABA', '2884/1513 ', 1, '2014-07-05 13:49:06', '2014-07-05 13:49:06'),
(569, 'División DESPACHO', 'Gral. J. Madariaga nº 6976, Piso 1º, CABA', '  4604-1768/ 4370-58', 1, '2014-07-05 13:49:06', '2014-07-05 13:49:06'),
(570, 'Sección AGRUPACIÓN SERVIC', 'Gral. J. Madariaga nº 6976, PB, CABA', '4601-7249    4601-72', 1, '2014-07-05 13:49:06', '2014-07-05 13:49:06'),
(571, 'Dirección General de OPER', 'Gral. J. Madariaga nº 6976, Piso 1º, CABA', '4370-5922           ', 1, '2014-07-05 13:49:06', '2014-07-05 13:49:06'),
(572, 'Sección MESA DE ENTRADAS ', 'Gral. J. Madariaga nº 6976, Piso 1º, CABA', 'T.O.1075/2493', 1, '2014-07-05 13:49:06', '2014-07-05 13:49:06'),
(573, 'Sección CENTRAL RADIOELÉC', 'Gral. J. Madariaga nº 6976, Piso 1º, CABA', '4370-5881  T.O.2763/', 1, '2014-07-05 13:49:06', '2014-07-05 13:49:06'),
(574, 'División SEGURIDAD', 'Gral. J. Madariaga nº 6976, PB, CABA', 'T.O.1119/1966/6188 /', 1, '2014-07-05 13:49:06', '2014-07-05 13:49:06'),
(575, 'División ALCAIDÍA', 'Gral. J. Madariaga nº 6976, PB y Subsuelo, CABA', 'T.O. 6514/6544/6516/', 1, '2014-07-05 13:49:06', '2014-07-05 13:49:06'),
(576, 'Departamento DELITOS C/LA', 'Gral. J. Madariaga nº 6976, CABA', '4370-589 / T.O.2028/', 1, '2014-07-05 13:49:06', '2014-07-05 13:49:06'),
(577, 'División ROBOS Y HURTOS', 'Gral. J. Madariaga nº 6976, PB, CABA', '4605-3368 /4370-5892', 1, '2014-07-05 13:49:06', '2014-07-05 13:49:06'),
(578, 'División DELITOS INTERJUR', 'Gral. J. Madariaga Nº 6976, Piso 2º, CABA', '4370-5876 / T.O. 276', 1, '2014-07-05 13:49:06', '2014-07-05 13:49:06'),
(579, 'Oficina Convenio Policial', 'Gral. J. Madariaga nº 6976, Piso 2º, CABA', ' 4370-5888', 1, '2014-07-05 13:49:06', '2014-07-05 13:49:06'),
(580, 'División PLANTAS VERIFICA', 'Molier 250, CABA', '4635-6544 4635-7507 ', 1, '2014-07-05 13:49:06', '2014-07-05 13:49:06'),
(581, 'División PLANTAS VERIFICA', 'Cazadores 2066, CABA', '4784-6939 4784-6940 ', 1, '2014-07-05 13:49:06', '2014-07-05 13:49:06'),
(582, 'Div. PLANTAS VERIF. (PLAY', 'Calazan y AU 25 Mayo CABA', 'T.O.1092', 1, '2014-07-05 13:49:06', '2014-07-05 13:49:06'),
(583, 'Div. PLANTAS VERIF. (PLAY', 'Avda F. de la Cruz y Lacarra CABA', 'T.O. 2193', 1, '2014-07-05 13:49:06', '2014-07-05 13:49:06'),
(584, 'Div. PLANTAS VERIF. (ZEPI', 'Avda Vélez Sarsfield 1901 CABA', '4301-6056/6853', 1, '2014-07-05 13:49:06', '2014-07-05 13:49:06'),
(585, 'División SUSTRACCIÓN DE A', 'Gral. J. Madariaga Nº 6976, PB, Of. 217, CABA', '4370-5894 / T.O.1296', 1, '2014-07-05 13:49:06', '2014-07-05 13:49:06'),
(586, 'Departamento DELITOS C/LA', 'Gral. J. Madariaga nº 6976, Piso 2º, CABA', '4370-5880 T.O. 2239/', 1, '2014-07-05 13:49:06', '2014-07-05 13:49:06'),
(587, 'División DELITOS CONTRA M', 'Venezuela 1931, Piso 3º, (altos de la Cría 6a)', '4308-2111 4942-2110 ', 1, '2014-07-05 13:49:06', '2014-07-05 13:49:06'),
(588, 'División HOMICIDIOS', 'Azopardo 670, piso 3º, CABA', '4370-5897', 1, '2014-07-05 13:49:06', '2014-07-05 13:49:06'),
(589, 'División DELITOS CONTRA L', 'Gral. J. Madariaga Nº 6976, Piso 2º, CABA', '4370-5885 / T.O.2963', 1, '2014-07-05 13:49:06', '2014-07-05 13:49:06'),
(590, 'División TRATA DE PERSONA', 'Avda. I. Huergo 608, Piso 1º CABA', '4342-7352  4342-0289', 1, '2014-07-05 13:49:06', '2014-07-05 13:49:06'),
(591, 'División BÚSQUEDA DE PERS', 'Gral. J. Madariaga Nº 6976, PB, CABA', '4370-5903 / T.O.3180', 1, '2014-07-05 13:49:06', '2014-07-05 13:49:06'),
(592, 'Departamento COORD. Y ENL', 'Avda. Corrientes 5666, PB. CABA', '4856-4546 / T.O.2151', 1, '2014-07-05 13:49:06', '2014-07-05 13:49:06'),
(593, 'Dirección General deLUCHA', 'Moreno 1550, 2º Piso, Entrepiso Of. 216 CABA', '4346-5714   T.O.2852', 1, '2014-07-05 13:49:06', '2014-07-05 13:49:06'),
(594, 'Sección MESA DE ENTRADAS ', 'Moreno 1550, 2º Piso, Entrepiso Of. 216 CABA', '4370-5978 T.O.3978/5', 1, '2014-07-05 13:49:06', '2014-07-05 13:49:06'),
(595, 'División JURÍDICO CONTABL', 'Avda. Belgrano 1549, Piso 3º, Of. 364 CABA', '4370-5918  T.O.2743/', 1, '2014-07-05 13:49:06', '2014-07-05 13:49:06'),
(596, 'Sección INTELIGENCIA FISC', 'Avda. Belgrano 1549, Piso 3º, Of. 364 CABA', 'T.O. 1571', 1, '2014-07-05 13:49:06', '2014-07-05 13:49:06'),
(597, 'Departamento DELITOS ECON', 'Moreno 1550, Piso 2º, Entrepiso, Of. 227bis CABA', 'T.O. 5788 / 4370-578', 1, '2014-07-05 13:49:06', '2014-07-05 13:49:06'),
(598, 'División DEFRAUDACIONES Y', 'Moreno 1550, Piso 2º, Of. 247 y 248 CABA', '4370-5906 T.O.1559/2', 1, '2014-07-05 13:49:06', '2014-07-05 13:49:06'),
(599, 'División ANTISECUESTROS', 'Cavia 3350, PB CABA', '4346-5794/9 4346-579', 1, '2014-07-05 13:49:06', '2014-07-05 13:49:06'),
(600, 'División FRAUDES BANCARIO', 'Tacuari 772 (Altos de la Cría. 4ta.); B. Mitre 326, Local 1 (interior Bco. de la Nación)', '4342-5158 / 4342-544', 1, '2014-07-05 13:49:06', '2014-07-05 13:49:06'),
(601, 'Sección FALSIFICACIÓN DE ', 'Moreno 1550, Piso 2º, Entrepiso, Of. 216 CABA', '4370-5904 / T.O.5904', 1, '2014-07-05 13:49:06', '2014-07-05 13:49:06'),
(602, 'Departamento INVESTIGACIÓ', 'Moreno 1550, Piso 2º, Entrepiso Of. 227 CABA', '4382-4176 / T.O. 165', 1, '2014-07-05 13:49:06', '2014-07-05 13:49:06'),
(603, 'Cuerpo de Auxiliares- Inv', 'Moreno 1550, 2º piso entrepiso Of. 227', 'T.O. 2565/2185', 1, '2014-07-05 13:49:06', '2014-07-05 13:49:06'),
(604, 'División DELITOS TECNOLÓG', 'Cavia 3350, piso 1º', '4370-5899/ 4800-1120', 1, '2014-07-05 13:49:06', '2014-07-05 13:49:06'),
(605, 'División INDIVIDUALIZACIÓ', 'Azopardo 670, piso 3º', '4370-5875   4346-703', 1, '2014-07-05 13:49:06', '2014-07-05 13:49:06'),
(606, 'División INVESTIGACIONES ', 'Venezuela 1931, piso 2º', '4942-5313 / 4308-071', 1, '2014-07-05 13:49:06', '2014-07-05 13:49:06'),
(607, 'División INVESTIGACIÓN FE', 'Gurruchaga 2473, pisos 1,2 y3', '4832-3824/ 4832-9116', 1, '2014-07-05 13:49:06', '2014-07-05 13:49:06'),
(608, 'Superintendencia de POLIC', 'Azopardo 670, 3º piso, C.A.B.A.', 'Secretaria  T.O. 617', 1, '2014-07-05 13:49:06', '2014-07-05 13:49:06'),
(609, 'División DESPACHO', 'Azopardo 670, 3º piso, C.A.B.A.', 'Jefe 4346-7025 T.O. ', 1, '2014-07-05 13:49:06', '2014-07-05 13:49:06'),
(610, 'Dirección General de REGI', 'Azopardo 670, 1º piso, C.A.B.A.', 'Oficina Jefe de Depe', 1, '2014-07-05 13:49:06', '2014-07-05 13:49:06'),
(611, 'Departamento IDENTIFICACI', 'Azopardo 670, 1º piso, C.A.B.A.', 'Oficina Jefe de Depe', 1, '2014-07-05 13:49:06', '2014-07-05 13:49:06'),
(612, 'División ÍNDICE GENERAL', 'Azopardo 670, 1º piso, C.A.B.A.', 'Jefe de Dependencia:', 1, '2014-07-05 13:49:06', '2014-07-05 13:49:06'),
(613, '-Sección REGISTRO Y CONTR', 'Azopardo 670, 1º piso, C.A.B.A.', 'TO 3445', 1, '2014-07-05 13:49:06', '2014-07-05 13:49:06'),
(614, 'División INFORMACIÓN DE A', 'Azopardo 670, 3º piso, C.A.B.A.', 'Jefe de Dependencia:', 1, '2014-07-05 13:49:06', '2014-07-05 13:49:06'),
(615, 'División DACTILOSCOPÍA', 'Azopardo 670, 1º piso, C.A.B.A.', 'Jefe de Dependencia:', 1, '2014-07-05 13:49:06', '2014-07-05 13:49:06'),
(616, 'División LEGAJOS PERSONAL', 'Azopardo 670, 2º piso, C.A.B.A.', '4346-7065/4346-7066', 1, '2014-07-05 13:49:06', '2014-07-05 13:49:06'),
(617, 'Sección SISTEMAS ELECTRÓN', 'Azopardo 670, 1º piso, C.A.B.A.', 'Jefe de Dependencia:', 1, '2014-07-05 13:49:06', '2014-07-05 13:49:06'),
(618, 'Dirección GENERAL DE PERI', 'Azopardo Nº 670 - 3º. Piso C.A.B.A.', 'Jefe: 4-346-7052 - T', 1, '2014-07-05 13:49:06', '2014-07-05 13:49:06'),
(619, 'Departamento SCOPOMETRICO', 'Azopardo Nº 670 - 3er. Piso (C.A.B.A.)', 'Jefe: 4-346-7034 - T', 1, '2014-07-05 13:49:06', '2014-07-05 13:49:06'),
(620, 'División BALÍSTICA', 'Azopardo Nº 670 - 3er. Piso (C.A.B.A.)', 'Jefe: 4-346-7041  - ', 1, '2014-07-05 13:49:06', '2014-07-05 13:49:06'),
(621, 'División FOTOGRAFÍA POLIC', 'Azopardo Nº 670 - 3er. Piso (C.A.B.A.)', 'Jefe: 4-346-7056', 1, '2014-07-05 13:49:06', '2014-07-05 13:49:06'),
(622, 'División INGENIERÍA VIAL ', 'Chile Nº 11 - Planta Baja (C.A.B.A.)', 'Jefe: 4-346-7045 - T', 1, '2014-07-05 13:49:06', '2014-07-05 13:49:06'),
(623, 'División INVESTIGACIÓN Y ', 'Azopardo Nº 670 - 3er. Piso (C.A.B.A.)', 'Jefe:  T.O.: 7032', 1, '2014-07-05 13:49:06', '2014-07-05 13:49:06'),
(624, 'Gabinete Científico CÓRDO', 'Concepción de Arenal Nº 690, 1º Subsuelo de los Tribunales Federales de la Ciudad de Córdoba, PROVINCIA DE CÓRDOBA', '0351-433-4620/21', 1, '2014-07-05 13:49:06', '2014-07-05 13:49:06'),
(625, 'Gabinete Científico TUCUM', 'Piedras Nº 418, 2ª Subsuelo de los Tribunales Federales de la Ciudad de San Miguel de Tucumán, PROVINCIA DE TUCUMÁN', '0381-421-8508', 1, '2014-07-05 13:49:06', '2014-07-05 13:49:06'),
(626, 'Gabinete Científico ROSAR', '9 de Julio Nº 223, Ciudad de ROSARIO, PROVINCIA DE SANTA FE', '0341-445-0438', 1, '2014-07-05 13:49:06', '2014-07-05 13:49:06'),
(627, 'Gabinete Científico BAHÍA', 'Rondeau Nº 139, Ciudad de Bahía Blanca, PROVINCIA DE BUENOS AIRES', '0291-452-1342', 1, '2014-07-05 13:49:06', '2014-07-05 13:49:06'),
(628, 'Gabinete Científico SALTA', 'Santiago del Estero Nº 952,  Salta, PROVINCIA DE SALTA', '0387-422-2286', 1, '2014-07-05 13:49:06', '2014-07-05 13:49:06'),
(629, 'Gabinete Científico POSAD', 'Ayacucho Nº 2360, Posadas, PROVINCIA DE MISIONES', '0376-444-0093', 1, '2014-07-05 13:49:06', '2014-07-05 13:49:06'),
(630, 'Gabinete Científico JUJUY', 'Gorrito Nº 259, San Salvador Jujuy, PROVINCIA DE JUJUY', '0388-424-3499', 1, '2014-07-05 13:49:06', '2014-07-05 13:49:06'),
(631, 'Gabinete Científico RESIS', 'Colon Nº 234, Planta Alta, Resistencia, PROVINCIA DE CHACO', '0362-442-4708', 1, '2014-07-05 13:49:06', '2014-07-05 13:49:06'),
(632, 'Gabinete Científico MENDO', 'Perú Nº 1.049, Mendoza, PROVINCIA DE MENDOZA', '0261-425-6103', 1, '2014-07-05 13:49:06', '2014-07-05 13:49:06'),
(633, 'Gabinete Científico NEUQU', 'Santiago del Estero Nº 136, 1º Piso, Neuquén, PROVINCIA DE NEUQUÉN', '0299-448-9581', 1, '2014-07-05 13:49:06', '2014-07-05 13:49:06'),
(634, 'Gabinete Científico COMOD', 'Chacabuco Nº 386, Ciudad de Comodoro Rivadavia, PROVINCIA DE CHUBUT', '0297-446-2038', 1, '2014-07-05 13:49:06', '2014-07-05 13:49:06'),
(635, 'Gabinete Científico CONCE', 'Av. San Martín Nº 596, Concepción del Uruguay, PROVINCIA DE ENTRE RÍOS', '0344-242-5505', 1, '2014-07-05 13:49:06', '2014-07-05 13:49:06'),
(636, 'Gabinete Científico MAR D', 'Sarmiento Nº 2.554, Ciudad de Mar del Plata, PROVINCIA DE BUENOS AIRES', '0223-451-2571', 1, '2014-07-05 13:49:06', '2014-07-05 13:49:06'),
(637, 'División LABORATORIO QUÍM', 'Av. Ingeniero Huergo Nº 680, 1er. Piso - Altos de la Comisaría 22a - (C.A.B.A.)', 'Jefe: 4-346-7031 - T', 1, '2014-07-05 13:49:06', '2014-07-05 13:49:06'),
(638, 'División MEDICINA LEGAL', 'Azopardo Nº 670 - Planta Baja (C.A.B.A.)', '* Jefe: 4-346-7022 -', 1, '2014-07-05 13:49:06', '2014-07-05 13:49:06'),
(639, 'Sección UNIDAD MÉDICO FOR', 'Azopardo Nº 670 - Planta Baja (C.A.B.A.)', '* Jefe: T.O.: 3502 /', 1, '2014-07-05 13:49:06', '2014-07-05 13:49:06'),
(640, 'División RASTROS', 'Azopardo Nº 670 - 3do. Piso (C.A.B.A.)', '* Jefe: 4-346-7058 -', 1, '2014-07-05 13:49:06', '2014-07-05 13:49:06'),
(641, 'Sección UNIDAD CRIMINALÍS', 'Azopardo Nº 670 - 3er. Piso (C.A.B.A.)', '* Jefe:  T.O.: 3462 ', 1, '2014-07-05 13:49:06', '2014-07-05 13:49:06'),
(642, 'División SCOPOMETRIA', 'Azopardo Nº 670 - 3er. Piso (C.A.B.A.)', '* Jefe: 4-346-7036 -', 1, '2014-07-05 13:49:06', '2014-07-05 13:49:06'),
(643, 'División SEGURIDAD', 'Azopardo Nº 670 - Planta Baja (C.A.B.A.)', '* Jefe: 4-346-7071 T', 1, '2014-07-05 13:49:06', '2014-07-05 13:49:06'),
(644, 'División ASESORIA LEGAL', 'Azopardo 670, Piso 3ro.', '4346-7016/  7017 to:', 1, '2014-07-05 13:49:06', '2014-07-05 13:49:06'),
(645, 'Dirección Nacional', 'Aeropuerto Internacional Ministro Pistarini-Casilla de Correo Nº 26-Ezeiza-Buenos Aires-Argentina-C.P. 1802', '4480-2457', 2, '2014-07-05 13:49:06', '2014-07-05 13:49:06'),
(646, 'Gabinete de Asesores', 'Aeropuerto Internacional Ministro Pistarini-Casilla de Correo Nº 26-Ezeiza-Buenos Aires-Argentina-C.P. 1802', '4897-4025', 2, '2014-07-05 13:49:06', '2014-07-05 13:49:06'),
(647, 'Dirección de Seguridad In', '', '', 2, '2014-07-05 13:49:06', '2014-07-05 13:49:06'),
(648, 'Dirección de Sumarios', 'Aeropuerto Internacional Ministro Pistarini-Casilla de Correo Nº 26-Ezeiza-Buenos Aires-Argentina-C.P. 1802', '4480-2461', 2, '2014-07-05 13:49:06', '2014-07-05 13:49:06'),
(649, 'Dirección de Despacho Adm', 'Aeropuerto Internacional Ministro Pistarini-Casilla de Correo Nº 26-Ezeiza-Buenos Aires-Argentina-C.P. 1802', '4480-2447', 2, '2014-07-05 13:49:06', '2014-07-05 13:49:06'),
(650, 'Departamento de Prensa y ', 'Aeropuerto Internacional Ministro Pistarini-Casilla de Correo Nº 26-Ezeiza-Buenos Aires-Argentina-C.P. 1802', '5480-5466', 2, '2014-07-05 13:49:06', '2014-07-05 13:49:06'),
(651, 'Dirección de Seguridad de', 'Aeropuerto Internacional Ministro Pistarini-Casilla de Correo Nº 26-Ezeiza-Buenos Aires-Argentina-C.P. 1802', '4480-2297', 2, '2014-07-05 13:49:06', '2014-07-05 13:49:06'),
(652, 'Dirección General de Plan', 'Instituto de Formación Ezeiza-Autopista Ricchieri Salida Km. 25-Ezeiza-Buenos Aires-Argentina-C.P. 1802', '5166-4872', 2, '2014-07-05 13:49:06', '2014-07-05 13:49:06'),
(653, 'Dirección de Coordinación', 'Instituto de Formación Ezeiza-Autopista Ricchieri Salida Km. 25-Ezeiza-Buenos Aires-Argentina-C.P. 1802', '5166-4829', 2, '2014-07-05 13:49:06', '2014-07-05 13:49:06'),
(654, 'Dirección de Gestión del ', 'Instituto de Formación Ezeiza-Autopista Ricchieri Salida Km. 25-Ezeiza-Buenos Aires-Argentina-C.P. 1802', '5166-4875', 2, '2014-07-05 13:49:06', '2014-07-05 13:49:06'),
(655, 'Dirección de Evaluación d', 'Instituto de Formación Ezeiza-Autopista Ricchieri Salida Km. 25-Ezeiza-Buenos Aires-Argentina-C.P. 1802', '5166-4934', 2, '2014-07-05 13:49:06', '2014-07-05 13:49:06'),
(656, 'Dirección General de Segu', 'Instituto de Formación Ezeiza-Autopista Ricchieri Salida Km. 25-Ezeiza-Buenos Aires-Argentina-C.P. 1802', '5166-4811', 2, '2014-07-05 13:49:06', '2014-07-05 13:49:06'),
(657, 'Dirección de Control Poli', 'Instituto de Formación Ezeiza-Autopista Ricchieri Salida Km. 25-Ezeiza-Buenos Aires-Argentina-C.P. 1802', '5166-4949', 2, '2014-07-05 13:49:06', '2014-07-05 13:49:06'),
(658, 'Dirección de Operaciones ', 'Instituto de Formación Ezeiza-Autopista Ricchieri Salida Km. 25-Ezeiza-Buenos Aires-Argentina-C.P. 1802', '5166-4879', 2, '2014-07-05 13:49:06', '2014-07-05 13:49:06'),
(659, 'Dirección de Control de E', 'Instituto de Formación Ezeiza-Autopista Ricchieri Salida Km. 25-Ezeiza-Buenos Aires-Argentina-C.P. 1802', '5166-4895', 2, '2014-07-05 13:49:06', '2014-07-05 13:49:06'),
(660, 'Dirección de Canes', 'Instituto de Formación Ezeiza-Autopista Ricchieri Salida Km. 25-Ezeiza-Buenos Aires-Argentina-C.P. 1802', '5166-4871', 2, '2014-07-05 13:49:06', '2014-07-05 13:49:06'),
(661, 'Dirección de Habilitación', 'Aeropuerto Internacional Ministro Pistarini-Casilla de Correo Nº 26-Ezeiza-Buenos Aires-Argentina-C.P. 1802', '5480-5564', 2, '2014-07-05 13:49:06', '2014-07-05 13:49:06'),
(662, 'Dirección General de Segu', 'Aeropuerto Internacional Ministro Pistarini-Casilla de Correo Nº 26-Ezeiza-Buenos Aires-Argentina-C.P. 1802', '5166-4822', 2, '2014-07-05 13:49:06', '2014-07-05 13:49:06'),
(663, 'Dirección de Control del ', 'Aeropuerto Internacional Ministro Pistarini-Casilla de Correo Nº 26-Ezeiza-Buenos Aires-Argentina-C.P. 1802', '5166-4876', 2, '2014-07-05 13:49:06', '2014-07-05 13:49:06'),
(664, 'Dirección de Delitos Comp', 'Aeropuerto Internacional Ministro Pistarini-Casilla de Correo Nº 26-Ezeiza-Buenos Aires-Argentina-C.P. 1802', '5166-4821', 2, '2014-07-05 13:49:06', '2014-07-05 13:49:06'),
(665, 'Dirección de Control Anti', 'Aeropuerto Internacional Ministro Pistarini-Casilla de Correo Nº 26-Ezeiza-Buenos Aires-Argentina-C.P. 1802', '5166-4911', 2, '2014-07-05 13:49:06', '2014-07-05 13:49:06'),
(666, 'Dirección General de Rela', 'Aeropuerto Internacional Ministro Pistarini-Casilla de Correo Nº 26-Ezeiza-Buenos Aires-Argentina-C.P. 1802', '4480-9655', 2, '2014-07-05 13:49:06', '2014-07-05 13:49:06'),
(667, 'Dirección de Gestión Inst', 'Aeropuerto Internacional Ministro Pistarini-Casilla de Correo Nº 26-Ezeiza-Buenos Aires-Argentina-C.P. 1802', '4480-9655', 2, '2014-07-05 13:49:06', '2014-07-05 13:49:06'),
(668, 'Dirección de Relaciones I', 'Aeropuerto Internacional Ministro Pistarini-Casilla de Correo Nº 26-Ezeiza-Buenos Aires-Argentina-C.P. 1802', '4480-9655', 2, '2014-07-05 13:49:06', '2014-07-05 13:49:06'),
(669, 'Dirección de Comunicación', 'Aeropuerto Internacional Ministro Pistarini-Casilla de Correo Nº 26-Ezeiza-Buenos Aires-Argentina-C.P. 1802', '5480-5207', 2, '2014-07-05 13:49:06', '2014-07-05 13:49:06'),
(670, 'Dirección de Gestión de P', 'Aeropuerto Internacional Ministro Pistarini-Casilla de Correo Nº 26-Ezeiza-Buenos Aires-Argentina-C.P. 1802', '5480-5248', 2, '2014-07-05 13:49:06', '2014-07-05 13:49:06'),
(671, 'Dirección General de Gest', 'Instituto de Formación Ezeiza-Autopista Ricchieri Salida Km. 25-Ezeiza-Buenos Aires-Argentina-C.P. 1802', '5166-8462', 2, '2014-07-05 13:49:06', '2014-07-05 13:49:06'),
(672, 'Unidad de Coordinación y ', 'Instituto de Formación Ezeiza-Autopista Ricchieri Salida Km. 25-Ezeiza-Buenos Aires-Argentina-C.P. 1802', '5166-4854', 2, '2014-07-05 13:49:06', '2014-07-05 13:49:06'),
(673, 'Dirección de Contabilidad', 'Aeropuerto Internacional Ministro Pistarini-Casilla de Correo Nº 26-Ezeiza-Buenos Aires-Argentina-C.P. 1802', '4480-9659', 2, '2014-07-05 13:49:06', '2014-07-05 13:49:06'),
(674, 'Dirección de Gestión Pres', 'Aeropuerto Internacional Ministro Pistarini-Casilla de Correo Nº 26-Ezeiza-Buenos Aires-Argentina-C.P. 1802', '4480-2427', 2, '2014-07-05 13:49:06', '2014-07-05 13:49:06');
INSERT INTO `dependencias` (`id`, `nombre`, `ubicacion`, `telefono`, `fuerza`, `created_at`, `updated_at`) VALUES
(675, 'Dirección de Patrimonio e', 'Instituto de Formación Ezeiza-Autopista Ricchieri Salida Km. 25-Ezeiza-Buenos Aires-Argentina-C.P. 1802', '5166-4921', 2, '2014-07-05 13:49:07', '2014-07-05 13:49:07'),
(676, 'Dirección de Recursos Hum', 'Instituto de Formación Ezeiza-Autopista Ricchieri Salida Km. 25-Ezeiza-Buenos Aires-Argentina-C.P. 1802', '5166-4850', 2, '2014-07-05 13:49:07', '2014-07-05 13:49:07'),
(677, 'Dirección de Administraci', 'Instituto de Formación Ezeiza-Autopista Ricchieri Salida Km. 25-Ezeiza-Buenos Aires-Argentina-C.P. 1802', '5166-4896', 2, '2014-07-05 13:49:07', '2014-07-05 13:49:07'),
(678, 'Dirección de Gestión Tecn', 'Instituto de Formación Ezeiza-Autopista Ricchieri Salida Km. 25-Ezeiza-Buenos Aires-Argentina-C.P. 1802', '5166-4898', 2, '2014-07-05 13:49:07', '2014-07-05 13:49:07'),
(679, 'Departamento de Compras', 'Instituto de Formación Ezeiza-Autopista Ricchieri Salida Km. 25-Ezeiza-Buenos Aires-Argentina-C.P. 1802', '5166-4928', 2, '2014-07-05 13:49:07', '2014-07-05 13:49:07'),
(680, 'Departamento de Apoyo Aér', 'Instituto de Formación Ezeiza-Autopista Ricchieri Salida Km. 25-Ezeiza-Buenos Aires-Argentina-C.P. 1802', '5166-4944', 2, '2014-07-05 13:49:07', '2014-07-05 13:49:07'),
(681, 'Dirección General de Asun', 'Aeropuerto Internacional Ministro Pistarini-Casilla de Correo Nº 26-Ezeiza-Buenos Aires-Argentina-C.P. 1802', '4480-9537', 2, '2014-07-05 13:49:07', '2014-07-05 13:49:07'),
(682, 'Dirección de Dictámenes', 'Aeropuerto Internacional Ministro Pistarini-Casilla de Correo Nº 26-Ezeiza-Buenos Aires-Argentina-C.P. 1802', '4480-2460', 2, '2014-07-05 13:49:07', '2014-07-05 13:49:07'),
(683, 'Dirección de Asuntos Judi', 'Aeropuerto Internacional Ministro Pistarini-Casilla de Correo Nº 26-Ezeiza-Buenos Aires-Argentina-C.P. 1802', '4480-5539', 2, '2014-07-05 13:49:07', '2014-07-05 13:49:07'),
(684, 'PREFECTO NACIONAL NAVAL', 'MADERO 235  2° PISO CAPITAL FEDERAL', '', 4, '2014-07-05 13:49:07', '2014-07-05 13:49:07'),
(685, 'DEPARTAMENTO SECRETARIA D', 'MADERO 235  2° PISO CAPITAL FEDERAL', '', 4, '2014-07-05 13:49:07', '2014-07-05 13:49:07'),
(686, 'DEPARTAMENTO EN ASUNTOS I', 'MADERO 235  8° PISO CAPITAL FEDERAL', '', 4, '2014-07-05 13:49:07', '2014-07-05 13:49:07'),
(687, 'ASESORIA JURIDICA', 'MADERO 235 2° PISO  CAPITAL FEDERAL', '', 4, '2014-07-05 13:49:07', '2014-07-05 13:49:07'),
(688, 'ASESOR TECNICO NAVAL', 'BRANDSEN 65 PISO 2° CAPITAL FEDERAL', '', 4, '2014-07-05 13:49:07', '2014-07-05 13:49:07'),
(689, 'DEPARTAMENTO COORDINACION', 'MADERO 235 8° PISO   CAPITAL FEDERAL', '', 4, '2014-07-05 13:49:07', '2014-07-05 13:49:07'),
(690, 'SUBPREFECTO NACIONAL NAVA', 'MADERO 235  3° PISO CAPITAL FEDERAL', '', 4, '2014-07-05 13:49:07', '2014-07-05 13:49:07'),
(691, 'DEPARTAMENTO GESTION DE C', 'MADERO 235  3° PISO CAPITAL FEDERAL', '', 4, '2014-07-05 13:49:07', '2014-07-05 13:49:07'),
(692, 'DEPARTAMENTO SECRETARIA D', 'MADERO 235  3° PISO CAPITAL FEDERAL', '', 4, '2014-07-05 13:49:07', '2014-07-05 13:49:07'),
(693, 'DEPARTAMENTO AUDITORIA IN', 'MADERO 235 3° PISO  CAPITAL FEDERAL', '', 4, '2014-07-05 13:49:07', '2014-07-05 13:49:07'),
(694, 'DIRECCION GENERAL DE SEGU', 'MADERO 235  3° PISO CAPITAL FEDERAL', '', 4, '2014-07-05 13:49:07', '2014-07-05 13:49:07'),
(695, 'DIRECCION DE OPERACIONES', 'MADERO 235  3° PISO CAPITAL FEDERAL', '', 4, '2014-07-05 13:49:07', '2014-07-05 13:49:07'),
(696, 'DIRECCION DE POLICIA DE S', 'MADERO 235  4° PISO CAPITAL FEDERAL', '', 4, '2014-07-05 13:49:07', '2014-07-05 13:49:07'),
(697, 'DIRECCION DE POLICIA JUDI', 'MADERO 235  6° PISO CAPITAL FEDERAL', '', 4, '2014-07-05 13:49:07', '2014-07-05 13:49:07'),
(698, 'DIRECCION DE PROTECCION A', 'MADERO 235  4° PISO  CAPITAL FEDERAL', '', 4, '2014-07-05 13:49:07', '2014-07-05 13:49:07'),
(699, 'DIRECCION DE INTELIGENCIA', 'MADERO 235  6° PISO CAPITAL FEDERAL', '', 4, '2014-07-05 13:49:07', '2014-07-05 13:49:07'),
(700, 'DIRECCION GENERAL DE PLAN', 'MADERO 235  7° PISO CAPITAL FEDERAL', '', 4, '2014-07-05 13:49:07', '2014-07-05 13:49:07'),
(701, 'DIRECCION DE PLANEAMIENTO', 'MADERO 235  2° PISO CAPITAL FEDERAL', '', 4, '2014-07-05 13:49:07', '2014-07-05 13:49:07'),
(702, 'SECRETARIA GENERAL', 'MADERO 235  PB CAPITAL FEDERAL', '', 4, '2014-07-05 13:49:07', '2014-07-05 13:49:07'),
(703, 'DIRECCION DE EDUCACION', 'AV. CORRIENTES 345   12° PISO CAPITAL FEDERAL', '', 4, '2014-07-05 13:49:07', '2014-07-05 13:49:07'),
(704, 'DIRECCION DE INFORMATICA ', 'MADERO 235  9° PISO CAPITAL FEDERAL', '', 4, '2014-07-05 13:49:07', '2014-07-05 13:49:07'),
(705, 'DIRECCION DE BIENESTAR', 'MADERO 235  5° PISO CAPITAL FEDERAL', '', 4, '2014-07-05 13:49:07', '2014-07-05 13:49:07'),
(706, 'DIRECCION GENERAL DE LOGI', 'MADERO 235  8° PISO CAPITAL FEDERAL', '', 4, '2014-07-05 13:49:07', '2014-07-05 13:49:07'),
(707, 'DIRECCION DEL PERSONAL', 'MADERO 235  5° PISO CAPITAL FEDERAL', '', 4, '2014-07-05 13:49:07', '2014-07-05 13:49:07'),
(708, 'DIRECCION DEL MATERIAL', 'BRANDSEN 65 CAPITAL FEDERAL', '', 4, '2014-07-05 13:49:07', '2014-07-05 13:49:07'),
(709, 'DIRECCION DE ADMINISTRACI', 'MADERO 235  7° PISO CAPITAL FEDERAL', '', 4, '2014-07-05 13:49:07', '2014-07-05 13:49:07'),
(710, 'DIRECCION DE BIENESTAR', 'MADERO 235  5° PISO CAPITAL FEDERAL', '', 4, '2014-07-05 13:49:07', '2014-07-05 13:49:07'),
(711, 'DEPARTAMENTO COORDINACION', 'MADERO 235  5° PISO CAPITAL FEDERAL', '', 4, '2014-07-05 13:49:07', '2014-07-05 13:49:07'),
(712, 'DEPARTAMENTO BIENESTAR', 'MADERO 235  5° PISO CAPITAL FEDERAL', '', 4, '2014-07-05 13:49:07', '2014-07-05 13:49:07'),
(713, 'DEPARTAMENTO SANIDAD', 'EDISON Y ERICSON DARSENA F PUERTO NUEVO CAPITAL FEDERAL', '', 4, '2014-07-05 13:49:07', '2014-07-05 13:49:07'),
(714, 'CAPELLANIA MAYOR', 'AIME PAINE 1680 CAPITAL FEDERAL', '', 4, '2014-07-05 13:49:07', '2014-07-05 13:49:07'),
(715, 'DIRECCION DE POLICIA DE S', 'MADERO 235  4° PISO CAPITAL FEDERAL', '', 4, '2014-07-05 13:49:07', '2014-07-05 13:49:07'),
(716, 'DEPARTAMENTO SEGURIDAD DE', 'MADERO 235  1° PISO CAPITAL FEDERAL', '', 4, '2014-07-05 13:49:07', '2014-07-05 13:49:07'),
(717, 'DEPARTAMENTO TECNICO DE L', 'MADERO 235  1° PISO CAPITAL FEDERAL', '', 4, '2014-07-05 13:49:07', '2014-07-05 13:49:07'),
(718, 'DEPARTAMENTO DEPORTE NAUT', 'MADERO 235  4° PISO CAPITAL FEDERAL', '', 4, '2014-07-05 13:49:07', '2014-07-05 13:49:07'),
(719, 'DEPARTAMENTO REGLAMENTACI', 'MADERO 235  4° PISO CAPITAL FEDERAL', '', 4, '2014-07-05 13:49:07', '2014-07-05 13:49:07'),
(720, 'DEPARTAMENTO PRACTICAJE Y', 'MADERO 235  4° PISO CAPITAL FEDERAL', '', 4, '2014-07-05 13:49:07', '2014-07-05 13:49:07'),
(721, 'DEPARTAMENTO LOGISTICO Y ', 'MADERO 235 1° PISO  CAPITAL FEDERAL', '', 4, '2014-07-05 13:49:07', '2014-07-05 13:49:07'),
(722, 'DIRECCION DE PLANEAMIENTO', 'MADERO 235  2° PISO CAPITAL FEDERAL', '', 4, '2014-07-05 13:49:07', '2014-07-05 13:49:07'),
(723, 'DEPARTAMENTO PLANIFICACIO', 'MADERO 235  2° PISO CAPITAL FEDERAL', '', 4, '2014-07-05 13:49:07', '2014-07-05 13:49:07'),
(724, 'DEPARTAMENTO PLANIFICACIO', 'MADERO 235  2° PISO CAPITAL FEDERAL', '', 4, '2014-07-05 13:49:07', '2014-07-05 13:49:07'),
(725, 'DEPARTAMENTO ECONOMICO FI', 'MADERO 235 8° PISO CAPITAL FEDERAL', '', 4, '2014-07-05 13:49:07', '2014-07-05 13:49:07'),
(726, 'DEPARTAMENTO CONTRALOR RE', 'MADERO 235 8° PISO CAPITAL FEDERAL', '', 4, '2014-07-05 13:49:07', '2014-07-05 13:49:07'),
(727, 'DEPARTAMENTO AUDITORIA DE', 'MADERO 235 SUBSUELO  CAPITAL FEDERAL', '', 4, '2014-07-05 13:49:07', '2014-07-05 13:49:07'),
(728, 'DEPARTAMENTO ORGANIZACIÓN', 'MADERO 235  2° PISO CAPITAL FEDERAL', '', 4, '2014-07-05 13:49:07', '2014-07-05 13:49:07'),
(729, 'DIRECCION DEL MATERIAL', 'BRANDSEN 65 CAPITAL FEDERAL', '', 4, '2014-07-05 13:49:07', '2014-07-05 13:49:07'),
(730, 'DEPARTAMENTO ARMAS Y MOVI', 'BRANDSEN 65 CAPITAL FEDERAL', '', 4, '2014-07-05 13:49:07', '2014-07-05 13:49:07'),
(731, 'DEPARTAMENTO BIENES INMUE', 'MADERO 235 8° PISO   CAPITAL FEDERAL', '', 4, '2014-07-05 13:49:07', '2014-07-05 13:49:07'),
(732, 'DEPARTAMENTO MATERIAL NAV', 'BRANDSEN 65 CAPITAL FEDERAL', '', 4, '2014-07-05 13:49:07', '2014-07-05 13:49:07'),
(733, 'DEPARTAMENTO GESTION DE P', 'MADERO 235 8° PISO   CAPITAL FEDERAL', '', 4, '2014-07-05 13:49:07', '2014-07-05 13:49:07'),
(734, 'DEPARTAMENTO CONTROL DE G', 'MADERO 235 8° PISO   CAPITAL FEDERAL', '', 4, '2014-07-05 13:49:07', '2014-07-05 13:49:07'),
(735, 'DIVISION SUMINISTROS', 'WENCESLAO VILLAFAÑE 1156/58  CAPITAL FEDERAL', '', 4, '2014-07-05 13:49:07', '2014-07-05 13:49:07'),
(736, 'TALLER GENERAL DE REPARAC', '25 DE MAYO Y RIO LUJAN SAN FERNANDO BS AS', '', 4, '2014-07-05 13:49:07', '2014-07-05 13:49:07'),
(737, 'TALLER GENERAL DE REPARAC', 'BENJAMIN LAVAISSE 1653  CAPITAL FEDERAL', '', 4, '2014-07-05 13:49:07', '2014-07-05 13:49:07'),
(738, 'DIRECCION DE POLICIA JUDI', 'MADERO 235  6° PISO CAPITAL FEDERAL', '', 4, '2014-07-05 13:49:07', '2014-07-05 13:49:07'),
(739, 'DEPARTAMENTO POLICIA JUDI', 'MADERO 235  6° PISO CAPITAL FEDERAL', '', 4, '2014-07-05 13:49:07', '2014-07-05 13:49:07'),
(740, 'DEPARTAMENTO CIENTIFICO P', 'BENJAMIN LAVAISSE 1058 CAPITAL FEDERAL', '', 4, '2014-07-05 13:49:07', '2014-07-05 13:49:07'),
(741, 'DEPARTAMENTO PROTECCION M', 'MADERO 235  6° PISO CAPITAL FEDERAL', '', 4, '2014-07-05 13:49:07', '2014-07-05 13:49:07'),
(742, 'DEPARTAMENTO SUMARIOS', 'MADERO 235  6° PISO CAPITAL FEDERAL', '', 4, '2014-07-05 13:49:07', '2014-07-05 13:49:07'),
(743, 'DIRECCION DE OPERACIONES', 'MADERO 235  3° PISO CAPITAL FEDERAL', '', 4, '2014-07-05 13:49:07', '2014-07-05 13:49:07'),
(744, 'DEPARTAMENTO FINANZAS', 'MADERO 235  3° PISO CAPITAL FEDERAL', '', 4, '2014-07-05 13:49:07', '2014-07-05 13:49:07'),
(745, 'DEPARTAMENTO INSPECCION Y', 'MADERO 235  3° PISO CAPITAL FEDERAL', '', 4, '2014-07-05 13:49:07', '2014-07-05 13:49:07'),
(746, 'DEPARTAMENTO POLICIA AUXI', 'MADERO 235  3° PISO CAPITAL FEDERAL', '', 4, '2014-07-05 13:49:07', '2014-07-05 13:49:07'),
(747, 'DEPARTAMENTO CENTRAL DE O', 'MADERO 235  3° PISO CAPITAL FEDERAL', '', 4, '2014-07-05 13:49:07', '2014-07-05 13:49:07'),
(748, 'SERVICIO COORDINACION DE ', 'MADERO 235  3° PISO CAPITAL FEDERAL', '', 4, '2014-07-05 13:49:07', '2014-07-05 13:49:07'),
(749, 'SERVICIO TRAFICO MARITIMO', 'MADERO 235  3° PISO CAPITAL FEDERAL', '', 4, '2014-07-05 13:49:07', '2014-07-05 13:49:07'),
(750, 'SERVICIO AVIACION', 'RUTA 202 KM 3  SAN FERNANDO    BS AS', '', 4, '2014-07-05 13:49:07', '2014-07-05 13:49:07'),
(751, 'SERVICIO DE SALVAMENTO IN', 'AV TOMAS EDISON 938  DARSENA "F"   PUERO BS AS CAPITAL FEDERAL ', '', 4, '2014-07-05 13:49:07', '2014-07-05 13:49:07'),
(752, 'AGRUPACION ALBATROS', '25 DE MAYO Y RIO LUJAN  SAN FERNANDO BS AS', '', 4, '2014-07-05 13:49:07', '2014-07-05 13:49:07'),
(753, 'SERVICIO DE BUQUES GUARDA', 'AV TOMAS EDISON  2399 DARSENA "F" CAPITAL FEDERAL', '', 4, '2014-07-05 13:49:07', '2014-07-05 13:49:07'),
(754, 'AGRUPACION GUARDACOSTAS', 'CABOTO 930 CAPITAL FEDERAL', '', 4, '2014-07-05 13:49:07', '2014-07-05 13:49:07'),
(755, 'PREFECTURA DE ZONA ALTO P', 'SAN MARTIN 151 - POSADAS - MISIONES', '', 4, '2014-07-05 13:49:07', '2014-07-05 13:49:07'),
(756, 'ITUZAINGO', 'CENTENARIO Y B. VALLE - ITUZAINGO - CORRIENTES', '', 4, '2014-07-05 13:49:07', '2014-07-05 13:49:07'),
(757, 'VIZCAINO', 'KM. 1412 RIO PARANA - CORRIENTES', '', 4, '2014-07-05 13:49:07', '2014-07-05 13:49:07'),
(758, 'SAN ANTONIO APIPE', 'KM. 1465 RIO PARANA - CORRIENTES', '', 4, '2014-07-05 13:49:07', '2014-07-05 13:49:07'),
(759, 'GARAPE', 'KM. 1515 RIO PARANA - CORRIENTES', '', 4, '2014-07-05 13:49:07', '2014-07-05 13:49:07'),
(760, 'POSADAS', 'MALVINAS ARG. Y COMB. MBORORE - POSADAS - MISIONES', '', 4, '2014-07-05 13:49:07', '2014-07-05 13:49:07'),
(761, 'OFICIAL NEMESIO PARMA', 'KM. 1571,5 RIO PARANA - MISIONES', '', 4, '2014-07-05 13:49:07', '2014-07-05 13:49:07'),
(762, 'OMBU', 'KM. 1538 RIO PARANA - MISIONES', '', 4, '2014-07-05 13:49:07', '2014-07-05 13:49:07'),
(763, 'SANTA ANA', 'ZONA PORTURIA S/N - SANTA ANA - MISIONES', '', 4, '2014-07-05 13:49:07', '2014-07-05 13:49:07'),
(764, 'CANDELARIA', 'KM. 1601,5 RIO PARANA - CANDELARIA - POSADAS - MISIONES ', '', 4, '2014-07-05 13:49:07', '2014-07-05 13:49:07'),
(765, 'LIB. GRAL SAN MARTÍN', 'SAN MARTIN 38 - PUERTO RICO - MISIONES', '', 4, '2014-07-05 13:49:07', '2014-07-05 13:49:07'),
(766, 'ORO VERDE', 'KM.1727 RIO PARANA - MISIONES', '', 4, '2014-07-05 13:49:07', '2014-07-05 13:49:07'),
(767, 'GARUHAPE', 'KM.1747 RIO PARANA - MISIONES ', '', 4, '2014-07-05 13:49:07', '2014-07-05 13:49:07'),
(768, 'PUERTO PESCADOR', 'KM.1761 RIO PARANA - MISIONES', '', 4, '2014-07-05 13:49:07', '2014-07-05 13:49:07'),
(769, 'PARANAY', 'KM.1772 RIO PARANA - MISIONES', '', 4, '2014-07-05 13:49:07', '2014-07-05 13:49:07'),
(770, 'PUERTO LEONI', 'KM.1712 RIO PARANA - MISIONES', '', 4, '2014-07-05 13:49:07', '2014-07-05 13:49:07'),
(771, 'ELDORADO', 'AV. 9 DE JULIO 2590 - PTO. PINARES - ELDORADO - MISIONES', '', 4, '2014-07-05 13:49:07', '2014-07-05 13:49:07'),
(772, 'PIRAY', 'KM. 1800 RÍO PARANÁ - MISIONES', '', 4, '2014-07-05 13:49:07', '2014-07-05 13:49:07'),
(773, 'VICTORIA', 'KM. 1816 RÍO PARANÁ - MISIONES', '', 4, '2014-07-05 13:49:07', '2014-07-05 13:49:07'),
(774, 'MADO', 'KM. 1836 RÍO PARANÁ - MISIONES ', '', 4, '2014-07-05 13:49:07', '2014-07-05 13:49:07'),
(775, 'MONTECARLO', 'AV. PARAGUAY S/N - MONTECARLO - MISIONES', '', 4, '2014-07-05 13:49:07', '2014-07-05 13:49:07'),
(776, 'IGUAZU', 'AV. TRES FRONTERAS 232 - IGUAZU', '', 4, '2014-07-05 13:49:07', '2014-07-05 13:49:07'),
(777, 'WANDA', 'RUTA 19 S/N - WANDA - MISIONES  ', '', 4, '2014-07-05 13:49:07', '2014-07-05 13:49:07'),
(778, 'PUERTO ANDRESITO', 'KM. 133 RÍO IGUAZÚ - IGUAZU - MISIONES ', '', 4, '2014-07-05 13:49:07', '2014-07-05 13:49:07'),
(779, 'PUERTO LIBERTAD', 'AV. FUNDADORES BEMBERG S/N - PUERTO LIBERTAD - MISIONES', '', 4, '2014-07-05 13:49:07', '2014-07-05 13:49:07'),
(780, 'PUERTO MANI', 'ZONA PORTURIA S/N - CORPUS - MISIONES', '', 4, '2014-07-05 13:49:07', '2014-07-05 13:49:07'),
(781, 'POLANA', 'KM. 1693 RIO PARANA - MISIONES', '', 4, '2014-07-05 13:49:07', '2014-07-05 13:49:07'),
(782, 'OASIS', 'KM. 1700,4 RÍO PARANA - MISIONES', '', 4, '2014-07-05 13:49:07', '2014-07-05 13:49:07'),
(783, 'SAN IGNACIO', 'KM. 1632 RÍO PARANA- SAN IGNACIO - MISIONES', '', 4, '2014-07-05 13:49:07', '2014-07-05 13:49:07'),
(784, 'SAN JAVIER', 'SAN MARTIN 95 - SAN JAVIER - MISIONES', '', 4, '2014-07-05 13:49:07', '2014-07-05 13:49:07'),
(785, 'MARINERO BENIGNO NIZ', 'KM. 913,6 RIO URUGUAY - MISIONES', '', 4, '2014-07-05 13:49:07', '2014-07-05 13:49:07'),
(786, 'SANTA MARIA', 'KM. 929,1 RIO URUGUAY - MISIONES', '', 4, '2014-07-05 13:49:07', '2014-07-05 13:49:07'),
(787, 'ITACARUARE', 'KM. 940,6 RIO URUGUAY ', '', 4, '2014-07-05 13:49:07', '2014-07-05 13:49:07'),
(788, 'PASO DE LA BARCA', 'KM. 959,6 RÍO URUGUAY - MISIONES', '', 4, '2014-07-05 13:49:07', '2014-07-05 13:49:07'),
(789, 'PUERTO CONCEPCIÓN', 'KM. 883,6 RIO URUGUAY - PTO.CONCEPCION - MISIONES ', '', 4, '2014-07-05 13:49:07', '2014-07-05 13:49:07'),
(790, 'ITA IBATE', 'ISLAS MALVINAS Nº 698 - ITA IBATE - CORRIENTES', '', 4, '2014-07-05 13:49:07', '2014-07-05 13:49:07'),
(791, 'YAHAPE', 'KM. 1344 RIO PARANA - CORRIENTES', '', 4, '2014-07-05 13:49:07', '2014-07-05 13:49:07'),
(792, 'PREFECTURA DE ZONA ALTO U', 'COLON 427 - PASO DE LOS LIBRES - CORRIENTES', '', 4, '2014-07-05 13:49:07', '2014-07-05 13:49:07'),
(793, 'PASO DE LOS LIBRES', 'COLON 423 - PASO DE LOS LIBRES - CORRIENTES', '', 4, '2014-07-05 13:49:07', '2014-07-05 13:49:07'),
(794, 'JUAN BOMPLAND', 'KM. 538,6 RIO URUGUAY - CORRIENTES ', '', 4, '2014-07-05 13:49:07', '2014-07-05 13:49:07'),
(795, 'LOS 108', 'KM. 578,6 RIO URUGUAY - CORRIENTES', '', 4, '2014-07-05 13:49:07', '2014-07-05 13:49:07'),
(796, 'MARINERO MARTIN LEIVA', 'KM. 598,6 RIO URUGUAY - CORRIENTES', '', 4, '2014-07-05 13:49:07', '2014-07-05 13:49:07'),
(797, 'YAPEYU', 'CHACABUCO S/N - YAPEYU - CORRIENTES ', '', 4, '2014-07-05 13:49:07', '2014-07-05 13:49:07'),
(798, 'GUAVIRAVI', 'KM. 619 RIO URUGUAY - CORRIENTES ', '', 4, '2014-07-05 13:49:07', '2014-07-05 13:49:07'),
(799, 'AGUAPE', 'KM. 639,1 RIO URUGUAY - CORRIENTES', '', 4, '2014-07-05 13:49:07', '2014-07-05 13:49:07'),
(800, 'ALVEAR', 'CARLOS PELLEGRINI S/N - ALVEAR - CORRIENTES', '', 4, '2014-07-05 13:49:07', '2014-07-05 13:49:07'),
(801, 'RETEN', 'KM. 708,6 RIO URUGUAY - CORRIENTES', '', 4, '2014-07-05 13:49:07', '2014-07-05 13:49:07'),
(802, 'LOS CUAYS', 'KM. 723,6 RIO URUGUAY - CORRIENTES', '', 4, '2014-07-05 13:49:07', '2014-07-05 13:49:07'),
(803, 'LA CRUZ', 'UNION Nº 20 - LA CRUZ - CORRIENTES', '', 4, '2014-07-05 13:49:07', '2014-07-05 13:49:07'),
(804, 'SANTO TOME', 'LOPEZ DE BERTODANO 1272 - SANTO TOME - CORRIENTES ', '', 4, '2014-07-05 13:49:07', '2014-07-05 13:49:07'),
(805, 'MARINERO LORENZO ROMERO', 'KM. 742,1 RIO URUGUAY - CORRIENTES', '', 4, '2014-07-05 13:49:07', '2014-07-05 13:49:07'),
(806, 'MARINERO RAMON GUARDA', 'KM. 754,6 RIO URUGUAY - CORRIENTES', '', 4, '2014-07-05 13:49:07', '2014-07-05 13:49:07'),
(807, 'PASO HORMIGUERO', 'KM. 768,6 RIO URUGUAY - CORRIENTES', '', 4, '2014-07-05 13:49:07', '2014-07-05 13:49:07'),
(808, 'MARINERO ESTEBAN FIGUERED', 'KM. 808,6 RIO URUGUAY - CORRIENTES', '', 4, '2014-07-05 13:49:07', '2014-07-05 13:49:07'),
(809, 'GARRUCHOS', 'AV. SAN MARTIN S/N - GARRUCHOS - CORRIENTES', '', 4, '2014-07-05 13:49:07', '2014-07-05 13:49:07'),
(810, 'GARAVI', 'KM. 858,6 RIO URUGUAY - CORRIENTES', '', 4, '2014-07-05 13:49:07', '2014-07-05 13:49:07'),
(811, 'MONTE CASEROS', 'ALMIRANTE BROWN Y JUAN PUJOL - MONTE CASEROS CORRIENTES', '', 4, '2014-07-05 13:49:07', '2014-07-05 13:49:07'),
(812, 'PANIAGUA', 'KM. 486,6 RIO URUGUAY - CORRIENTES', '', 4, '2014-07-05 13:49:07', '2014-07-05 13:49:07'),
(813, 'SANTA ROSA', 'KM. 516,6 RIO URUGUAY - CORRIENTES ', '', 4, '2014-07-05 13:49:07', '2014-07-05 13:49:07'),
(814, 'MOCORETA', 'COLONIA SAN GREGORIO S/N - MOCORETA - CORRIENTES', '', 4, '2014-07-05 13:49:07', '2014-07-05 13:49:07'),
(815, 'PREFECTURA DE ZONA PARANA', 'AV. COSTANERA 1158 - CORRIENTES', '', 4, '2014-07-05 13:49:07', '2014-07-05 13:49:07'),
(816, 'GOYA', 'CAAGUAZU Y 25 DE MAYO - GOYA - CORRIENTES', '', 4, '2014-07-05 13:49:07', '2014-07-05 13:49:07'),
(817, 'PUERTO EXTERIOR GOYA', 'PTO EXTERIOR GOYA - GOYA - CORRIENTES', '', 4, '2014-07-05 13:49:07', '2014-07-05 13:49:07'),
(818, 'ESQUINA', '25 DE MAYO Y JUAN D. PERON - ESQUINA - CORRIENTES', '', 4, '2014-07-05 13:49:07', '2014-07-05 13:49:07'),
(819, 'BELLA VISTA', 'CANALES 198 - BELLA VISTA - CORRIENTES ', '', 4, '2014-07-05 13:49:07', '2014-07-05 13:49:07'),
(820, 'BARRANQUERA', 'AV. RIO PARANA 1005 - BARRANQUERAS - CHACO', '', 4, '2014-07-05 13:49:07', '2014-07-05 13:49:07'),
(821, 'PUERTO VILELA', 'KM. 1197 RIO PARANA - CHACO', '', 4, '2014-07-05 13:49:07', '2014-07-05 13:49:07'),
(822, 'ISLA DEL CERRITO', 'PUNTA NORTE - ISLA DEL CERRITO - CHACO', '', 4, '2014-07-05 13:49:07', '2014-07-05 13:49:07'),
(823, 'BERMEJO', 'PTO. BERMEJO - BERMEJO - CHACO', '', 4, '2014-07-05 13:49:07', '2014-07-05 13:49:07'),
(824, 'LAS PALMAS', 'PUERTO  LAS PALMAS - LAS PALMAS - CHACO', '', 4, '2014-07-05 13:49:07', '2014-07-05 13:49:07'),
(825, 'CORRIENTES', 'PASAJE MANTILLA 385 - CORRIENTES', '', 4, '2014-07-05 13:49:07', '2014-07-05 13:49:07'),
(826, 'EMPEDRADO', 'BARTOLOMÉ MITRE E ITUZAINGÓ ­ EMPEDRADO - CORRIENTES', '', 4, '2014-07-05 13:49:07', '2014-07-05 13:49:07'),
(827, 'PASO DE LA PATRIA', '25 DE MAYO 719 - PASO DE LA PATRIA - CORRIENTES', '', 4, '2014-07-05 13:49:07', '2014-07-05 13:49:07'),
(828, 'PUERTO GONZALEZ', 'KM. 1262,8 RÍO PARANA - PASO DE LA PATRIA - CORRIENTES ', '', 4, '2014-07-05 13:49:07', '2014-07-05 13:49:07'),
(829, 'ITATI', '25 DE MAYO Y R. GONZALEZ - ITATI - CORRIENTES', '', 4, '2014-07-05 13:49:07', '2014-07-05 13:49:07'),
(830, 'PUERTO CORAZON', 'KM. 1304 RIO PARANA - CORRIENTES', '', 4, '2014-07-05 13:49:07', '2014-07-05 13:49:07'),
(831, 'FORMOSA', 'AV. 25 DE MAYO Y RIBERA - FORMOSA - FORMOSA ', '', 4, '2014-07-05 13:49:07', '2014-07-05 13:49:07'),
(832, 'DALMACIA', 'KM. 274 RÍO PARAGUAY - FORMOSA', '', 4, '2014-07-05 13:49:07', '2014-07-05 13:49:07'),
(833, 'COLONIA CANO', 'PTO COLONIA CANO - COLONIA CANO - FORMOSA', '', 4, '2014-07-05 13:49:07', '2014-07-05 13:49:07'),
(834, 'PILCOMAYO', 'PTO PILCOMAYO - PILCOMAYO - FORMOSA', '', 4, '2014-07-05 13:49:07', '2014-07-05 13:49:07'),
(835, 'BOUVIER', 'KM. 360 RÍO PARAGUAY - FORMOSA ', '', 4, '2014-07-05 13:49:07', '2014-07-05 13:49:07'),
(836, 'EMBALSE RIO HONDO', 'CALLE BIGUA S/N - TERMAS DE RIO HONDO - SANTIAGO DEL ESTERO', '', 4, '2014-07-05 13:49:07', '2014-07-05 13:49:07'),
(837, 'RECONQUISTA', 'AVDA. PNA S/N - RECONQUISTA - SANTA FE', '', 4, '2014-07-05 13:49:07', '2014-07-05 13:49:07'),
(838, 'PREFECTURA DE ZONA BAJO U', 'M. ALVAREZ Y 8 DE JUNIO -ENTRE RIOS', '', 4, '2014-07-05 13:49:07', '2014-07-05 13:49:07'),
(839, 'CONCEPCION DEL URUGUAY', 'ESPIRO Y ESTRADA (C. P. E3260EFA) ENTRE RIOS ', '', 4, '2014-07-05 13:49:07', '2014-07-05 13:49:07'),
(840, 'CAMPICHUELO', 'KM. 160,6 RÍO URUGUAY - ENTRE RIOS', '', 4, '2014-07-05 13:49:07', '2014-07-05 13:49:07'),
(841, 'ARROYO URQUIZA', 'KM. 196,1 RÍO URUGUAY - ENTRE RIOS', '', 4, '2014-07-05 13:49:07', '2014-07-05 13:49:07'),
(842, 'COLON', 'PASAJE 29 DE OCTUBRE 160 (C. P. E3280) ENTRE RIOS', '', 4, '2014-07-05 13:49:07', '2014-07-05 13:49:07'),
(843, 'LA CALERA', 'KM. 259,6 RÍO URUGUAY - ENTRE RIOS', '', 4, '2014-07-05 13:49:07', '2014-07-05 13:49:07'),
(844, 'CONCORDIA', 'CERVANTES 18 (C.P. E3200) ENTRE RIOS', '', 4, '2014-07-05 13:49:07', '2014-07-05 13:49:07'),
(845, 'YERUA', 'KM. 311,6 RÍO URUGUAY - ENTRE RIOS', '', 4, '2014-07-05 13:49:07', '2014-07-05 13:49:07'),
(846, 'REPRESA SALTO GRANDE', 'AV. LOS PINOS Y AV. EUCALIPTOS (C.P. E3200) ENTRE RIOS ', '', 4, '2014-07-05 13:49:07', '2014-07-05 13:49:07'),
(847, 'FEDERACION', 'CORRIENTES Y TUCUMAN (C. P. E3206) - ENTRE RIOS', '', 4, '2014-07-05 13:49:07', '2014-07-05 13:49:07'),
(848, 'MANDISOVI', 'KM. 393,6 RÍO URUGUAY - ENTRE RIOS', '', 4, '2014-07-05 13:49:07', '2014-07-05 13:49:07'),
(849, 'SANTA ELOISA', 'KM. 415,6 RÍO URUGUAY - ENTRE RIOS', '', 4, '2014-07-05 13:49:07', '2014-07-05 13:49:07'),
(850, 'CHAVIYU', 'KM. 371,6 RÍO URUGUAY - ENTRE RIOS', '', 4, '2014-07-05 13:49:07', '2014-07-05 13:49:07'),
(851, 'GUALEGUAYCHU', 'LEANDRO N. ALEM 504 (C. P. 2820) ENTRE RIOS', '', 4, '2014-07-05 13:49:07', '2014-07-05 13:49:07'),
(852, 'PUERTO RUIZ', 'KM. 334,7 RÍO URUGUAY - ENTRE RIOS', '', 4, '2014-07-05 13:49:07', '2014-07-05 13:49:07'),
(853, 'BOCA DEL GUALEGUAYCHU', 'KM. 6,8 RÍO GUALEGUAYCHU - ENTRE RIOS', '', 4, '2014-07-05 13:49:07', '2014-07-05 13:49:07'),
(854, 'PARANACITO', 'LA ALAMEDA N 35 VILLA PARANACITO  ENTRE RIOS', '', 4, '2014-07-05 13:49:07', '2014-07-05 13:49:07'),
(855, 'CANAL NUEVO', 'RIO GUTIERREZ Y CANAL PEDRO GALOFRE - ENTRE RIOS', '', 4, '2014-07-05 13:49:07', '2014-07-05 13:49:07'),
(856, '', '', '', 4, '2014-07-05 13:49:07', '2014-07-05 13:49:07'),
(857, 'PREFECTURA DE ZONA BAJO P', 'AV.BELGRANO 315 - ROSARIO - SANTA FE', '', 4, '2014-07-05 13:49:07', '2014-07-05 13:49:07'),
(858, 'VILLA CONSTITUCION', 'PREFECTURA NAVAL ARGENTINA S/N - V.CONSTITUCION - SANTA FE', '', 4, '2014-07-05 13:49:07', '2014-07-05 13:49:07'),
(859, 'ARROYO SECO', 'BELLA VISTA S/N - ARROYO SECO - SANTA FE', '', 4, '2014-07-05 13:49:07', '2014-07-05 13:49:07'),
(860, 'PUNTA ALVEAR', 'KM. 406 RÍO PARANÁ - SANTA FE', '', 4, '2014-07-05 13:49:07', '2014-07-05 13:49:07'),
(861, 'RAMALLO', 'SAN LORENZO 945 - RAMALLO - BUENOS AIRES', '', 4, '2014-07-05 13:49:07', '2014-07-05 13:49:07'),
(862, 'ROSARIO', 'AV. BELGRANO 321 - ROSARIO - SANTA FE', '', 4, '2014-07-05 13:49:07', '2014-07-05 13:49:07'),
(863, 'SAN LORENZO', 'CORDOBA 100 BIS - PTO. GRAL. SAN MARTIN - S LORENZO - SANTA FE', '', 4, '2014-07-05 13:49:08', '2014-07-05 13:49:08'),
(864, 'PUERTO GABOTO', 'KM. 20 RÍO CORONDA - SANTA FE', '', 4, '2014-07-05 13:49:08', '2014-07-05 13:49:08'),
(865, 'TERMINAL SEIS', 'KM. 456 RÍO PARANÁ SANTA FE', '', 4, '2014-07-05 13:49:08', '2014-07-05 13:49:08'),
(866, 'DIAMANTE', 'ETCHEVEERE N 239 - DIAMANTE - ENTRE RIOS', '', 4, '2014-07-05 13:49:08', '2014-07-05 13:49:08'),
(867, 'VICTORIA', 'ZONA PORTUARIA PTO. VICTORIA - VICTORIA - ENTRE RIOS', '', 4, '2014-07-05 13:49:08', '2014-07-05 13:49:08'),
(868, 'SANTA FE', 'MENDOZA Y DIQUE 1 - PTO. SANTA FE ', '', 4, '2014-07-05 13:49:08', '2014-07-05 13:49:08'),
(869, 'PARANA', 'GUEMES Y LINIERS - PARANA - ENTRE RIOS', '', 4, '2014-07-05 13:49:08', '2014-07-05 13:49:08'),
(870, 'LA PAZ', 'RONDEAU 1233 - LA PAZ - ENTRE RIOS', '', 4, '2014-07-05 13:49:08', '2014-07-05 13:49:08'),
(871, 'SANTA ELENA', 'KM. 727 RÍO PARANÁ - ENTRE RIOS', '', 4, '2014-07-05 13:49:08', '2014-07-05 13:49:08'),
(872, 'HERNANDARIA', 'KM. 689 RÍO PARANÁ - ENTRE RIOS', '', 4, '2014-07-05 13:49:08', '2014-07-05 13:49:08'),
(873, 'SAN NICOLAS', 'PUERTO NUEVO S/N - SAN NICOLAS', '', 4, '2014-07-05 13:49:08', '2014-07-05 13:49:08'),
(874, 'PREFECTURA DE ZONA DELTA', 'LAVALLE 13 - TIGRE - BUENOS AIRES ', '', 4, '2014-07-05 13:49:08', '2014-07-05 13:49:08'),
(875, 'OLIVOS', 'AV. CORRIENTES 150 - OLIVOS - BUENOS AIRES', '', 4, '2014-07-05 13:49:08', '2014-07-05 13:49:08'),
(876, 'SAN ISIDRO', 'AV. MITRE 1385 - SAN ISIDRO - BUENOS AIRES', '', 4, '2014-07-05 13:49:08', '2014-07-05 13:49:08'),
(877, 'CABO PRIMERO LUIS VIRTUAN', 'KM. 45,500 CANAL EMILIO MITRE BUENOS AIRES', '', 4, '2014-07-05 13:49:08', '2014-07-05 13:49:08'),
(878, 'SAN FERNANDO', 'COLON 405 - SAN FERNANDO - BUENOS AIRES', '', 4, '2014-07-05 13:49:08', '2014-07-05 13:49:08'),
(879, 'CHANA MINI', 'R. PARANA MINI Y ARROYO CHANA - BUENOS AIRES', '', 4, '2014-07-05 13:49:08', '2014-07-05 13:49:08'),
(880, 'TIGRE', 'GENERAL MITRE 165 - TIGRE - BUENOS AIRES', '', 4, '2014-07-05 13:49:08', '2014-07-05 13:49:08'),
(881, 'DIQUE LUJAN', 'RIO LUJAN Y CANAL ARIAS - TIGRE - BUENOS AIRES', '', 4, '2014-07-05 13:49:08', '2014-07-05 13:49:08'),
(882, 'ESCOBAR', 'RUTA 25 Y OF. PPAL. ADRIAN SAIEG. - ESCOBAR - BUENOS AIRES', '', 4, '2014-07-05 13:49:08', '2014-07-05 13:49:08'),
(883, 'CAMPANA', 'CTE. LUIS PIEDRABUENA Y EMILIO MITRE S/N - CAMPANA - BUENOS AIRES', '', 4, '2014-07-05 13:49:08', '2014-07-05 13:49:08'),
(884, 'ZARATE', 'APOLO XI S/N - ZARATE - BUENOS AIRES', '', 4, '2014-07-05 13:49:08', '2014-07-05 13:49:08'),
(885, 'BRAZO LARGO', '182 RÍO PARANA GUAZU - ZARATE - BUENOS AIRES', '', 4, '2014-07-05 13:49:08', '2014-07-05 13:49:08'),
(886, 'IBICUY', 'ZONA PORTUARIA S/N - IBICUY - ENTRE RIOS', '', 4, '2014-07-05 13:49:08', '2014-07-05 13:49:08'),
(887, 'SAN PEDRO', '25 DE MAYO 268 - SAN PEDRO - BUENOS AIRES', '', 4, '2014-07-05 13:49:08', '2014-07-05 13:49:08'),
(888, 'VUELTA DE OBLIGADO', 'KM 298 RIO PARANA - SAN PEDRO - BUENOS AIRES', '', 4, '2014-07-05 13:49:08', '2014-07-05 13:49:08'),
(889, 'BARADERO', 'ALTE. BROWN 251 - BARADERO - BUENOS AIRES', '', 4, '2014-07-05 13:49:08', '2014-07-05 13:49:08'),
(890, 'GUAZU GUAZUCITO', 'LAVALLE N 13 - TIGRE - BUENOS AIRES ', '', 4, '2014-07-05 13:49:08', '2014-07-05 13:49:08'),
(891, 'RIO SAUCE', 'KM. 146 RIO SAUCE - BUENOS AIRES', '', 4, '2014-07-05 13:49:08', '2014-07-05 13:49:08'),
(892, 'LA PALOMA', 'KM. 141 RÍO PARANA BRAVO - BUENOS AIRES', '', 4, '2014-07-05 13:49:08', '2014-07-05 13:49:08'),
(893, 'MARTIN GARCIA', 'GERONIMO COSTA Y ESPORA - ISLA MARTIN GARCIA - BUENOS AIRES', '', 4, '2014-07-05 13:49:08', '2014-07-05 13:49:08'),
(894, 'PREFECTURA DE ZONA RIO DE', 'RAMON S. CASTILLO Y CALLE PNA - C.A.B.A', '', 4, '2014-07-05 13:49:08', '2014-07-05 13:49:08'),
(895, 'BUENOS AIRES', 'RAMON S. CASTILLO Y CALLE PNA - C.A.B.A', '', 4, '2014-07-05 13:49:08', '2014-07-05 13:49:08'),
(896, 'SERVCIO SEG. PUERTO MADER', 'MACACHA GUEMES Nº 151 - C.A.B.A', '', 4, '2014-07-05 13:49:08', '2014-07-05 13:49:08'),
(897, 'BOCA', 'AV. PEDRO DE MENDOZA 1200 - C.A.B.A', '', 4, '2014-07-05 13:49:08', '2014-07-05 13:49:08'),
(898, 'DOCK SUD', 'MORSE S/N LADO ESTE - DOCK SUD - BUENOS AIRES', '', 4, '2014-07-05 13:49:08', '2014-07-05 13:49:08'),
(899, 'QUILMES', 'OTAMENDI N 1654 - QUILMES - BUENOS AIRES', '', 4, '2014-07-05 13:49:08', '2014-07-05 13:49:08'),
(900, 'LA PLATA', 'ORTIZ DE ROZAS S/N Y GILBERTO GAGGINO - ENSENADA - BUENOS AIRES', '', 4, '2014-07-05 13:49:08', '2014-07-05 13:49:08'),
(901, 'ATALAYA', 'TERRA ROSA S/N - PUNTA ATALAYA - MAGDALE - BUENOS AIRES', '', 4, '2014-07-05 13:49:08', '2014-07-05 13:49:08'),
(902, 'ISLA MONTE SANTIAGO', 'KM. 3,45 CANAL ACCESO PTO. PLATA - BUENOS AIRES', '', 4, '2014-07-05 13:49:08', '2014-07-05 13:49:08'),
(903, 'BOCA DEL SALADO', 'KM. 190 RÍO DE LA PLATA - BUENOS AIRES', '', 4, '2014-07-05 13:49:08', '2014-07-05 13:49:08'),
(904, 'GENERAL LAVALLE', 'AV. B. MITRE 95 - GRAL LAVALLE - BUENOS AIRES', '', 4, '2014-07-05 13:49:08', '2014-07-05 13:49:08'),
(905, 'MAR DEL TUYU', 'CALLE 68 Y COSTANERA - MAR DEL TUYU', '', 4, '2014-07-05 13:49:08', '2014-07-05 13:49:08'),
(906, 'MAR DE AJO', 'DIAG. RIVADAVIA Y AV. COSTANERA S/N - MAR DE AJO - BUENOS AIRES', '', 4, '2014-07-05 13:49:08', '2014-07-05 13:49:08'),
(907, 'SANTA TERESITA', 'AV. COSTANERA ENTRE 29 Y 30 - SANTA TERESITA', '', 4, '2014-07-05 13:49:08', '2014-07-05 13:49:08'),
(908, 'LAS TONINAS', 'COSTANERA Y CALLE 36 - LAS TONINAS - BUENOS AIRES', '', 4, '2014-07-05 13:49:08', '2014-07-05 13:49:08'),
(909, '', '', '', 4, '2014-07-05 13:49:08', '2014-07-05 13:49:08'),
(910, 'PREFECTURA DE ZONA MAR AR', 'MORENO 244 - BAHIA BLANCA - BUENOS AIRES', '', 4, '2014-07-05 13:49:08', '2014-07-05 13:49:08'),
(911, 'MAR DEL PLATA', 'AV. DE LOS PESCADORES S/N - MAR DEL PLATA - BUENOS AIRES', '', 4, '2014-07-05 13:49:08', '2014-07-05 13:49:08'),
(912, 'VILLA GESELL', 'COSTANERA Y 150 - VILLA GESELL', '', 4, '2014-07-05 13:49:08', '2014-07-05 13:49:08'),
(913, 'PINAMAR', 'AV. DEL MAR Y EOLO - PINAMAR - BUENOS AIRES', '', 4, '2014-07-05 13:49:08', '2014-07-05 13:49:08'),
(914, 'BAHIA BLANCA', 'T. SALUSTIO E/GC.RIO IGUAZU E I.MALVINAS - BAHIA BLANCA - BUENOS AIRES', '', 4, '2014-07-05 13:49:08', '2014-07-05 13:49:08'),
(915, 'MONTE HERMOSO', 'PTE. PERON Nº 235 - MONTE HERMOSO - BUENOS AIRES', '', 4, '2014-07-05 13:49:08', '2014-07-05 13:49:08'),
(916, 'PEHUEN CO', 'CALLE 4 Nº 50 - PEHUEN CO - BUENOS AIRES', '', 4, '2014-07-05 13:49:08', '2014-07-05 13:49:08'),
(917, 'PUERTO ROSALES', 'CALLE DE ACCESO PTO. ROSALES - CNEL ROSALES - BUENOS AIRES', '', 4, '2014-07-05 13:49:08', '2014-07-05 13:49:08'),
(918, 'PUERTO MADRYN', 'PASAJE MARTIN JACOBO THOMPSON Nº 47 - PTO MADRYN - CHUBUT', '', 4, '2014-07-05 13:49:08', '2014-07-05 13:49:08'),
(919, 'PUNTA PIRAMIDE', 'PUNTA BALLENAS - PUNTA PIRAMIDES - CHUBUT ', '', 4, '2014-07-05 13:49:09', '2014-07-05 13:49:09'),
(920, 'QUEQUEN', 'CALLE 507 Nº 945 - QUEQUEN - BUENOS AIRES', '', 4, '2014-07-05 13:49:09', '2014-07-05 13:49:09'),
(921, 'BAL. SAN CAYETANO', 'BALNEARIO SAN CAYETANO - BUENOS AIRES', '', 4, '2014-07-05 13:49:09', '2014-07-05 13:49:09'),
(922, 'CLAROMECO', 'BALNEARIO CLAROMECO - BUENOS AIRES', '', 4, '2014-07-05 13:49:09', '2014-07-05 13:49:09'),
(923, 'RAWSON', 'AV. MARCELINO GONZALEZ S/N - RAWSON - BUENOS AIRES  ', '', 4, '2014-07-05 13:49:09', '2014-07-05 13:49:09'),
(924, 'PATAGONES', 'MITRE 350 - CARMEN DE PATAGONES - BUENOS AIRES', '', 4, '2014-07-05 13:49:09', '2014-07-05 13:49:09'),
(925, 'SAN BLAS', ' AV COSTANERA S/N - BAHÍA SAN BLAS - C. DE PATAGONES - BUENOS AIRES ', '', 4, '2014-07-05 13:49:09', '2014-07-05 13:49:09'),
(926, 'BARRA DEL RIO NEGRO', 'DESEMBOCADURA DEL RIO NEGRO Y LA COSTA', '', 4, '2014-07-05 13:49:09', '2014-07-05 13:49:09'),
(927, 'SAN ANTONIO OESTE', 'BROWN 20 - SAN ANTONIO OESTE - RIO NEGRO', '', 4, '2014-07-05 13:49:09', '2014-07-05 13:49:09'),
(928, 'SAN ANTONIO ESTE', 'PUERTO SAN ANTONIO ESTE - RIO NEGRO', '', 4, '2014-07-05 13:49:09', '2014-07-05 13:49:09'),
(929, 'LAS GRUTAS', 'BALNEARIO LAS GRUTAS - RIO NEGRO ', '', 4, '2014-07-05 13:49:09', '2014-07-05 13:49:09'),
(930, 'PUNTA COLORADA', ' VILLA HIPARSA - PUNTA COLORADA - RIO NEGRO   ', '', 4, '2014-07-05 13:49:09', '2014-07-05 13:49:09'),
(931, 'BAL. ELSALADO', 'BALNEARIO ELSALADO - RIO NEGRO', '', 4, '2014-07-05 13:49:09', '2014-07-05 13:49:09'),
(932, 'PREFECTURA DE ZONA MAR AR', 'SAN MARTIN 116 - RIO GALLEGOS - SANTA CRUZ', '', 4, '2014-07-05 13:49:09', '2014-07-05 13:49:09'),
(933, 'COMODORO RIVADAVIA', 'MAXIMO ABASOLO Y SARMIENTO -C. P. U9000 - CHUBUT', '', 4, '2014-07-05 13:49:09', '2014-07-05 13:49:09'),
(934, 'CALETA CORDOVA', 'PUNTA NOVALES S/N - CHUBUT', '', 4, '2014-07-05 13:49:09', '2014-07-05 13:49:09'),
(935, 'BAHIA CAMARONES', 'JUAN MANUEL DE ESTRADA S/N  C.P. 9111 - CHUBUT', '', 4, '2014-07-05 13:49:09', '2014-07-05 13:49:09'),
(936, 'LAGO BUENOS AIRES', 'LAGO BUENOS AIRES - LOS ANTIGUOS - SANTA CRUZ', '', 4, '2014-07-05 13:49:09', '2014-07-05 13:49:09'),
(937, 'PUERTO DESEADO', 'ESPAÑA 1828 - PTO DESEADO - SANTA CRUZ', '', 4, '2014-07-05 13:49:09', '2014-07-05 13:49:09'),
(938, 'CALETA OLIVIA', 'AV. COSTANERA 2060 - CALETA OLIVIA  - SANTA CRUZ', '', 4, '2014-07-05 13:49:09', '2014-07-05 13:49:09'),
(939, 'SAN JULIAN', '9 DE JULIO 649  - SAN JULIAN - SANTA CRUZ', '', 4, '2014-07-05 13:49:09', '2014-07-05 13:49:09'),
(940, 'RIO GALLEGO E ISLAS MALVI', 'PASAJE ABUELA PAREDES 71 - RIO GALLEGOS - SANTA CRUZ ', '', 4, '2014-07-05 13:49:09', '2014-07-05 13:49:09'),
(941, 'PUNTA LOYOLA', 'PUERTO LOYOLA - GÜERAYKE - SANTA CRUZ', '', 4, '2014-07-05 13:49:09', '2014-07-05 13:49:09'),
(942, 'CABO VIRGENES', 'CABO VIRGENES - SANTA CRUZ', '', 4, '2014-07-05 13:49:09', '2014-07-05 13:49:09'),
(943, 'RIO GRANDE', 'ZONA PORTUARIA - RIO GRANDE - TIERRA DEL FUEGO', '', 4, '2014-07-05 13:49:09', '2014-07-05 13:49:09'),
(944, 'CULLEN', 'PLANTA TOTAL AUSTRAL - BAHÍA CULLEN - TIERRA DEL FUEGO', '', 4, '2014-07-05 13:49:09', '2014-07-05 13:49:09'),
(945, 'USHUAIA E I. DEL ATLANTIC', 'MAIPÚ YAGÁNES S/N - USHUAIA - TIERRA DEL FUEGO', '', 4, '2014-07-05 13:49:09', '2014-07-05 13:49:09'),
(946, 'PUERTO ALMANZA', 'PUERTO ALMANZA - USHUAIA - TIERRA DEL FUEGO ', '', 4, '2014-07-05 13:49:09', '2014-07-05 13:49:09'),
(947, 'CS JORGE E. LOPEZ', 'USHUAIA E ISLAS DEL ATLANTICO SUR - TIERRA DEL FUEGO', '', 4, '2014-07-05 13:49:09', '2014-07-05 13:49:09'),
(948, 'CI. JULIO OMAR BENITEZ', 'AV.MAIPU Y YAGAN C.P. V9410 - TIERRA DEL FUEGO', '', 4, '2014-07-05 13:49:09', '2014-07-05 13:49:09'),
(949, 'LAPATAIA', 'LAPATAIA  - TIERRA DEL FUEGO', '', 4, '2014-07-05 13:49:09', '2014-07-05 13:49:09'),
(950, 'LAGO FAGNANO', 'LAGO FAGNANO - TIERRA DEL FUEGO', '', 4, '2014-07-05 13:49:09', '2014-07-05 13:49:09'),
(951, 'SANTA CRUZ', 'AV. PIEDRABUENA 380 - PUERTO SANTA CRUZ', '', 4, '2014-07-05 13:49:09', '2014-07-05 13:49:09'),
(952, 'PUNTA QUILLA', '9 DE JULIOS S/N - PUNTA QUILLA - SANTA CRUZ', '', 4, '2014-07-05 13:49:09', '2014-07-05 13:49:09'),
(953, 'CMDTE. LUIS PIEDRABUENA', 'ISLA PAVON - CMDTE. LUIS PIEDRABUENA - SANTA CRUZ', '', 4, '2014-07-05 13:49:09', '2014-07-05 13:49:09'),
(954, 'LAGO ARGENTINO', 'PUNTA BANDERA S/N - EL CALAFATE - SANTA CRUZ', '', 4, '2014-07-05 13:49:09', '2014-07-05 13:49:09'),
(955, 'PREFECTURA DE ZONA LACUST', 'CHILE 50 - NEUQUEN CAPITAL - PCIA. DE NEUQUEN', '', 4, '2014-07-05 13:49:09', '2014-07-05 13:49:09'),
(956, 'SAN CARLOS DE BARILOCHE', 'GOB. ELORDI 219 - S.C. DE BARILOCHE - RIO NEGRO ', '', 4, '2014-07-05 13:49:09', '2014-07-05 13:49:09'),
(957, 'PUERTO BLEST', 'PUERTO BLEST - NEUQUEN', '', 4, '2014-07-05 13:49:09', '2014-07-05 13:49:09'),
(958, 'PUERTO PAÑUELO', 'KM. 25 RUTA LLAO LLAO - RIO NEGRO   ', '', 4, '2014-07-05 13:49:09', '2014-07-05 13:49:09'),
(959, 'LAGO PUELO', 'LAGO PUELO - CHUBUT', '', 4, '2014-07-05 13:49:09', '2014-07-05 13:49:09'),
(960, 'FUTALAUFQUEN', 'FUTALAUFQUEN - LAGO FUTALAUFQUEN - RIO NEGRO', '', 4, '2014-07-05 13:49:09', '2014-07-05 13:49:09'),
(961, 'ISLA HUEMUL', 'ISLA HUEMUL - SAN CARLOS - RIO NEGRO', '', 4, '2014-07-05 13:49:09', '2014-07-05 13:49:09'),
(962, 'VILLA LA ANGOSTURA', 'AV. NAHUEL HUAPI 2240 - VILLA LA ANGOSTURA NEUQUEN', '', 4, '2014-07-05 13:49:09', '2014-07-05 13:49:09'),
(963, 'DEL COMAHUE', 'CHILE 50 - DE NEUQUEN NEUQUEN', '', 4, '2014-07-05 13:49:09', '2014-07-05 13:49:09'),
(964, 'LAGO PELEGRINI', 'LAGO PELLEGRINI - NEUQUEN', '', 4, '2014-07-05 13:49:09', '2014-07-05 13:49:09'),
(965, 'CASA DE PIEDRA', 'VILLA CASA DE PIEDRA - CASA DE PIEDRA - NEUQUEN', '', 4, '2014-07-05 13:49:09', '2014-07-05 13:49:09'),
(966, 'LAGO EXEQUIEL RAMOS MEXIA', 'CASA 239 "A"  - VILLA EL CHOCON - NEUQUEN', '', 4, '2014-07-05 13:49:09', '2014-07-05 13:49:09'),
(967, 'VILLA PEHUENIA', 'VILLA PEHUENIA - NEIUQUEN ', '', 4, '2014-07-05 13:49:09', '2014-07-05 13:49:09'),
(968, 'VILLA REGINA', 'KM. 610 RÍO NEGRO - VILLA REGINA - RIO NEGRO', '', 4, '2014-07-05 13:49:09', '2014-07-05 13:49:09'),
(969, 'MARI MENUCO', 'DEPARTAMENTO ANLO - VILLA MARI MENUCO - NEUQUEN', '', 4, '2014-07-05 13:49:09', '2014-07-05 13:49:09'),
(970, 'SAN MARTIN DE LOS ANDES', 'CAPITAN DRURY 649 - SAN MARTÍN DE LOS ANDES - NEUQUEN ', '', 4, '2014-07-05 13:49:09', '2014-07-05 13:49:09'),
(971, 'PUERTO CANOA', 'PUERTO CANOA - JUNIN DE LOS ANDES - NEUQUEN', '', 4, '2014-07-05 13:49:09', '2014-07-05 13:49:09'),
(972, 'DIRECCION NACIONAL de GEN', 'AV. GENDARMERIA NACIONAL Nº 515', '', 3, '2014-07-05 13:49:09', '2014-07-05 13:49:09'),
(973, 'AYUDANTIA y DESPACHO DE L', 'AV. GENDARMERIA NACIONAL Nº 515', '', 3, '2014-07-05 13:49:09', '2014-07-05 13:49:09'),
(974, 'UNIDAD TECNICA ADMINISTRA', 'AV. GENDARMERIA NACIONAL Nº 515', '', 3, '2014-07-05 13:49:09', '2014-07-05 13:49:09'),
(975, 'DIRECCION de ASUNTOS JURI', 'AV. GENDARMERIA NACIONAL Nº 515', '', 3, '2014-07-05 13:49:09', '2014-07-05 13:49:09'),
(976, 'SUBDIRECCIÓN DE ASUNTOS J', 'AV. GENDARMERIA NACIONAL Nº 515', '', 3, '2014-07-05 13:49:09', '2014-07-05 13:49:09'),
(977, 'DIRECCION DEL SERVICIO AD', 'AV. GENDARMERIA NACIONAL Nº 515', '', 3, '2014-07-05 13:49:09', '2014-07-05 13:49:09'),
(978, 'SUBDIRECCIÓN DEL SERVICIO', 'AV. GENDARMERIA NACIONAL Nº 515', '', 3, '2014-07-05 13:49:09', '2014-07-05 13:49:09'),
(979, 'DIRECCION GENERAL de FINA', 'AV. GENDARMERIA NACIONAL Nº 515', '', 3, '2014-07-05 13:49:09', '2014-07-05 13:49:09'),
(980, 'DIRECCION del SERVICIO AD', 'AV. GENDARMERIA NACIONAL Nº 515', '', 3, '2014-07-05 13:49:09', '2014-07-05 13:49:09'),
(981, 'GABINETE PERSONAL DE LA D', 'AV. GENDARMERIA NACIONAL Nº 515', '', 3, '2014-07-05 13:49:09', '2014-07-05 13:49:09'),
(982, 'COMISION EVALUADORA', 'AV. GENDARMERIA NACIONAL Nº 515', '', 3, '2014-07-05 13:49:09', '2014-07-05 13:49:09'),
(983, 'SUBDIRECCION NACIONAL DE ', 'AV. GENDARMERIA NACIONAL Nº 515', '', 3, '2014-07-05 13:49:09', '2014-07-05 13:49:09'),
(984, 'AYUDANTIA Y DESPACHO SUBD', 'AV. GENDARMERIA NACIONAL Nº 515', '', 3, '2014-07-05 13:49:09', '2014-07-05 13:49:09'),
(985, 'SECRETARIA DE ESTADO MAYO', 'AV. GENDARMERIA NACIONAL Nº 515', '', 3, '2014-07-05 13:49:09', '2014-07-05 13:49:09'),
(986, 'INSPECCION GENERAL', 'AV. GENDARMERIA NACIONAL Nº 515', '', 3, '2014-07-05 13:49:09', '2014-07-05 13:49:09'),
(987, 'AUDITORIA DE SISTEMAS DE ', 'AV. GENDARMERIA NACIONAL Nº 515', '', 3, '2014-07-05 13:49:09', '2014-07-05 13:49:09'),
(988, 'AUDITORIA DE GESTION ADMI', 'AV. GENDARMERIA NACIONAL Nº 515', '', 3, '2014-07-05 13:49:09', '2014-07-05 13:49:09'),
(989, 'AUDITORIA DE GESTION OPER', 'AV. GENDARMERIA NACIONAL Nº 515', '', 3, '2014-07-05 13:49:09', '2014-07-05 13:49:09'),
(990, 'DIRECCIÓN DE PLANEAMIENTO', 'AV. GENDARMERIA NACIONAL Nº 515', '', 3, '2014-07-05 13:49:09', '2014-07-05 13:49:09'),
(991, 'DIRECCIÓN PLANEAMIENTO Y ', 'AV. GENDARMERIA NACIONAL Nº 515', '', 3, '2014-07-05 13:49:09', '2014-07-05 13:49:09'),
(992, 'SECRETARÍA PLANEAMIENTO Y', 'AV. GENDARMERIA NACIONAL Nº 515', '', 3, '2014-07-05 13:49:09', '2014-07-05 13:49:09'),
(993, 'DIRECCIÓN PLANEAMIENTO Y ', 'AV. GENDARMERIA NACIONAL Nº 515', '', 3, '2014-07-05 13:49:09', '2014-07-05 13:49:09'),
(994, 'DIRECCIÓN PLANEAMIENTO Y ', 'AV. GENDARMERIA NACIONAL Nº 515', '', 3, '2014-07-05 13:49:09', '2014-07-05 13:49:09'),
(995, 'DIRECCIÓN PLANEAMIENTO Y ', 'AV. GENDARMERIA NACIONAL Nº 515', '', 3, '2014-07-05 13:49:09', '2014-07-05 13:49:09'),
(996, 'DIRECCIÓN PLANEAMIENTO Y ', 'AV. GENDARMERIA NACIONAL Nº 515', '', 3, '2014-07-05 13:49:09', '2014-07-05 13:49:09'),
(997, 'DIRECCIÓN PLANEAMIENTO Y ', 'AV. GENDARMERIA NACIONAL Nº 515', '', 3, '2014-07-05 13:49:09', '2014-07-05 13:49:09'),
(998, 'SUBDIRECCION DE DOCTRINA', 'AV. GENDARMERIA NACIONAL Nº 515', '', 3, '2014-07-05 13:49:09', '2014-07-05 13:49:09'),
(999, 'SECRETARIA GENERAL', 'AV. GENDARMERIA NACIONAL Nº 515', '', 3, '2014-07-05 13:49:09', '2014-07-05 13:49:09'),
(1000, 'SERVICIO HISTORICO Y REVI', 'AV. GENDARMERIA NACIONAL Nº 515', '', 3, '2014-07-05 13:49:09', '2014-07-05 13:49:09'),
(1001, 'ESCUADRÓN SEGURIDAD Y PRO', 'AV. GENDARMERIA NACIONAL Nº 515', '', 3, '2014-07-05 13:49:09', '2014-07-05 13:49:09'),
(1002, 'SERVICIO DE BANDAS', 'AV. GENDARMERIA NACIONAL Nº 515', '', 3, '2014-07-05 13:49:09', '2014-07-05 13:49:09'),
(1003, 'BANDA de MUSICA de GENDAR', 'AV. GENDARMERIA NACIONAL Nº 515', '', 3, '2014-07-05 13:49:09', '2014-07-05 13:49:09'),
(1004, 'DIRECCION GENERAL de OPER', 'AV. GENDARMERIA NACIONAL Nº 515', '', 3, '2014-07-05 13:49:09', '2014-07-05 13:49:09'),
(1005, 'CENTRO de COMANDO y CONTR', 'AV. GENDARMERIA NACIONAL Nº 515', '', 3, '2014-07-05 13:49:09', '2014-07-05 13:49:09'),
(1006, 'CENTRO DE COORDINACION Y ', 'AV. GENDARMERIA NACIONAL Nº 515', '', 3, '2014-07-05 13:49:09', '2014-07-05 13:49:09'),
(1007, 'SUBDIRECCIÓN DE PRESTACIO', 'AV. GENDARMERIA NACIONAL Nº 515', '', 3, '2014-07-05 13:49:09', '2014-07-05 13:49:09'),
(1008, 'DIRECCION de POLICIA  y J', 'AV. GENDARMERIA NACIONAL Nº 515', '', 3, '2014-07-05 13:49:09', '2014-07-05 13:49:09'),
(1009, 'SUBDIRECCIÓN DE POLICIA Y', 'AV. GENDARMERIA NACIONAL Nº 515', '', 3, '2014-07-05 13:49:09', '2014-07-05 13:49:09'),
(1010, 'SUBDIRECCION DE MEDIO AMB', 'AV. GENDARMERIA NACIONAL Nº 515', '', 3, '2014-07-05 13:49:09', '2014-07-05 13:49:09'),
(1011, 'SUBDIRECCION DE INVESTIGA', 'AV. GENDARMERIA NACIONAL Nº 515', '', 3, '2014-07-05 13:49:09', '2014-07-05 13:49:09'),
(1012, 'SUBDIRECCION DE SEGURIDAD', 'AV. GENDARMERIA NACIONAL Nº 515', '', 3, '2014-07-05 13:49:09', '2014-07-05 13:49:09'),
(1013, 'UNIDAD ESPECIAL DELITOS E', 'AV. GENDARMERIA NACIONAL Nº 515', '', 3, '2014-07-05 13:49:09', '2014-07-05 13:49:09'),
(1014, 'UNIDAD ESPECIAL DE INVEST', 'AV. GENDARMERIA NACIONAL Nº 515', '', 3, '2014-07-05 13:49:09', '2014-07-05 13:49:09'),
(1015, 'DIRECCION de OPERACIONES ', 'AV. GENDARMERIA NACIONAL Nº 515', '', 3, '2014-07-05 13:49:09', '2014-07-05 13:49:09'),
(1016, 'SUBDIRECCION DE OPERACION', 'AV. GENDARMERIA NACIONAL Nº 515', '', 3, '2014-07-05 13:49:09', '2014-07-05 13:49:09'),
(1017, 'SUBDIRECCION DE CONTROL Y', 'AV. GENDARMERIA NACIONAL Nº 515', '', 3, '2014-07-05 13:49:09', '2014-07-05 13:49:09'),
(1018, 'SUBDIRECCION DE FRONTERAS', 'AV. GENDARMERIA NACIONAL Nº 515', '', 3, '2014-07-05 13:49:09', '2014-07-05 13:49:09'),
(1019, 'SUBDIRECCION DE COOPERACI', 'AV. GENDARMERIA NACIONAL Nº 515', '', 3, '2014-07-05 13:49:09', '2014-07-05 13:49:09'),
(1020, 'SUBDIRECCION DE DEFENSA Y', 'AV. GENDARMERIA NACIONAL Nº 515', '', 3, '2014-07-05 13:49:09', '2014-07-05 13:49:09'),
(1021, 'SUBDIRICCIÓN DE OPERACION', 'AV. GENDARMERIA NACIONAL Nº 515', '', 3, '2014-07-05 13:49:09', '2014-07-05 13:49:09'),
(1022, 'AGRUPACION ESPECIAL DE SE', 'AV. GENDARMERIA NACIONAL Nº 515', '', 3, '2014-07-05 13:49:09', '2014-07-05 13:49:09'),
(1023, 'UNIDAD SEGURIDAD OBJETIVO', 'AV. GENDARMERIA NACIONAL Nº 515', '', 3, '2014-07-05 13:49:09', '2014-07-05 13:49:09'),
(1024, 'UNIDAD CUSTODIA DE PERSON', 'AV. GENDARMERIA NACIONAL Nº 515', '', 3, '2014-07-05 13:49:09', '2014-07-05 13:49:09'),
(1025, 'UNIDAD SEGURIDAD Y CUSTOD', 'Gelly y Obes (C1425EMA) Nº 2289', '', 3, '2014-07-05 13:49:09', '2014-07-05 13:49:09'),
(1026, 'DIRECCION de INTELIGENCIA', 'AV. GENDARMERIA NACIONAL Nº 515', '', 3, '2014-07-05 13:49:09', '2014-07-05 13:49:09'),
(1027, 'UNIDAD ESPECIAL DE INTELI', 'AV. GENDARMERIA NACIONAL Nº 515', '', 3, '2014-07-05 13:49:09', '2014-07-05 13:49:09'),
(1028, 'UNIDAD ESPECIAL DE INTELI', 'AV. GENDARMERIA NACIONAL Nº 515', '', 3, '2014-07-05 13:49:09', '2014-07-05 13:49:09'),
(1029, 'SUBDIRECCION DE  INTELIGE', 'AV. GENDARMERIA NACIONAL Nº 515', '', 3, '2014-07-05 13:49:09', '2014-07-05 13:49:09'),
(1030, 'DIRECCION ANTIDROGAS', 'AV. GENDARMERIA NACIONAL Nº 515', '', 3, '2014-07-05 13:49:09', '2014-07-05 13:49:09'),
(1031, 'UNIDAD ESPECIAL de OPERAC', 'AV. GENDARMERIA NACIONAL Nº 515', '', 3, '2014-07-05 13:49:09', '2014-07-05 13:49:09'),
(1032, 'DIRECCION de POLICIA CIEN', 'AV. GENDARMERIA NACIONAL Nº 515', '', 3, '2014-07-05 13:49:09', '2014-07-05 13:49:09'),
(1033, 'DIRECCION GENERAL DE PERS', 'AV. GENDARMERIA NACIONAL Nº 515', '', 3, '2014-07-05 13:49:09', '2014-07-05 13:49:09'),
(1034, 'SUBDIRECCIÓN DE ASUNTOS I', 'AV. GENDARMERIA NACIONAL Nº 515', '', 3, '2014-07-05 13:49:09', '2014-07-05 13:49:09'),
(1035, 'DEPARTAMENTO DE COORDINAC', 'AV. GENDARMERIA NACIONAL Nº 515', '', 3, '2014-07-05 13:49:09', '2014-07-05 13:49:09'),
(1036, 'DIRECCION de RECURSOS HUM', 'AV. GENDARMERIA NACIONAL Nº 515', '', 3, '2014-07-05 13:49:09', '2014-07-05 13:49:09'),
(1037, 'JUNTA SUPERIOR RECONOCIMI', 'AV. GENDARMERIA NACIONAL Nº 515', '', 3, '2014-07-05 13:49:09', '2014-07-05 13:49:09'),
(1038, 'SUBDIRECCION DE RECURSOS ', 'AV. GENDARMERIA NACIONAL Nº 515', '', 3, '2014-07-05 13:49:09', '2014-07-05 13:49:09'),
(1039, 'DEPARTAMENTO PLANES DE PE', 'AV. GENDARMERIA NACIONAL Nº 515', '', 3, '2014-07-05 13:49:09', '2014-07-05 13:49:09'),
(1040, 'SUBDIRECCION RETIROS Y PA', 'AV. GENDARMERIA NACIONAL Nº 515', '', 3, '2014-07-05 13:49:09', '2014-07-05 13:49:09'),
(1041, 'INSTITUTO OBRA SOCIAL EJE', 'AV. GENDARMERIA NACIONAL Nº 515', '', 3, '2014-07-05 13:49:09', '2014-07-05 13:49:09'),
(1042, 'DIRECCION de BIENESTAR y ', 'AV. GENDARMERIA NACIONAL Nº 515', '', 3, '2014-07-05 13:49:09', '2014-07-05 13:49:09'),
(1043, 'DELEGACION IOSE "CENTINEL', 'AV. GENDARMERIA NACIONAL Nº 515', '', 3, '2014-07-05 13:49:09', '2014-07-05 13:49:09'),
(1044, 'SUBDIRECCION DE BIENESTAR', 'AV. GENDARMERIA NACIONAL Nº 515', '', 3, '2014-07-05 13:49:09', '2014-07-05 13:49:09'),
(1045, 'SUBDIRECCION SANIDAD MILI', 'AV. GENDARMERIA NACIONAL Nº 515', '', 3, '2014-07-05 13:49:09', '2014-07-05 13:49:09'),
(1046, 'DEPARTAMENTO BIENESTAR (O', 'AV. GENDARMERIA NACIONAL Nº 515', '', 3, '2014-07-05 13:49:09', '2014-07-05 13:49:09'),
(1047, 'CENTRO ASISTENCIAL BUENOS', 'AV. GENDARMERIA NACIONAL Nº 515', '', 3, '2014-07-05 13:49:09', '2014-07-05 13:49:09'),
(1048, 'DIRECCION de EDUCACION e ', 'AV. GENDARMERIA NACIONAL Nº 515', '', 3, '2014-07-05 13:49:09', '2014-07-05 13:49:09'),
(1049, 'CURSANTES', 'AV. GENDARMERIA NACIONAL Nº 515', '', 3, '2014-07-05 13:49:09', '2014-07-05 13:49:09'),
(1050, 'SUBDIRECCION DE EDUCACION', 'AV. GENDARMERIA NACIONAL Nº 515', '', 3, '2014-07-05 13:49:09', '2014-07-05 13:49:09'),
(1051, 'DIRECCION de ENLACE PERSO', 'AV. GENDARMERIA NACIONAL Nº 515', '', 3, '2014-07-05 13:49:09', '2014-07-05 13:49:09'),
(1052, 'DIRECCION GENERAL DE APOY', 'AV. GENDARMERIA NACIONAL Nº 515', '', 3, '2014-07-05 13:49:09', '2014-07-05 13:49:09'),
(1053, 'DIRECCION GENERAL de LOGI', 'AV. GENDARMERIA NACIONAL Nº 515', '', 3, '2014-07-05 13:49:09', '2014-07-05 13:49:09'),
(1054, 'DIRECCION de LOGISTICA', 'AV. GENDARMERIA NACIONAL Nº 717', '', 3, '2014-07-05 13:49:09', '2014-07-05 13:49:09'),
(1055, 'DIRECCION de LOGISTICA (C', 'AV. GENDARMERIA NACIONAL Nº 717', '', 3, '2014-07-05 13:49:09', '2014-07-05 13:49:09'),
(1056, 'SUBDIRECCION LOGISTICA', 'AV. GENDARMERIA NACIONAL Nº 717', '', 3, '2014-07-05 13:49:09', '2014-07-05 13:49:09'),
(1057, 'ESCUADRON LOGISTICO', 'AV. GENDARMERIA NACIONAL Nº 717', '', 3, '2014-07-05 13:49:09', '2014-07-05 13:49:09'),
(1058, 'DIRECCION de COMUNICACION', 'AV. GENDARMERIA NACIONAL Nº 515', '', 3, '2014-07-05 13:49:09', '2014-07-05 13:49:09'),
(1059, 'SUBDIRECCION DE COMUNICAC', 'AV. GENDARMERIA NACIONAL Nº 515', '', 3, '2014-07-05 13:49:09', '2014-07-05 13:49:09'),
(1060, 'SUBDIRECCION TECNOLOGIAS ', 'AV. GENDARMERIA NACIONAL Nº 515', '', 3, '2014-07-05 13:49:09', '2014-07-05 13:49:09'),
(1061, 'CENTRO MANTENIMIENTO Y CA', 'AV. 27 DE FEBRERO Nº 6201', '', 3, '2014-07-05 13:49:09', '2014-07-05 13:49:09'),
(1062, 'SUBDIRECCION DE COORDINAC', 'AV. GENDARMERIA NACIONAL Nº 515', '', 3, '2014-07-05 13:49:09', '2014-07-05 13:49:09'),
(1063, 'DIRECCION GENERAL de INVE', 'AV. GENDARMERIA NACIONAL Nº 515', '', 3, '2014-07-05 13:49:09', '2014-07-05 13:49:09'),
(1064, 'DIRECCION DE PERSONAL  HI', 'AV. GENDARMERIA NACIONAL Nº 515', '', 3, '2014-07-05 13:49:09', '2014-07-05 13:49:09'),
(1065, 'DIRECCION de OPERACIONES ', 'AV. GENDARMERIA NACIONAL Nº 515', '', 3, '2014-07-05 13:49:09', '2014-07-05 13:49:09'),
(1066, 'SUBDIRECCION de SEGURIDAD', 'AV. GENDARMERIA NACIONAL Nº 515', '', 3, '2014-07-05 13:49:09', '2014-07-05 13:49:09'),
(1067, 'DISPONIBILIDAD', 'AV. GENDARMERIA NACIONAL Nº 515', '', 3, '2014-07-05 13:49:09', '2014-07-05 13:49:09'),
(1068, 'SUBDIRECCION DE POLICIA-H', 'AV. GENDARMERIA NACIONAL Nº 515', '', 3, '2014-07-05 13:49:09', '2014-07-05 13:49:09'),
(1069, 'INSTITUTO UNIVERSITARIO D', 'AV. PASEO COLON Nº 533', '', 3, '2014-07-05 13:49:09', '2014-07-05 13:49:09'),
(1070, 'IUGNA SECRETARIA PLANEAMI', 'AV. PASEO COLON Nº 533', '', 3, '2014-07-05 13:49:09', '2014-07-05 13:49:09'),
(1071, 'CENTRO de EDUCACION a DIS', 'AV. PASEO COLON Nº 533', '', 3, '2014-07-05 13:49:09', '2014-07-05 13:49:09'),
(1072, 'CENTRO de INSTRUCCION en ', 'AV. PASEO COLON Nº 533', '', 3, '2014-07-05 13:49:09', '2014-07-05 13:49:09'),
(1073, 'CENTRO FORMACIÓN ESCUELA ', 'AV FUERZA AEREA Nº KM 6 1/2', '', 3, '2014-07-05 13:49:09', '2014-07-05 13:49:09'),
(1074, 'CENTRO BASICO EQUITACION', 'Ruta 8  (1659)   Nº Puerta 4 ', '', 3, '2014-07-05 13:49:09', '2014-07-05 13:49:09'),
(1075, 'ESCUELA STO CABRAL EA"-C ', 'RUTA 202 Nº S/N', '', 3, '2014-07-05 13:49:09', '2014-07-05 13:49:09'),
(1076, 'CENTRO PREPARACION PARA L', 'Ruta 8  (1659)   Nº Puerta 4 ', '', 3, '2014-07-05 13:49:09', '2014-07-05 13:49:09'),
(1077, 'CENTRO de CAPACITACION de', 'Ruta 8  (1659)   Nº Puerta 4 ', '', 3, '2014-07-05 13:49:09', '2014-07-05 13:49:09'),
(1078, 'CENTRO COMANDO Y ESTADO M', 'P.O.BOX. Nº 9051', '', 3, '2014-07-05 13:49:09', '2014-07-05 13:49:09'),
(1079, 'ESCUELA SUPERIOR GN "GRL ', 'AV. PASEO COLON Nº 533', '', 3, '2014-07-05 13:49:09', '2014-07-05 13:49:09'),
(1080, 'ESCUELA SUPERIOR GN "GRL ', 'AV. PASEO COLON Nº 533', '', 3, '2014-07-05 13:49:09', '2014-07-05 13:49:09');
INSERT INTO `dependencias` (`id`, `nombre`, `ubicacion`, `telefono`, `fuerza`, `created_at`, `updated_at`) VALUES
(1081, 'ESCUELASUPERIOR GN "GRL M', 'AV. PASEO COLON Nº 533', '', 3, '2014-07-05 13:49:09', '2014-07-05 13:49:09'),
(1082, 'ESCUELASUPERIOR GN "GRL M', 'AV. PASEO COLON Nº 533', '', 3, '2014-07-05 13:49:09', '2014-07-05 13:49:09'),
(1083, 'ESCUELA GN "GRL M M DE GU', 'EL QUEBRACHO Nº S/N', '', 3, '2014-07-05 13:49:09', '2014-07-05 13:49:09'),
(1084, 'ESCUELA GN "GRL M M DE GU', 'EL QUEBRACHO Nº S/N', '', 3, '2014-07-05 13:49:09', '2014-07-05 13:49:09'),
(1085, 'ESCUELA GN "GRL M M DE GU', 'EL QUEBRACHO Nº S/N', '', 3, '2014-07-05 13:49:09', '2014-07-05 13:49:09'),
(1086, 'ESCUELA GN "GRL M M DE GU', 'EL QUEBRACHO Nº S/N', '', 3, '2014-07-05 13:49:09', '2014-07-05 13:49:09'),
(1087, 'ESCUELA GN "GRL M M DE GU', 'EL QUEBRACHO Nº S/N', '', 3, '2014-07-05 13:49:09', '2014-07-05 13:49:09'),
(1088, 'ESCUELA DE SUBOFOCIALES "', 'AV. 28 DE JULIO Nº 1635', '', 3, '2014-07-05 13:49:09', '2014-07-05 13:49:09'),
(1089, 'ESCUELA DE SUBOFOCIALES "', 'AV. 28 DE JULIO Nº 1635', '', 3, '2014-07-05 13:49:09', '2014-07-05 13:49:09'),
(1090, 'ESCUELA DE SUBOFOCIALES "', 'AV. 28 DE JULIO Nº 1635', '', 3, '2014-07-05 13:49:09', '2014-07-05 13:49:09'),
(1091, 'ESCUELA DE SUBOFOCIALES "', 'AV. 28 DE JULIO Nº 1635', '', 3, '2014-07-05 13:49:09', '2014-07-05 13:49:09'),
(1092, 'ESCUELA DE SUBOFOCIALES "', 'AV. 28 DE JULIO Nº 1635', '', 3, '2014-07-05 13:49:09', '2014-07-05 13:49:09'),
(1093, 'ESCUELA DE SUBOFOCIALES "', 'AV. 28 DE JULIO Nº 1635', '', 3, '2014-07-05 13:49:09', '2014-07-05 13:49:09'),
(1094, 'ESCUELA DE SUBOFOCIALES "', 'AV. 28 DE JULIO Nº 1635', '', 3, '2014-07-05 13:49:09', '2014-07-05 13:49:09'),
(1095, 'INSTITUTO DE CAPACITACIÓN', 'AV. 2 Nº 725', '', 3, '2014-07-05 13:49:09', '2014-07-05 13:49:09'),
(1096, 'INSTITUTO DE CAPACITACIÓN', 'AV. 2 Nº 725', '', 3, '2014-07-05 13:49:09', '2014-07-05 13:49:09'),
(1097, 'INSTITUTO DE CAPACITACIÓN', 'AV. 2 Nº 725', '', 3, '2014-07-05 13:49:09', '2014-07-05 13:49:09'),
(1098, 'INSTITUTO DE CAPACITACIÓN', 'AV. 2 Nº 725', '', 3, '2014-07-05 13:49:09', '2014-07-05 13:49:09'),
(1099, 'INSTITUTO DE CAPACITACIÓN', 'AV. 2 Nº 725', '', 3, '2014-07-05 13:49:09', '2014-07-05 13:49:09'),
(1100, 'INSTITUTO DE CAPACITACIÓN', 'AV. 2 Nº 725', '', 3, '2014-07-05 13:49:09', '2014-07-05 13:49:09'),
(1101, 'INSTITUTO DE CAPACITACIÓN', 'AV. 2 Nº 725', '', 3, '2014-07-05 13:49:09', '2014-07-05 13:49:09'),
(1102, 'INSTITUTO DE CAPACITACIÓN', 'AV. 2 Nº 725', '', 3, '2014-07-05 13:49:09', '2014-07-05 13:49:09'),
(1103, 'INSTITUTO DE CAPACITACIÓN', 'AV. 2 Nº 725', '', 3, '2014-07-05 13:49:10', '2014-07-05 13:49:10'),
(1104, 'INSTITUTO DE CAPACITACIÓN', 'AV. 2 Nº 725', '', 3, '2014-07-05 13:49:10', '2014-07-05 13:49:10'),
(1105, 'INSTITUTO DE CAPACITACIÓN', 'AV. 2 Nº 725', '', 3, '2014-07-05 13:49:10', '2014-07-05 13:49:10'),
(1106, 'INSTITUTO DE CAPACITACIÓN', 'AV. 2 Nº 725', '', 3, '2014-07-05 13:49:10', '2014-07-05 13:49:10'),
(1107, 'CENTRO DE CAPACITACION PA', 'AV. 2 Nº 725', '', 3, '2014-07-05 13:49:10', '2014-07-05 13:49:10'),
(1108, 'CENTRO DE FORMACIÓN GEND ', 'SAN MARTIN  Nº S/N', '', 3, '2014-07-05 13:49:10', '2014-07-05 13:49:10'),
(1109, 'OFICINA DE ENLACE ESPEC L', 'Aspiazu  Nº 497', '', 3, '2014-07-05 13:49:10', '2014-07-05 13:49:10'),
(1110, 'OFICIAL DE ENLACE ANTE LA', '', '', 3, '2014-07-05 13:49:10', '2014-07-05 13:49:10'),
(1111, 'OFICIAL DE ENLACE ANTE LA', '', '', 3, '2014-07-05 13:49:10', '2014-07-05 13:49:10'),
(1112, 'OFICIAL DE ENLACE ANTE LA', '', '', 3, '2014-07-05 13:49:10', '2014-07-05 13:49:10'),
(1113, 'OFICIAL DE ENLACE ANTE LA', '', '', 3, '2014-07-05 13:49:10', '2014-07-05 13:49:10'),
(1114, 'OFICIAL DE ENLACE ANTE LA', '', '', 3, '2014-07-05 13:49:10', '2014-07-05 13:49:10'),
(1115, 'COMISIÓN INTERAGENCIAL CO', '', '', 3, '2014-07-05 13:49:10', '2014-07-05 13:49:10'),
(1116, 'MISION SEGURIDAD (EMBAJAD', 'Av. Arequipa Nº 121', '', 3, '2014-07-05 13:49:10', '2014-07-05 13:49:10'),
(1117, 'MISION SEGURIDAD (EMBAJAD', 'Dong Wu Jie Nº Nro 11', '', 3, '2014-07-05 13:49:10', '2014-07-05 13:49:10'),
(1118, 'MISION SEGURIDAD (EMBAJAD', '5ta. Avenida 5-55 Edificio  Nº ', '', 3, '2014-07-05 13:49:10', '2014-07-05 13:49:10'),
(1119, 'MISION SEGURIDAD (EMBAJAD', 'Avda España Nº SN', '', 3, '2014-07-05 13:49:10', '2014-07-05 13:49:10'),
(1120, 'MISION SEGURIDAD (EMBAJAD', 'Av. 40 A - Nº  Nº 13-09 -Piso 2 Ed “UGI” ', '', 3, '2014-07-05 13:49:10', '2014-07-05 13:49:10'),
(1121, 'MISION SEGURIDAD (EMBAJAD', 'Metellus Nº 48', '', 3, '2014-07-05 13:49:10', '2014-07-05 13:49:10'),
(1122, 'UNION DE NACIONES SURAMER', 'Clerveaux Nº 12', '', 3, '2014-07-05 13:49:10', '2014-07-05 13:49:10'),
(1123, 'MISION SEGURIDAD (EMBAJAD', 'Aspiazu  Nº 497', '', 3, '2014-07-05 13:49:10', '2014-07-05 13:49:10'),
(1124, 'MISION ONU "HAITI"', 'BOULEVARD DU 15 Nº S/N', '', 3, '2014-07-05 13:49:10', '2014-07-05 13:49:10'),
(1125, 'COMISION ONU "REPUBLICA D', 'TOMPING SITE Nº SN', '', 3, '2014-07-05 13:49:10', '2014-07-05 13:49:10'),
(1126, 'COMISION DE PAZ "REPUBLIC', 'AV. GENDARMERIA NACIONAL Nº 515', '', 3, '2014-07-05 13:49:10', '2014-07-05 13:49:10'),
(1127, 'OFICIAL DE ENLACE EN LA M', 'One United Nations Plaza - 25th Floor Nº SN', '', 3, '2014-07-05 13:49:10', '2014-07-05 13:49:10'),
(1128, 'COMISION ONU "COSTA DE MA', 'AV. GENDARMERIA NACIONAL Nº 515', '', 3, '2014-07-05 13:49:10', '2014-07-05 13:49:10'),
(1129, 'OFICIAL DE ENLACE ANTE EL', 'Av. Hercílio Luz,  Nº 617', '', 3, '2014-07-05 13:49:10', '2014-07-05 13:49:10'),
(1130, 'JEFATURA REGION I', 'PUERTA 4 Nº ', '', 3, '2014-07-05 13:49:10', '2014-07-05 13:49:10'),
(1131, 'OPERATIVO UNIDAD "CINTURO', '27 DE FEBRERO (CP 1437) Nº 6201', '', 3, '2014-07-05 13:49:10', '2014-07-05 13:49:10'),
(1132, 'BANDA REGION I', 'Ruta 8  (1659)   Nº Puerta 4 ', '', 3, '2014-07-05 13:49:10', '2014-07-05 13:49:10'),
(1133, 'UNIDAD"CINTURON SUR " NRO', '27 DE FEBRERO (CP 1437) Nº 6201', '', 3, '2014-07-05 13:49:10', '2014-07-05 13:49:10'),
(1134, 'UNIDAD"CINTURON SUR " NRO', '27 DE FEBRERO (CP 1437) Nº 6201', '', 3, '2014-07-05 13:49:10', '2014-07-05 13:49:10'),
(1135, 'UNIDAD"CINTURON SUR " NRO', '27 DE FEBRERO (CP 1437) Nº 6201', '', 3, '2014-07-05 13:49:10', '2014-07-05 13:49:10'),
(1136, 'SECCIÓN "HIPICA"', 'Ruta 8  (1659)   Nº Puerta 4 ', '', 3, '2014-07-05 13:49:10', '2014-07-05 13:49:10'),
(1137, 'UNIDAD ESPECIAL INVESTIGA', 'Ruta 8  (1659)   Nº Puerta 4 ', '', 3, '2014-07-05 13:49:10', '2014-07-05 13:49:10'),
(1138, 'DESTACAMENTO MOVIL 1', 'Ruta 8  (1659)   Nº Puerta 4 ', '', 3, '2014-07-05 13:49:10', '2014-07-05 13:49:10'),
(1139, 'DESTACAMENTO MÓVIL 6', ' Nº ', '', 3, '2014-07-05 13:49:10', '2014-07-05 13:49:10'),
(1140, 'AGRUPACION ESPECIAL METRO', 'Ruta 8  (1659)   Nº Puerta 4 ', '', 3, '2014-07-05 13:49:10', '2014-07-05 13:49:10'),
(1141, 'OPERATIVO "CENTINELA"', 'Ruta 8  (1659)   Nº Puerta 4 ', '', 3, '2014-07-05 13:49:10', '2014-07-05 13:49:10'),
(1142, 'JEFATURA ZONA NORTE', 'Ruta 8  (1659)   Nº Puerta 4 ', '', 3, '2014-07-05 13:49:10', '2014-07-05 13:49:10'),
(1143, 'JEFATURA ZONA OESTE', 'Ruta 8  (1659)   Nº Puerta 4 ', '', 3, '2014-07-05 13:49:10', '2014-07-05 13:49:10'),
(1144, 'JEFATURA ZONA SUR', 'Ruta 8  (1659)   Nº Puerta 4 ', '', 3, '2014-07-05 13:49:10', '2014-07-05 13:49:10'),
(1145, 'ESCUADRON ESPECIAL NRO 2', 'Ruta 8  (1659)   Nº Puerta 4 ', '', 3, '2014-07-05 13:49:10', '2014-07-05 13:49:10'),
(1146, 'ESCUADRON ESPECIAL NRO 3', 'Ruta 8  (1659)   Nº Puerta 4 ', '', 3, '2014-07-05 13:49:10', '2014-07-05 13:49:10'),
(1147, 'ESCUADRON ESPECIAL NRO 4', 'Ruta 8  (1659)   Nº Puerta 4 ', '', 3, '2014-07-05 13:49:10', '2014-07-05 13:49:10'),
(1148, 'ESCUADRON COMANDO Y SERVI', 'Ruta 8  (1659)   Nº Puerta 4 ', '', 3, '2014-07-05 13:49:10', '2014-07-05 13:49:10'),
(1149, 'CENTRO de REUNION de INFO', 'Ruta 8  (1659)   Nº Puerta 4 ', '', 3, '2014-07-05 13:49:10', '2014-07-05 13:49:10'),
(1150, 'CENTRO ASISTENCIAL "CAMPO', 'Ruta 8  (1659)   Nº Puerta 4 ', '', 3, '2014-07-05 13:49:10', '2014-07-05 13:49:10'),
(1151, 'SERVICIO DE AVIACION', 'Ruta 8  (1659)   Nº Puerta 4 ', '', 3, '2014-07-05 13:49:10', '2014-07-05 13:49:10'),
(1152, 'CENTRO de OPERACIONES AER', 'Ruta 8  (1659)   Nº Puerta 4 ', '', 3, '2014-07-05 13:49:10', '2014-07-05 13:49:10'),
(1153, 'BANDA REGION', 'Ruta 8  (1659)   Nº Puerta 4 ', '', 3, '2014-07-05 13:49:10', '2014-07-05 13:49:10'),
(1154, 'CENTRO DE CAPACITACION VE', 'Ruta 8  (1659)   Nº Puerta 4 ', '', 3, '2014-07-05 13:49:10', '2014-07-05 13:49:10'),
(1155, 'AGRUPACION DE UNIDADES OP', 'Ruta 8  (1659)   Nº Puerta 4 ', '', 3, '2014-07-05 13:49:10', '2014-07-05 13:49:10'),
(1156, 'UNIDAD ESPECIAL DE SEGURI', 'J B de Lazalle Nº 4341', '', 3, '2014-07-05 13:49:10', '2014-07-05 13:49:10'),
(1157, 'ESCUADRON SEGURIDAD "CAMP', 'Ruta 8  (1659)   Nº Puerta 4 ', '', 3, '2014-07-05 13:49:10', '2014-07-05 13:49:10'),
(1158, 'GRUPO SEGURIDAD "BASILICA', 'AV. SAN MARTIN Nº 51', '', 3, '2014-07-05 13:49:10', '2014-07-05 13:49:10'),
(1159, 'SECCION SEGURIDAD CONSTIT', 'AV. GRAL PAZ Nº 1499', '', 3, '2014-07-05 13:49:10', '2014-07-05 13:49:10'),
(1160, 'SECCION SEGURIDAD EZEIZA', 'AV. PBRO. JUAN GONZALEZ Nº 15', '', 3, '2014-07-05 13:49:10', '2014-07-05 13:49:10'),
(1161, 'SECCION SEGURIDAD "BALCAR', 'RN 226 Nº KM 48', '', 3, '2014-07-05 13:49:10', '2014-07-05 13:49:10'),
(1162, 'ESCUADRON SEGURIDAD "ATUC', 'RN 9 Nº KM 100', '', 3, '2014-07-05 13:49:10', '2014-07-05 13:49:10'),
(1163, 'ESCUADRON SEGURIDAD "ZARA', 'CC 100 (2800) Nº CC 100 (2800)', '', 3, '2014-07-05 13:49:10', '2014-07-05 13:49:10'),
(1164, 'SECCION SEGURIDAD VIAL "Z', 'CC 100 (2800) Nº CC 100 (2800)', '', 3, '2014-07-05 13:49:10', '2014-07-05 13:49:10'),
(1165, 'ESCUADRON SEGURIDAD VIAL ', 'Castelli  Nº 345', '', 3, '2014-07-05 13:49:10', '2014-07-05 13:49:10'),
(1166, 'ESCUADRON SEGURIDAD VIAL ', 'José M. Estrada Nº 12  Bº Uno', '', 3, '2014-07-05 13:49:10', '2014-07-05 13:49:10'),
(1167, 'ESCUADRON SEGURIDAD VIAL ', 'Estanislao del Campo Nº 1650  (2900) -', '', 3, '2014-07-05 13:49:10', '2014-07-05 13:49:10'),
(1168, 'ESCUADRON SEGURIDAD VIAL ', 'Av. René Favaloro  Nº 851 - (7620) ', '', 3, '2014-07-05 13:49:10', '2014-07-05 13:49:10'),
(1169, 'ESCUADRON SEGURIDAD VIAL ', 'Av. Buccar y S. del Estero Nº S/N  (2700)', '', 3, '2014-07-05 13:49:10', '2014-07-05 13:49:10'),
(1170, 'UNIDAD DE FUERZAS ESPECIA', 'PUERTA 4 Nº S/N', '', 3, '2014-07-05 13:49:10', '2014-07-05 13:49:10'),
(1171, 'SECCION DESACTIVACION DE ', 'PUERTA 4 Nº S/N', '', 3, '2014-07-05 13:49:10', '2014-07-05 13:49:10'),
(1172, 'JEFATURA REGION II', ' Nº ', '', 3, '2014-07-05 13:49:10', '2014-07-05 13:49:10'),
(1173, 'DESTACAMENTO MOVIL 2', 'AV. SAN MARTIN Nº 2851', '', 3, '2014-07-05 13:49:10', '2014-07-05 13:49:10'),
(1174, 'CENTRO de REUNION de INFO', 'SAN JUAN Nº 3758', '', 3, '2014-07-05 13:49:10', '2014-07-05 13:49:10'),
(1175, 'GRUPO SEGURIDAD "MONUMENT', 'SANTA FE Nº 581', '', 3, '2014-07-05 13:49:10', '2014-07-05 13:49:10'),
(1176, 'CENTRO DE COORDINACION OP', 'PINTOR MUSTO Nº S/N', '', 3, '2014-07-05 13:49:10', '2014-07-05 13:49:10'),
(1177, 'UNIDAD ESPECIAL INVESTIGA', 'SAN JUAN Nº 3752', '', 3, '2014-07-05 13:49:10', '2014-07-05 13:49:10'),
(1178, 'UNIDAD ESPECIAL INVESTIGA', 'Av. Circunvalación Nº 525 - (3561)', '', 3, '2014-07-05 13:49:10', '2014-07-05 13:49:10'),
(1179, 'UNIDAD ESPECIAL INVESTIGA', 'AV. RIVADAVIA Nº 2616 1ER PISO', '', 3, '2014-07-05 13:49:10', '2014-07-05 13:49:10'),
(1180, 'ESCUADRON  "PUENTE ROSARI', 'PINTOR MUSTO Nº ', '', 3, '2014-07-05 13:49:10', '2014-07-05 13:49:10'),
(1181, 'ESCUADRON SEGURIDAD VIAL ', ' RN 11    (2206)  Nº Km 360,8', '', 3, '2014-07-05 13:49:10', '2014-07-05 13:49:10'),
(1182, 'SECCION SEGURIDAD VIAL "V', 'RN 11 Nº KM 360,8', '', 3, '2014-07-05 13:49:10', '2014-07-05 13:49:10'),
(1183, 'SECCION SEGURIDAD VIAL "C', 'RN 11 Nº KM 360,8', '', 3, '2014-07-05 13:49:10', '2014-07-05 13:49:10'),
(1184, 'GRUPO SEGURIDAD VIAL "RUF', ' RN 11    (2206)  Nº Km 360,8', '', 3, '2014-07-05 13:49:10', '2014-07-05 13:49:10'),
(1185, 'GRUPO SEGURIDAD VIAL"CARC', 'RN 9 Nº KM 357', '', 3, '2014-07-05 13:49:10', '2014-07-05 13:49:10'),
(1186, 'GRUPO SEGURIDAD VIAL "THE', 'RN 9 Nº KM 271', '', 3, '2014-07-05 13:49:10', '2014-07-05 13:49:10'),
(1187, 'GRUPO SEGURIDAD VIAL "COR', 'RN 11 Nº KM 360,8', '', 3, '2014-07-05 13:49:10', '2014-07-05 13:49:10'),
(1188, 'ESCUADRON SEGURIDAD VIAL ', 'RN 34 Nº KM 219', '', 3, '2014-07-05 13:49:10', '2014-07-05 13:49:10'),
(1189, 'SECCION SEGURIDAD VIAL "R', 'RN 34 Nº KM 219', '', 3, '2014-07-05 13:49:10', '2014-07-05 13:49:10'),
(1190, 'GRUPO SEGURIDAD VIAL "CEN', 'ISLAS MALVINAS Nº 1190', '', 3, '2014-07-05 13:49:10', '2014-07-05 13:49:10'),
(1191, 'GRUPO SEGURIDAD VIAL "SUN', 'RN 34 Nº KM 261', '', 3, '2014-07-05 13:49:10', '2014-07-05 13:49:10'),
(1192, 'ESCUADRON SEGURIDAD VIAL ', 'RN 11 Nº KM 569,8', '', 3, '2014-07-05 13:49:10', '2014-07-05 13:49:10'),
(1193, 'SECCION SEGURIDAD VIAL "S', 'RN 11 Nº KM 569,8', '', 3, '2014-07-05 13:49:10', '2014-07-05 13:49:10'),
(1194, 'SECCION SEGURIDAD VIAL "R', 'Av. Circunvalación  - (3561) Nº 525', '', 3, '2014-07-05 13:49:10', '2014-07-05 13:49:10'),
(1195, 'SECCION SEGURIDAD VIAL "R', 'SANTA FE  Nº 975', '', 3, '2014-07-05 13:49:10', '2014-07-05 13:49:10'),
(1196, 'SECCCION SEGURIDAD VIAL "', 'RN 168 Nº KM 481', '', 3, '2014-07-05 13:49:10', '2014-07-05 13:49:10'),
(1197, 'JEF AGRUPACION III "CORRI', 'CORDOBA Nº 1013', '', 3, '2014-07-05 13:49:10', '2014-07-05 13:49:10'),
(1198, 'CENTRO de REUNION de INFO', 'ÑAENDE Nº 2859', '', 3, '2014-07-05 13:49:10', '2014-07-05 13:49:10'),
(1199, 'UNIDAD ESPECIAL INVESTIGA', 'CORDOBA Nº 1013', '', 3, '2014-07-05 13:49:10', '2014-07-05 13:49:10'),
(1200, 'UNIDAD ESPECIAL INVESTIGA', 'TEOFILO NIVEYRO Nº ', '', 3, '2014-07-05 13:49:10', '2014-07-05 13:49:10'),
(1201, 'ESCUADRON 7 "PASO DE LOS ', 'TEOFILO NIVEYRO Nº ', '', 3, '2014-07-05 13:49:10', '2014-07-05 13:49:10'),
(1202, 'CURSO ADAPTACIÓN UNIDADES', 'TEOFILO NIVEYRO Nº ', '', 3, '2014-07-05 13:49:10', '2014-07-05 13:49:10'),
(1203, 'SECCCIÓN SEGURIDAD VIAL "', 'TEOFILO NIVEYRO Nº ', '', 3, '2014-07-05 13:49:10', '2014-07-05 13:49:10'),
(1204, 'GRUPO SEGURIDAD VIAL "MER', 'Teófilo Niveyro y Félix M. Gómez  - (3230)  Nº S/N', '', 3, '2014-07-05 13:49:10', '2014-07-05 13:49:10'),
(1205, 'ESCUADRÓN 57 "SANTO TOME"', ' EJERCITO ARGENTINO Nº S/N', '', 3, '2014-07-05 13:49:10', '2014-07-05 13:49:10'),
(1206, 'SECCCIÓN SEGURIDAD VIAL "', 'Ejército Argentino- (3340) Nº  S/N  ', '', 3, '2014-07-05 13:49:10', '2014-07-05 13:49:10'),
(1207, 'ESCUADRÓN 47 "ITUZAINGO"', 'CALLE 7 Nº ', '', 3, '2014-07-05 13:49:10', '2014-07-05 13:49:10'),
(1208, 'CURSO ADAPTACIÓN UNIDADES', 'CALLE 7 Nº ', '', 3, '2014-07-05 13:49:10', '2014-07-05 13:49:10'),
(1209, 'SECCCIÓN SEGURIDAD VIAL "', 'RN 12 Nº  KM 1232', '', 3, '2014-07-05 13:49:10', '2014-07-05 13:49:10'),
(1210, 'ESCUADRON 48 "CORRIENTES"', 'PERU  Nº 1101', '', 3, '2014-07-05 13:49:10', '2014-07-05 13:49:10'),
(1211, 'SECCION PUENTE GRAL BELGR', 'Perú - (3400)  Nº 1101', '', 3, '2014-07-05 13:49:10', '2014-07-05 13:49:10'),
(1212, 'SECCCIÓN SEGURIDAD VIAL  ', 'PERU Nº 1101', '', 3, '2014-07-05 13:49:10', '2014-07-05 13:49:10'),
(1213, 'ESCUADRÓN 51 "RESISTENCIA', 'JULIO A. ROCA Nº 535', '', 3, '2014-07-05 13:49:10', '2014-07-05 13:49:10'),
(1214, 'SECCCIÓN SEGURIDAD VIAL "', 'RN 11 Nº 945', '', 3, '2014-07-05 13:49:10', '2014-07-05 13:49:10'),
(1215, 'ESCUADRÓN 1 "ROQUE SAENZ ', 'Calle 212  Nº S/N', '', 3, '2014-07-05 13:49:10', '2014-07-05 13:49:10'),
(1216, 'SECCION REF "ROQUE SAENZ ', 'Calle 212  Nº S/N', '', 3, '2014-07-05 13:49:10', '2014-07-05 13:49:10'),
(1217, 'ESCUADRÓN 14 "LAS PALMAS"', 'SARGENTO CABRAL Nº S/N', '', 3, '2014-07-05 13:49:10', '2014-07-05 13:49:10'),
(1218, 'SECCCIÓN SEGURIDAD VIAL  ', 'RN 11 Nº S/N', '', 3, '2014-07-05 13:49:10', '2014-07-05 13:49:10'),
(1219, 'JEF AGRUPACION IV "MISION', 'SAN MARTIN  Nº 2070', '', 3, '2014-07-05 13:49:10', '2014-07-05 13:49:10'),
(1220, 'SECCION AV POSADAS', 'AEROPUERTO VIEJO Nº S/N', '', 3, '2014-07-05 13:49:10', '2014-07-05 13:49:10'),
(1221, 'UNIDAD ESPECIAL INVESTIGA', 'SAN MARTIN  Nº S/N', '', 3, '2014-07-05 13:49:10', '2014-07-05 13:49:10'),
(1222, 'UNIDAD ESPECIAL INVESTIGA', 'AV. SAN MARTIN Nº 257', '', 3, '2014-07-05 13:49:10', '2014-07-05 13:49:10'),
(1223, 'UNIDAD ESPECIAL ANTINARCO', 'AV. SAN MARTIN Nº 257', '', 3, '2014-07-05 13:49:10', '2014-07-05 13:49:10'),
(1224, 'CENTRO de REUNION de INFO', 'SAN MARTIN  Nº S/N', '', 3, '2014-07-05 13:49:10', '2014-07-05 13:49:10'),
(1225, 'CENTRO de REUNION de INFO', 'AV. VICTORIA AGUIRRE Nº 850', '', 3, '2014-07-05 13:49:10', '2014-07-05 13:49:10'),
(1226, 'ESCUADRON 8 "ALTO URUGUAY', 'GENDARME APPENINO Nº S/N', '', 3, '2014-07-05 13:49:10', '2014-07-05 13:49:10'),
(1227, 'GRUPO SEGURIDAD VIAL "SAN', 'RN 14 Nº S/N', '', 3, '2014-07-05 13:49:10', '2014-07-05 13:49:10'),
(1228, 'GRUPO SEGURIDAD VIAL "ALE', 'AV. DEL LIBERTADOR Nº 119', '', 3, '2014-07-05 13:49:10', '2014-07-05 13:49:10'),
(1229, 'ESCUADRÓN 9 "OBERA"', 'AV. LIBERTAD Nº 929', '', 3, '2014-07-05 13:49:10', '2014-07-05 13:49:10'),
(1230, 'CURSO ADAPTACIÓN UNIDADES', 'AV. LIBERTAD Nº 929', '', 3, '2014-07-05 13:49:10', '2014-07-05 13:49:10'),
(1231, 'ESCUADRÓN 10 "ELDORADO"', 'AV. SAN MARTIN Nº 257', '', 3, '2014-07-05 13:49:10', '2014-07-05 13:49:10'),
(1232, 'SECCCIÓN SEGURIDAD VIAL "', 'RN 12 Nº KM 1551', '', 3, '2014-07-05 13:49:10', '2014-07-05 13:49:10'),
(1233, 'ESCIUADRÓN 11 "SAN IGNACI', 'AV. SAN MARTIN Nº S/N', '', 3, '2014-07-05 13:49:10', '2014-07-05 13:49:10'),
(1234, 'SECCION PUERTO RICO', 'AV. SAN MARTIN Nº S/N', '', 3, '2014-07-05 13:49:10', '2014-07-05 13:49:10'),
(1235, 'GRUPO SEGURIDAD VIAL  "J ', 'RN 12 Nº KM 1834', '', 3, '2014-07-05 13:49:10', '2014-07-05 13:49:10'),
(1236, 'CURSO ADAPTACIÓN UNIDADES', 'AV. SAN MARTIN Nº S/N', '', 3, '2014-07-05 13:49:10', '2014-07-05 13:49:10'),
(1237, 'ESCUADRON 12 "BERNARDO DE', 'AV. DEL LIBERTADOR Nº S/N', '', 3, '2014-07-05 13:49:10', '2014-07-05 13:49:10'),
(1238, 'SECCION OPERACIONES ESPEC', 'AV. DEL LIBERTADOR Nº S/N', '', 3, '2014-07-05 13:49:10', '2014-07-05 13:49:10'),
(1239, 'ESCUADRON 13 "IGUAZU"', 'AV. VICTORIA AGUIRRE Nº 850', '', 3, '2014-07-05 13:49:10', '2014-07-05 13:49:10'),
(1240, 'SECCION PUENTE INTERNACIO', 'RN 12 Nº KM 1641', '', 3, '2014-07-05 13:49:10', '2014-07-05 13:49:10'),
(1241, 'CURSO ADAPTACIÓN UNIDADES', 'RN 12 Nº KM 1641', '', 3, '2014-07-05 13:49:10', '2014-07-05 13:49:10'),
(1242, 'GRUPO SEGURIDAD VIAL "URU', 'RN 12 Nº KM 1606,5', '', 3, '2014-07-05 13:49:10', '2014-07-05 13:49:10'),
(1243, 'ESCUADRON 50 "POSADAS"', 'ALVEAR Nº 351', '', 3, '2014-07-05 13:49:10', '2014-07-05 13:49:10'),
(1244, 'GRUPO SEGURIDAD VIAL "EL ', 'RN 12 Nº KM 1326,62', '', 3, '2014-07-05 13:49:10', '2014-07-05 13:49:10'),
(1245, 'JEF AGRUPACION V "ENTRE R', 'AV. ALAMEDA DE LA FEDERACION Nº 214', '', 3, '2014-07-05 13:49:10', '2014-07-05 13:49:10'),
(1246, 'FARMACIA IOSE', 'AV. ALAMEDA DE LA FEDERACION Nº 214', '', 3, '2014-07-05 13:49:10', '2014-07-05 13:49:10'),
(1247, 'CURSO ADAPTACIÓN UNIDADES', 'AV. ALAMEDA DE LA FEDERACION Nº 214', '', 3, '2014-07-05 13:49:10', '2014-07-05 13:49:10'),
(1248, 'ESCUADRON NUCLEO "ENTRE R', 'SANTA FE Nº 414', '', 3, '2014-07-05 13:49:10', '2014-07-05 13:49:10'),
(1249, 'SECCION AVIACION "PARANA"', 'SALVADOR CAPUTTO Nº S/N', '', 3, '2014-07-05 13:49:10', '2014-07-05 13:49:10'),
(1250, 'SECCION LA PAZ', 'RN 12 Nº KM 601', '', 3, '2014-07-05 13:49:10', '2014-07-05 13:49:10'),
(1251, 'CENTRO de REUNION de INFO', 'PERU Nº 231', '', 3, '2014-07-05 13:49:10', '2014-07-05 13:49:10'),
(1252, 'CENTRO de REUNION de INFO', 'SAN MARTIN Nº 555', '', 3, '2014-07-05 13:49:10', '2014-07-05 13:49:10'),
(1253, 'UNIDAD ESPECIAL INVESTIGA', 'AV. ALAMEDA DE LA FEDERACION Nº 214', '', 3, '2014-07-05 13:49:10', '2014-07-05 13:49:10'),
(1254, 'UNIDAD ESPECIAL INVESTIGA', 'SUIPACHA Nº 1500', '', 3, '2014-07-05 13:49:10', '2014-07-05 13:49:10'),
(1255, 'ESCUADRÓN 4 "CONCORDIA"', 'AV. ROBINSON Nº 350', '', 3, '2014-07-05 13:49:10', '2014-07-05 13:49:10'),
(1256, 'SECCIÓN SEGURIDAD VIAL "C', 'AV. ROBINSON Nº 350', '', 3, '2014-07-05 13:49:10', '2014-07-05 13:49:10'),
(1257, 'ESCUADRON 6 "CONCEPCION D', 'SUIPACHA Nº 1500', '', 3, '2014-07-05 13:49:10', '2014-07-05 13:49:10'),
(1258, 'SECCIÓN SEGURIDAD VIAL "C', 'SUIPACHA Nº 1500', '', 3, '2014-07-05 13:49:10', '2014-07-05 13:49:10'),
(1259, 'ESCUADRÓN 56 "GUALEGUAYCH', 'L.N. ALEM Nº 458', '', 3, '2014-07-05 13:49:10', '2014-07-05 13:49:10'),
(1260, 'SECCIÓN SEGURIDAD VIAL "G', 'L.N. ALEM Nº 458', '', 3, '2014-07-05 13:49:10', '2014-07-05 13:49:10'),
(1261, 'JEF AGRUPACION VI "FORMOS', 'B. MITRE Nº 927', '', 3, '2014-07-05 13:49:10', '2014-07-05 13:49:10'),
(1262, 'FARMACIA IOSE', 'RIVADAVIA Nº 306', '', 3, '2014-07-05 13:49:10', '2014-07-05 13:49:10'),
(1263, 'CENTRO de REUNION de INFO', 'PADRE PATIÑO Nº 363', '', 3, '2014-07-05 13:49:10', '2014-07-05 13:49:10'),
(1264, 'UNIDAD ESPECIAL INVESTIGA', ' Nº S/N', '', 3, '2014-07-05 13:49:10', '2014-07-05 13:49:10'),
(1265, 'ESCUADRÓN 5 "PIRANE"', 'RP 3 Nº KM 75', '', 3, '2014-07-05 13:49:10', '2014-07-05 13:49:10'),
(1266, 'SECCION REFORZADA "GRL BE', 'RP 3 Nº KM 75', '', 3, '2014-07-05 13:49:10', '2014-07-05 13:49:10'),
(1267, 'GRUPO SEGURIDAD VIAL"CTE ', 'RP 3 Nº KM 75', '', 3, '2014-07-05 13:49:10', '2014-07-05 13:49:10'),
(1268, 'UNIDAD DE RECONOCIMIENTO ', '28 DE JULIO Nº S/N', '', 3, '2014-07-05 13:49:10', '2014-07-05 13:49:10'),
(1269, 'ESCUADRON 15 "BAJO PARAGU', 'ESPAÑA  Nº 1175', '', 3, '2014-07-05 13:49:10', '2014-07-05 13:49:10'),
(1270, 'SECCION SEGURIDAD VIAL "F', 'RN 11 Nº KM 1103', '', 3, '2014-07-05 13:49:10', '2014-07-05 13:49:10'),
(1271, 'ESCUADRON 16 "CLORINDA"', 'AV. SAN MARTIN Nº S/N', '', 3, '2014-07-05 13:49:10', '2014-07-05 13:49:10'),
(1272, 'DELEGACION AUXILIAR IOSE ', 'AV. SAN MARTIN Nº S/N', '', 3, '2014-07-05 13:49:10', '2014-07-05 13:49:10'),
(1273, 'SECCION SEGURIDAD VIAL "C', 'AV. SAN MARTIN Nº S/N', '', 3, '2014-07-05 13:49:10', '2014-07-05 13:49:10'),
(1274, 'ESCUADRON 18 "LOMITAS"', 'AV. SAN MARTIN Nº 44', '', 3, '2014-07-05 13:49:10', '2014-07-05 13:49:10'),
(1275, 'GRUPO SEGURIDAD VIAL "LOM', 'AV. SAN MARTIN Nº 44', '', 3, '2014-07-05 13:49:11', '2014-07-05 13:49:11'),
(1276, 'ESCUADRON 19 "INGENIERO J', 'SALTA Nº S/N', '', 3, '2014-07-05 13:49:11', '2014-07-05 13:49:11'),
(1277, 'GRUPO SEGURIDAD VIAL  "IN', 'SALTA Nº S/N', '', 3, '2014-07-05 13:49:11', '2014-07-05 13:49:11'),
(1278, 'JEFATURA REGION III', 'AV. HIPÓLITO YRIGOYEN Nº 449', '', 3, '2014-07-05 13:49:11', '2014-07-05 13:49:11'),
(1279, 'AUDITORIA REGIONAL IOSE N', 'AV. HIPÓLITO YRIGOYEN Nº 449', '', 3, '2014-07-05 13:49:11', '2014-07-05 13:49:11'),
(1280, 'UNIDAD ESPECIAL INVESTIGA', 'AV. LA VOZ DEL INTERIOR Nº 7510', '', 3, '2014-07-05 13:49:11', '2014-07-05 13:49:11'),
(1281, 'UNIDAD ESPECIAL INVESTIGA', 'LIBERTAD Nº 284', '', 3, '2014-07-05 13:49:11', '2014-07-05 13:49:11'),
(1282, 'CENTRO de REUNION de INFO', 'AV. LA VOZ DEL INTERIOR Nº 7510', '', 3, '2014-07-05 13:49:11', '2014-07-05 13:49:11'),
(1283, 'DESTACAMENTO MOVIL 3', 'CALLE 172  Nº S/N', '', 3, '2014-07-05 13:49:11', '2014-07-05 13:49:11'),
(1284, 'ESCUADRON SEGURIDAD "EMBA', 'CAMINO A LA CRUZ Nº S/N', '', 3, '2014-07-05 13:49:11', '2014-07-05 13:49:11'),
(1285, 'SECCION SEGURIDAD "BOSQUE', 'RP 180 Nº KM 15', '', 3, '2014-07-05 13:49:11', '2014-07-05 13:49:11'),
(1286, 'SECCION SEGURIDAD "FALDA ', 'RP C 45 Nº KM 8 1/2', '', 3, '2014-07-05 13:49:11', '2014-07-05 13:49:11'),
(1287, 'ESCUADRON SEGURIDAD VIAL ', 'LIBERTAD Nº 284', '', 3, '2014-07-05 13:49:11', '2014-07-05 13:49:11'),
(1288, 'SECCION SEGURIDAD VIAL "V', 'BUCHARDO Nº S/N', '', 3, '2014-07-05 13:49:11', '2014-07-05 13:49:11'),
(1289, 'SECCION SEGURIDAD VIAL "S', 'LIBERTAD Nº 284', '', 3, '2014-07-05 13:49:11', '2014-07-05 13:49:11'),
(1290, 'JEF AGRUPACION VIII "CATA', 'GRL NAVARRO Nº 663', '', 3, '2014-07-05 13:49:11', '2014-07-05 13:49:11'),
(1291, 'CENTRO DE REUNION de INFO', 'PADRE C. GAVICA Nº 80', '', 3, '2014-07-05 13:49:11', '2014-07-05 13:49:11'),
(1292, 'UNIDAD ESPECIAL INVESTIGA', 'GRL NAVARRO Nº 663', '', 3, '2014-07-05 13:49:11', '2014-07-05 13:49:11'),
(1293, 'ESCUADRON 23 "TINOGASTA"', 'AV. SAN MARTIN Nº S/N', '', 3, '2014-07-05 13:49:11', '2014-07-05 13:49:11'),
(1294, 'ESCUADRON 24 "CHILECITO"', 'LA PLATA Nº 726', '', 3, '2014-07-05 13:49:11', '2014-07-05 13:49:11'),
(1295, 'ESCUADRON 58 "LA RIOJA"', 'RP 5  Nº KM 7,5', '', 3, '2014-07-05 13:49:11', '2014-07-05 13:49:11'),
(1296, 'SECCION  (+) " LA RIOJA" ', 'RP 5  Nº KM 7,5', '', 3, '2014-07-05 13:49:11', '2014-07-05 13:49:11'),
(1297, 'JEFATURA AGRUPACION X "SA', 'B. MITRE Nº 659', '', 3, '2014-07-05 13:49:11', '2014-07-05 13:49:11'),
(1298, 'DELEGACION PROVINCIAL IOS', 'B. MITRE Nº 659', '', 3, '2014-07-05 13:49:11', '2014-07-05 13:49:11'),
(1299, 'ESCUADRON NUCLEO "SAN JUA', 'GALINDEZ Nº S/N', '', 3, '2014-07-05 13:49:11', '2014-07-05 13:49:11'),
(1300, 'SECCION SEGURIDAD VIAL "C', 'GALINDEZ Nº S/N', '', 3, '2014-07-05 13:49:11', '2014-07-05 13:49:11'),
(1301, 'UNIDAD ESPECIAL INVESTIGA', 'LAVALLE Nº S/N', '', 3, '2014-07-05 13:49:11', '2014-07-05 13:49:11'),
(1302, 'CENTRO DE REUNION de INFO', 'B. MITRE Nº 659', '', 3, '2014-07-05 13:49:11', '2014-07-05 13:49:11'),
(1303, 'ESCUADRON 25 "JACHAL"', 'VICUÑA LARRAIN Nº 35', '', 3, '2014-07-05 13:49:11', '2014-07-05 13:49:11'),
(1304, 'ESCUADRON 26 "BARREAL"', 'SAN MARTIN Nº S/N', '', 3, '2014-07-05 13:49:11', '2014-07-05 13:49:11'),
(1305, 'JEFATURA AGRUPACION XI "M', 'PEDRO VARGAS Nº 90', '', 3, '2014-07-05 13:49:11', '2014-07-05 13:49:11'),
(1306, 'UNIDAD ESPECIAL INVESTIGA', 'LA PAMPA Nº 50', '', 3, '2014-07-05 13:49:11', '2014-07-05 13:49:11'),
(1307, 'CENTRO de REUNION de INFO', 'LA PAMPA Nº 50', '', 3, '2014-07-05 13:49:11', '2014-07-05 13:49:11'),
(1308, 'ESCUADRON NUCLEO "MENDOZA', 'EMILIO CIVIT LATERAL NORTE Nº 1841', '', 3, '2014-07-05 13:49:11', '2014-07-05 13:49:11'),
(1309, 'SECCION SEGURIDAD VIAL "M', 'BOULOGNE SUR MER Nº 4200', '', 3, '2014-07-05 13:49:11', '2014-07-05 13:49:11'),
(1310, 'SECCION SEGURIDAD VIAL "L', 'RN 7 Nº KM 866', '', 3, '2014-07-05 13:49:11', '2014-07-05 13:49:11'),
(1311, 'ESCUADRON 27 "USPALLATA"', 'AV. LAS HERAS Nº S/N', '', 3, '2014-07-05 13:49:11', '2014-07-05 13:49:11'),
(1312, 'SECCION SEGURIDAD VIAL "U', 'RN 7 Nº KM 1189', '', 3, '2014-07-05 13:49:11', '2014-07-05 13:49:11'),
(1313, 'ESCUADRON 28 "TUNUYAN"', 'AV. SAN MARTIN (SUR) Nº 96', '', 3, '2014-07-05 13:49:11', '2014-07-05 13:49:11'),
(1314, 'CURSO ADAPTACIÓN UNIDADES', 'AV. SAN MARTIN (SUR) Nº 96', '', 3, '2014-07-05 13:49:11', '2014-07-05 13:49:11'),
(1315, 'ESCUADRON 29 "MALARGUE"', 'RN 40 SUR Nº S/N', '', 3, '2014-07-05 13:49:11', '2014-07-05 13:49:11'),
(1316, 'SECCION "SAN RAFAEL"', 'WENCESLAO PAUNERO Nº 237', '', 3, '2014-07-05 13:49:11', '2014-07-05 13:49:11'),
(1317, 'JEFATURA REGION IV "TUCUM', 'AV. PROVINCIA DE SALTA Nº 520', '', 3, '2014-07-05 13:49:11', '2014-07-05 13:49:11'),
(1318, 'UNIDAD ESPECIAL INVESTIGA', '(B° SGTO CABRAL) LA PLATA  Nº 1397', '', 3, '2014-07-05 13:49:11', '2014-07-05 13:49:11'),
(1319, 'DESTACAMENTO MOVIL 5', 'AV. ROCA Nº S/N', '', 3, '2014-07-05 13:49:11', '2014-07-05 13:49:11'),
(1320, 'SECCION AVIACION "SANTIAG', 'AV. MADRE DE CIUDADES Nº S/N', '', 3, '2014-07-05 13:49:11', '2014-07-05 13:49:11'),
(1321, 'CENTRO DE RECONOCIMIENTO ', 'Av. Roca y Chacabuco (4200) Nº S/N', '', 3, '2014-07-05 13:49:11', '2014-07-05 13:49:11'),
(1322, 'UNIDAD DE RECONOCIMIENTO ', 'RN 34 Nº KM 1424', '', 3, '2014-07-05 13:49:11', '2014-07-05 13:49:11'),
(1323, 'UNIDAD DE RECONOCIMIENTO ', 'AV. ROCA Nº S/N', '', 3, '2014-07-05 13:49:11', '2014-07-05 13:49:11'),
(1324, 'UNIDAD DE RECONOCIMIENTO ', 'RN 9  (4122)  Nº Km 1315', '', 3, '2014-07-05 13:49:11', '2014-07-05 13:49:11'),
(1325, 'ESCUADRON SEGURIDAD VIAL ', 'PJE GUAYAQUIL Nº 1386', '', 3, '2014-07-05 13:49:11', '2014-07-05 13:49:11'),
(1326, 'SECCION SEGURIDAD VIAL "S', 'PJE GUAYAQUIL Nº 1386', '', 3, '2014-07-05 13:49:11', '2014-07-05 13:49:11'),
(1327, 'SECCION SEGURIDAD VIAL "P', 'AV. 27 DE ABRIL Nº ', '', 3, '2014-07-05 13:49:11', '2014-07-05 13:49:11'),
(1328, 'JEFE AGRUPACION VII "SALT', 'GENDARMERIA NACIONAL Nº S/N', '', 3, '2014-07-05 13:49:11', '2014-07-05 13:49:11'),
(1329, 'DELEGACION PROVINCIAL IOS', 'GENDARMERIA NACIONAL Nº S/N', '', 3, '2014-07-05 13:49:11', '2014-07-05 13:49:11'),
(1330, 'ESCUADRON NUCLEO "SALTA"', 'LOS ALAMOS  Nº S/N', '', 3, '2014-07-05 13:49:11', '2014-07-05 13:49:11'),
(1331, 'SECCIÓN SEGURIDAD VIAL "C', 'SAN MARTIN Nº ', '', 3, '2014-07-05 13:49:11', '2014-07-05 13:49:11'),
(1332, 'UNIDAD ESPECIAL INVESTIGA', '(B° PORTEZUELO) MACACHA GUEMES Nº ', '', 3, '2014-07-05 13:49:11', '2014-07-05 13:49:11'),
(1333, 'UNIDAD ESPECIAL ANTINARCO', 'ESPAÑA Nº 951', '', 3, '2014-07-05 13:49:11', '2014-07-05 13:49:11'),
(1334, 'CENTRO de REUNION de INFO', '(B° FERROVIARIO) LOS MISTOLES Nº 350', '', 3, '2014-07-05 13:49:11', '2014-07-05 13:49:11'),
(1335, 'CENTRO de REUNION de INFO', 'ALVAREZ CONDARCO Nº 1306', '', 3, '2014-07-05 13:49:11', '2014-07-05 13:49:11'),
(1336, 'UNIDAD ESPECIAL INVESTIGA', 'MISION ZENTA Nº S/N', '', 3, '2014-07-05 13:49:11', '2014-07-05 13:49:11'),
(1337, 'E 20 "ORAN"', 'MISION ZENTA Nº S/N', '', 3, '2014-07-05 13:49:11', '2014-07-05 13:49:11'),
(1338, 'CURSO ADAPTACIÓN UNIDADES', 'MISION ZENTA Nº S/N', '', 3, '2014-07-05 13:49:11', '2014-07-05 13:49:11'),
(1339, 'SECCION SEGURIDAD VIAL "O', 'AV. GUEMES Nº S/N', '', 3, '2014-07-05 13:49:11', '2014-07-05 13:49:11'),
(1340, 'SECCION AVIACION "ORAN"', 'PASAJE MATHEU Nº 1013', '', 3, '2014-07-05 13:49:11', '2014-07-05 13:49:11'),
(1341, 'ESCUADRON 22 "SAN ANTONIO', 'GENDARMERIA NACIONAL Nº S/N', '', 3, '2014-07-05 13:49:11', '2014-07-05 13:49:11'),
(1342, 'ESCUADRON 52 "TARTAGAL"', 'CABO ROMERO Nº 50', '', 3, '2014-07-05 13:49:11', '2014-07-05 13:49:11'),
(1343, 'SECCION "RUTA NAC 34"', 'AV. MARIANO MORENO Nº S/N', '', 3, '2014-07-05 13:49:11', '2014-07-05 13:49:11'),
(1344, 'SECCION SEGURIDAD VIAL "T', 'CABO ROMERO Nº 50', '', 3, '2014-07-05 13:49:11', '2014-07-05 13:49:11'),
(1345, 'CENTRO de APOYO y ADIESTR', 'GENDARMERIA NACIONAL Nº S/N', '', 3, '2014-07-05 13:49:11', '2014-07-05 13:49:11'),
(1346, 'ESCUADRON 54 "AGUARAY"', 'PASEO GRAL GUEMES Nº 71', '', 3, '2014-07-05 13:49:11', '2014-07-05 13:49:11'),
(1347, 'SECCION "PTE INTERNACIONA', 'PASEO GRAL GUEMES Nº 71', '', 3, '2014-07-05 13:49:11', '2014-07-05 13:49:11'),
(1348, 'ESCUADRON 55 "TUCUMAN"', 'AV. WILLIAM CROSS Nº 3355', '', 3, '2014-07-05 13:49:11', '2014-07-05 13:49:11'),
(1349, 'SECCCION SEGURIDAD VIAL "', 'AV. WILLIAM CROSS Nº 3355', '', 3, '2014-07-05 13:49:11', '2014-07-05 13:49:11'),
(1350, 'CENTRO de REUNION de INFO', 'PJE. D. ROMANO Nº 785', '', 3, '2014-07-05 13:49:11', '2014-07-05 13:49:11'),
(1351, 'ESCUADRON 59 "SANTIAGO DE', 'AV. ROCA Nº ', '', 3, '2014-07-05 13:49:11', '2014-07-05 13:49:11'),
(1352, 'UNIDAD ESPECIAL INVESTIGA', '25 DE MAYO - PISO 7 - OF “D” Nº 312', '', 3, '2014-07-05 13:49:11', '2014-07-05 13:49:11'),
(1353, 'SECCION DELITOS ECONOMICO', '25 DE MAYO - PISO 7 - OF “D” Nº 312', '', 3, '2014-07-05 13:49:11', '2014-07-05 13:49:11'),
(1354, 'JEF AGRUPACIÓN IX "JUJUY"', 'BALCARCE Nº 318', '', 3, '2014-07-05 13:49:11', '2014-07-05 13:49:11'),
(1355, '(DELEGACION PROVINCIAL IO', 'BALCARCE Nº 318', '', 3, '2014-07-05 13:49:11', '2014-07-05 13:49:11'),
(1356, 'UNIDAD ESPECIAL INVESTIGA', '(Bº CHIJRA) LOS MANANTIALES Nº 684', '', 3, '2014-07-05 13:49:11', '2014-07-05 13:49:11'),
(1357, 'CENTRO de REUNION de INFO', '(Bº CHIJRA) LOS MANANTIALES Nº 684', '', 3, '2014-07-05 13:49:11', '2014-07-05 13:49:11'),
(1358, 'ESCUADRON 21 "LA QUIACA"', 'AV. SARMIENTO Nº S/N', '', 3, '2014-07-05 13:49:11', '2014-07-05 13:49:11'),
(1359, 'CURSO ADAPTACIÓN UNIDADES', 'AV. SARMIENTO Nº S/N', '', 3, '2014-07-05 13:49:11', '2014-07-05 13:49:11'),
(1360, 'SECCION SEGURIDAD VIAL "L', 'SANCHEZ DE BUSTAMANTE Nº ', '', 3, '2014-07-05 13:49:11', '2014-07-05 13:49:11'),
(1361, 'SECCION PUENTE INTERNACIO', 'AV. REPUBLICA DE BOLIVIA Nº S/N', '', 3, '2014-07-05 13:49:11', '2014-07-05 13:49:11'),
(1362, 'ESCUADRON 53 "JUJUY"', 'RP 1 - EL ARENAL Nº KM 0,47', '', 3, '2014-07-05 13:49:11', '2014-07-05 13:49:11'),
(1363, 'SECCION SEGURIDAD VIAL "J', 'RP 1 - EL ARENAL Nº KM 0,47', '', 3, '2014-07-05 13:49:11', '2014-07-05 13:49:11'),
(1364, 'SECCION SEGURIDAD VIAL "P', '(Bº 23 DE AGOSTO) ING. SNOPEK  Nº S/N', '', 3, '2014-07-05 13:49:11', '2014-07-05 13:49:11'),
(1365, 'GRUPO SEGURIDAD VIAL "SAN', 'Intersección RN 34 (4500)  Nº ', '', 3, '2014-07-05 13:49:11', '2014-07-05 13:49:11'),
(1366, 'GRUPO SEGURIDAD VIAL "LED', 'Rn 34 (4512) Nº Km 1258 ', '', 3, '2014-07-05 13:49:11', '2014-07-05 13:49:11'),
(1367, 'JEFATURA REGION V', 'AV. ALEM Nº 1352', '', 3, '2014-07-05 13:49:11', '2014-07-05 13:49:11'),
(1368, 'UNIDAD ESPECIAL INVESTIGA', 'AV. ALEM Nº 1352', '', 3, '2014-07-05 13:49:11', '2014-07-05 13:49:11'),
(1369, 'DESTACAMENTO MOVIL 4', 'RUTA 152 Nº KM 27', '', 3, '2014-07-05 13:49:11', '2014-07-05 13:49:11'),
(1370, 'JEFATURA AGRUPACION XII "', 'AV. ARGENTINA Nº 1050', '', 3, '2014-07-05 13:49:11', '2014-07-05 13:49:11'),
(1371, 'ESCUADRON NUCLEO "COMAHUE', 'AV. ARGENTINA Nº 1050', '', 3, '2014-07-05 13:49:11', '2014-07-05 13:49:11'),
(1495, 'SUPERINTENDENCIA DE SEGUR', 'Moreno 1550, Piso 1º, Of. 104.', ' Tel.: 4370-5929', 1, '2014-07-05 13:49:11', '2014-07-05 13:49:11'),
(1496, 'DIVISIÓN DESPACHO', 'Moreno 1550, Piso 1º, Of. 112 y 114', ' Tel.: 4370-5926', 1, '2014-07-05 13:49:11', '2014-07-05 13:49:11'),
(1497, 'DIRECCIÓN GENERAL DE COMI', 'Moreno 1550, Piso 1º,', 'Tel.: 4370-5850', 1, '2014-07-05 13:49:11', '2014-07-05 13:49:11'),
(1498, 'CIRCUNSCRIPCIÓN I: (Integ', 'Lavalle 451, Piso 1º', ' Tel.: 4394-2180', 1, '2014-07-05 13:49:11', '2014-07-05 13:49:11'),
(1499, 'CIRCUNSCRIPCIÓN II: (Inte', 'Catamarca 1345, Piso 1º', 'Tel.: 4941-9706', 1, '2014-07-05 13:49:11', '2014-07-05 13:49:11'),
(1500, 'CIRCUNSCRIPCIÓN III: (Int', 'Julián Álvarez 2373, Piso 1º', 'Tel.: 4826-4456', 1, '2014-07-05 13:49:11', '2014-07-05 13:49:11'),
(1501, 'CIRCUNSCRIPCIÓN IV: (Inte', 'San José 1224, Altos Comisaría 16ª', 'Tel.: 4305-1716/6212', 1, '2014-07-05 13:49:11', '2014-07-05 13:49:11'),
(1502, 'CIRCUNSCRIPCIÓN V: (Integ', ' Juramento 4367, Piso 1º', 'Tel.: 4544-1892', 1, '2014-07-05 13:49:11', '2014-07-05 13:49:11'),
(1503, 'CIRCUNSCRIPCIÓN VI: (Inte', 'Av. Díaz Vélez 5152, Piso 1º', 'Tel.: 4982-9477', 1, '2014-07-05 13:49:11', '2014-07-05 13:49:11'),
(1504, 'CIRCUNSCRIPCIÓN VII: (Int', ' Chivilcoy 453, Piso 1º', 'Telefax: 4672-7463/7', 1, '2014-07-05 13:49:11', '2014-07-05 13:49:11'),
(1505, 'CIRCUNSCRIPCIÓN VIII: (In', 'Av. Ana Díaz y Cafayate, Piso 1º', 'Tel.: 4370-6689', 1, '2014-07-05 13:49:11', '2014-07-05 13:49:11'),
(1506, 'COMISARÍA 1ª', 'Lavalle 451, P.B.', '', 1, '2014-07-05 13:49:11', '2014-07-05 13:49:11'),
(1507, 'COMISARÍA 2ª', 'Perú 1050', '', 1, '2014-07-05 13:49:11', '2014-07-05 13:49:11'),
(1508, 'COMISARÍA 3ª', 'Tucumán 1560', '', 1, '2014-07-05 13:49:11', '2014-07-05 13:49:11'),
(1509, 'COMISARÍA 4ª', 'Tacuarí 770', '', 1, '2014-07-05 13:49:11', '2014-07-05 13:49:11'),
(1510, 'COMISARÍA 5ª', 'Lavalle 1958', '', 1, '2014-07-05 13:49:11', '2014-07-05 13:49:11'),
(1511, 'COMISARÍA 6ª', 'Venezuela 1931', '', 1, '2014-07-05 13:49:11', '2014-07-05 13:49:11'),
(1512, 'COMISARÍA 7ª', 'Lavalle 2625', '', 1, '2014-07-05 13:49:11', '2014-07-05 13:49:11'),
(1513, 'COMISARÍA 8ª', 'Gral. Urquiza  550', '', 1, '2014-07-05 13:49:11', '2014-07-05 13:49:11'),
(1514, 'COMISARÍA 9ª', 'Billinghurts 471', '', 1, '2014-07-05 13:49:11', '2014-07-05 13:49:11'),
(1515, 'COMISARÍA 10ª', 'Muñiz 1250', '', 1, '2014-07-05 13:49:11', '2014-07-05 13:49:11'),
(1516, 'COMISARÍA 11ª', 'Av. Díaz Vélez 5152', '', 1, '2014-07-05 13:49:11', '2014-07-05 13:49:11'),
(1517, 'COMISARÍA 12ª', 'Valle 1454', '', 1, '2014-07-05 13:49:11', '2014-07-05 13:49:11'),
(1518, 'COMISARÍA 13ª', 'Av. Avellaneda 1548', '', 1, '2014-07-05 13:49:11', '2014-07-05 13:49:11'),
(1519, 'COMISARÍA 14ª', 'Bolívar 1419', '', 1, '2014-07-05 13:49:11', '2014-07-05 13:49:11'),
(1520, 'COMISARÍA 15ª', 'Suipacha 1156', '', 1, '2014-07-05 13:49:11', '2014-07-05 13:49:11'),
(1521, 'COMISARÍA 16ª', 'San José 1224,', '', 1, '2014-07-05 13:49:11', '2014-07-05 13:49:11'),
(1522, 'COMISARÍA 17ª', 'Av. Las Heras 1861, P.B.', '', 1, '2014-07-05 13:49:11', '2014-07-05 13:49:11'),
(1523, 'COMISARÍA 18ª', 'Av. San Juan 1757', '', 1, '2014-07-05 13:49:11', '2014-07-05 13:49:11'),
(1524, 'COMISARÍA 19ª', 'Charcas 2844, P.B.', '', 1, '2014-07-05 13:49:11', '2014-07-05 13:49:11'),
(1525, 'COMISARÍA 20ª', 'Catamarca 1345', '', 1, '2014-07-05 13:49:11', '2014-07-05 13:49:11'),
(1526, 'COMISARÍA 21ª', 'Julián Álvarez 2373, P.B.', '', 1, '2014-07-05 13:49:11', '2014-07-05 13:49:11'),
(1527, 'COMISARÍA 22ª', 'Av. Ingeniero Huergo 640', '', 1, '2014-07-05 13:49:11', '2014-07-05 13:49:11'),
(1528, 'COMISARÍA 23ª', ' Av. Santa Fe 4000, P.B.', '', 1, '2014-07-05 13:49:11', '2014-07-05 13:49:11'),
(1529, 'COMISARÍA 24ª', 'Pinzón 456,', '', 1, '2014-07-05 13:49:11', '2014-07-05 13:49:11'),
(1530, 'COMISARÍA 25ª', 'Av. Scalabrini Ortiz 1350, P.B', '', 1, '2014-07-05 13:49:11', '2014-07-05 13:49:11'),
(1531, 'COMISARÍA 26ª', 'Av. Montes de Oca 861', '', 1, '2014-07-05 13:49:11', '2014-07-05 13:49:11'),
(1532, 'COMISARÍA 27ª', 'Camargo 645', '', 1, '2014-07-05 13:49:11', '2014-07-05 13:49:11'),
(1533, 'COMISARÍA 28ª', 'Av. Vélez Sársfield 170', '', 1, '2014-07-05 13:49:11', '2014-07-05 13:49:11'),
(1534, 'COMISARÍA 29ª', 'Santos Dumont 4350, P.B.', '', 1, '2014-07-05 13:49:11', '2014-07-05 13:49:11'),
(1535, 'COMISARÍA 30ª', 'California 1850', '', 1, '2014-07-05 13:49:11', '2014-07-05 13:49:11'),
(1536, 'COMISARÍA 31ª', 'Av. Cabildo 232', '', 1, '2014-07-05 13:49:11', '2014-07-05 13:49:11'),
(1537, 'COMISARÍA 32ª', 'Av. Caseros 2724, P.B.', '', 1, '2014-07-05 13:49:11', '2014-07-05 13:49:11'),
(1538, 'COMISARÍA 33ª', 'Mendoza 2263', '', 1, '2014-07-05 13:49:11', '2014-07-05 13:49:11'),
(1539, 'COMISARÍA 34ª', 'Quilmes 456', '', 1, '2014-07-05 13:49:11', '2014-07-05 13:49:11'),
(1540, 'COMISARÍA 35ª', 'Cuba 3145', '', 1, '2014-07-05 13:49:11', '2014-07-05 13:49:11'),
(1541, 'COMISARÍA 36ª', 'Pedernera 3405', '', 1, '2014-07-05 13:49:11', '2014-07-05 13:49:11'),
(1542, 'COMISARÍA 37ª', 'Juramento 4367', '', 1, '2014-07-05 13:49:11', '2014-07-05 13:49:11'),
(1543, 'COMISARÍA 38ª', 'Cnel. Esteban Bonorino 258', '', 1, '2014-07-05 13:49:11', '2014-07-05 13:49:11'),
(1544, 'COMISARÍA 39ª', 'Olazábal 5437', '', 1, '2014-07-05 13:49:11', '2014-07-05 13:49:11'),
(1545, 'COMISARÍA 40ª', 'Remedios 3748', '', 1, '2014-07-05 13:49:11', '2014-07-05 13:49:11'),
(1546, 'COMISARÍA 41ª', 'Alfredo R. Bufano 1800', '', 1, '2014-07-05 13:49:11', '2014-07-05 13:49:11'),
(1547, 'COMISARÍA 42ª', 'Lisandro de la Torre 2343', '', 1, '2014-07-05 13:49:11', '2014-07-05 13:49:11'),
(1548, 'COMISARÍA 43ª', 'Chivilcoy 453', '', 1, '2014-07-05 13:49:11', '2014-07-05 13:49:11'),
(1549, 'COMISARÍA 44ª', 'Manuel Porcel de Peralta 726', '', 1, '2014-07-05 13:49:11', '2014-07-05 13:49:11'),
(1550, 'COMISARÍA 45ª', 'José Cubas 4154', '', 1, '2014-07-05 13:49:11', '2014-07-05 13:49:11'),
(1551, 'COMISARÍA 46ª', 'Av. de los Inmigrantes 2550', '', 1, '2014-07-05 13:49:11', '2014-07-05 13:49:11'),
(1552, 'COMISARÍA 47ª', 'Nazca 4254', '', 1, '2014-07-05 13:49:11', '2014-07-05 13:49:11'),
(1553, 'COMISARÍA 48ª', 'Martiniano Leguizamón 4347', '', 1, '2014-07-05 13:49:11', '2014-07-05 13:49:11'),
(1554, 'COMISARÍA 49ª', 'Machaín 3045', '', 1, '2014-07-05 13:49:11', '2014-07-05 13:49:11'),
(1555, 'COMISARÍA 50ª', 'Av. Gaona 2738', '', 1, '2014-07-05 13:49:11', '2014-07-05 13:49:11'),
(1556, 'COMISARÍA 51ª', 'Artilleros 2081', '', 1, '2014-07-05 13:49:11', '2014-07-05 13:49:11'),
(1557, 'COMISARÍA 52ª', 'Av. Ana Díaz y Cafayate', '', 1, '2014-07-05 13:49:11', '2014-07-05 13:49:11'),
(1558, 'COMISARÍA 53ª', 'República Árabe Siria 2961/65', '', 1, '2014-07-05 13:49:11', '2014-07-05 13:49:11'),
(1559, 'DIRECCIÓN GENERAL DE OPER', 'Moreno 1550, Piso 1º, Of. 144', '', 1, '2014-07-05 13:49:11', '2014-07-05 13:49:11'),
(1560, 'Sección Sala de Situación', 'Moreno 1550, Piso 1º', '', 1, '2014-07-05 13:49:11', '2014-07-05 13:49:11'),
(1561, 'DIVISIÓN GUARDIA DE OFICI', 'Moreno 1550, Piso 1º', '', 1, '2014-07-05 13:49:11', '2014-07-05 13:49:11'),
(1562, 'DEPARTAMENTO APOYO JUDICI', 'Av. Las Heras 1855, Piso 1º', '', 1, '2014-07-05 13:49:11', '2014-07-05 13:49:11'),
(1563, 'DIVISIÓN ACTUACIONES', 'Lavalle 1958', '', 1, '2014-07-05 13:49:11', '2014-07-05 13:49:11'),
(1564, 'DIVISIÓN CENTRO DE ORIENT', 'Av. Las Heras 1855, Piso 1º', '', 1, '2014-07-05 13:49:11', '2014-07-05 13:49:11'),
(1565, 'DIVISIÓN CENTRO DE ATENCI', 'Pje. Ángel Peluffo 3981', '', 1, '2014-07-05 13:49:11', '2014-07-05 13:49:11'),
(1566, 'DIVISIÓN CUSTODIA DE EFEC', 'Bolivia 535', '', 1, '2014-07-05 13:49:11', '2014-07-05 13:49:11'),
(1567, 'Sección Playa Almirante B', 'Pergamino y 27 de Febrero', '', 1, '2014-07-05 13:49:11', '2014-07-05 13:49:11'),
(1568, 'DIVISIÓN PLAYA POLICIAL G', 'Av. Francisco Fernández de la Cruz 4723', '', 1, '2014-07-05 13:49:11', '2014-07-05 13:49:11'),
(1569, 'DEPARTAMENTO ORDEN PÚBLIC', 'Moreno 1550', '', 1, '2014-07-05 13:49:11', '2014-07-05 13:49:11'),
(1570, 'DIVISIÓN COMANDO RADIOELÉ', 'Av. Belgrano 1549, Piso 4º', '', 1, '2014-07-05 13:49:11', '2014-07-05 13:49:11'),
(1571, 'DIVISIÓN PLANIFICACIÓN DE', 'Moreno 1550, Piso 1º, Of. 111', '', 1, '2014-07-05 13:49:11', '2014-07-05 13:49:11'),
(1572, 'DEPARTAMENTO PREVENCIÓN D', 'Av. Presidente Castillo 222', '', 1, '2014-07-05 13:49:11', '2014-07-05 13:49:11'),
(1573, 'DIVISIÓN ANÁLISIS DE EVEN', 'Moreno 1550, Piso 2º, Of. 213', '', 1, '2014-07-05 13:49:11', '2014-07-05 13:49:11'),
(1574, 'DIVISIÓN INVESTIGACIONES ', 'Av. Comodoro Pedro Zanny 289, Piso 1º', '', 1, '2014-07-05 13:49:11', '2014-07-05 13:49:11'),
(1575, 'DIVISIÓN GRUPOS ESPECIALE', 'Cavia 3380', '', 1, '2014-07-05 13:49:11', '2014-07-05 13:49:11'),
(1576, 'Sección Centro de Especia', 'Cavia 3380,', '', 1, '2014-07-05 13:49:11', '2014-07-05 13:49:11'),
(1577, 'Sección Inteligencia Táct', 'Cavia 3380', '', 1, '2014-07-05 13:49:11', '2014-07-05 13:49:11'),
(1578, 'Sección Logística', 'Cavia 3380', '', 1, '2014-07-05 13:49:11', '2014-07-05 13:49:11'),
(1579, 'Sección Operaciones', 'Cavia 3380', '', 1, '2014-07-05 13:49:12', '2014-07-05 13:49:12'),
(1580, 'DIVISIÓN PERROS', 'Cavia 3302', '', 1, '2014-07-05 13:49:12', '2014-07-05 13:49:12'),
(1581, 'DEPARTAMENTO CUERPO GUARD', 'Moreno 1550, P.B.', '', 1, '2014-07-05 13:49:12', '2014-07-05 13:49:12'),
(1582, 'Cuerpo de Policía de Prev', '', '', 1, '2014-07-05 13:49:12', '2014-07-05 13:49:12'),
(1583, 'DIVISIÓN ADMINISTRACIÓN Y', 'Moreno 1550', '', 1, '2014-07-05 13:49:12', '2014-07-05 13:49:12'),
(1584, 'Sección Batallón Logístic', 'Moreno 1550', '', 1, '2014-07-05 13:49:12', '2014-07-05 13:49:12'),
(1585, 'DIVISIÓN OPERACIONES', 'Moreno 1550', '', 1, '2014-07-05 13:49:12', '2014-07-05 13:49:12'),
(1586, 'Sección Batallón I', 'Moreno 1550', '', 1, '2014-07-05 13:49:12', '2014-07-05 13:49:12'),
(1587, 'Sección Batallón II', 'Moreno 1550', '', 1, '2014-07-05 13:49:12', '2014-07-05 13:49:12'),
(1588, 'Sección Batallón III', 'Moreno 1550', '', 1, '2014-07-05 13:49:12', '2014-07-05 13:49:12'),
(1589, 'Sección Grupos Especiales', 'Moreno 1550', '', 1, '2014-07-05 13:49:12', '2014-07-05 13:49:12'),
(1590, 'DEPARTAMENTO CUERPO POLIC', 'Cavia 3302', '', 1, '2014-07-05 13:49:12', '2014-07-05 13:49:12'),
(1591, 'DIVISIÓN ADMINISTRACIÓN Y', 'Cavia 3302', '', 1, '2014-07-05 13:49:12', '2014-07-05 13:49:12'),
(1592, 'Sección Agrupación Logíst', 'Cavia 3302', '', 1, '2014-07-05 13:49:12', '2014-07-05 13:49:12'),
(1593, 'DIVISIÓN OPERACIONES', 'Cavia 3302', '', 1, '2014-07-05 13:49:12', '2014-07-05 13:49:12'),
(1594, 'Sección Agrupación 1ª', 'Cavia 3302', '', 1, '2014-07-05 13:49:12', '2014-07-05 13:49:12'),
(1595, 'Sección Agrupación 2ª', 'Cavia 3302', '', 1, '2014-07-05 13:49:12', '2014-07-05 13:49:12'),
(1596, 'Sección Agrupación 3ª', 'Cavia 3302', '', 1, '2014-07-05 13:49:12', '2014-07-05 13:49:12'),
(1597, 'Sección Agrupación 4ª', 'Cavia 3302', '', 1, '2014-07-05 13:49:12', '2014-07-05 13:49:12'),
(1598, 'DIVISIÓN OPERACIONES URBA', 'Cavia 3370/76', '', 1, '2014-07-05 13:49:12', '2014-07-05 13:49:12'),
(1599, 'DIRECCIÓN GENERAL DE PLAN', '', '', 1, '2014-07-05 13:49:12', '2014-07-05 13:49:12'),
(1600, 'DEPARTAMENTO DE CONSIGNAS', '', '', 1, '2014-07-05 13:49:12', '2014-07-05 13:49:12'),
(1601, 'DIVISIÓN COORDINACIÓN DE ', '', '', 1, '2014-07-05 13:49:12', '2014-07-05 13:49:12'),
(1602, 'DIVISIÓN CONTRALOR DE CON', '', '', 1, '2014-07-05 13:49:12', '2014-07-05 13:49:12'),
(1603, 'DEPARTAMENTO CONTROL DE S', '', '', 1, '2014-07-05 13:49:12', '2014-07-05 13:49:12'),
(1604, 'DIVISIÓN SERVICIOS EXTERN', '', '', 1, '2014-07-05 13:49:12', '2014-07-05 13:49:12'),
(1605, 'Sección Seguridad Prevent', '', '', 1, '2014-07-05 13:49:12', '2014-07-05 13:49:12'),
(1606, 'DIRECCIÓN GENERAL DE SERV', 'Moreno 1417, Piso 1º, Of. 1,', '', 1, '2014-07-05 13:49:12', '2014-07-05 13:49:12'),
(1607, 'DEPARTAMENTO CUERPO POLIC', 'Av. Belgrano 3106', '', 1, '2014-07-05 13:49:12', '2014-07-05 13:49:12'),
(1608, 'Sección Educación Vial y ', 'Quilmes 456, Altos Comisaría 34ª', '', 1, '2014-07-05 13:49:12', '2014-07-05 13:49:12'),
(1609, 'Sección Grupo de Operacio', 'Av. Juan B. Justo 666', '', 1, '2014-07-05 13:49:12', '2014-07-05 13:49:12'),
(1610, 'DIVISIÓN ADMINISTRACIÓN Y', 'Av. Belgrano 3106', '', 1, '2014-07-05 13:49:12', '2014-07-05 13:49:12'),
(1611, 'Sección Agrupación Logíst', 'Av. Belgrano 3106', '', 1, '2014-07-05 13:49:12', '2014-07-05 13:49:12'),
(1612, 'DIVISIÓN PROTECCIÓN FEDER', 'Castro 1277', '', 1, '2014-07-05 13:49:12', '2014-07-05 13:49:12'),
(1613, 'DIVISIÓN UNIDADES FEDERAL', 'Av. Belgrano 3106', '', 1, '2014-07-05 13:49:12', '2014-07-05 13:49:12'),
(1614, 'DEPARTAMENTO SEGURIDAD Y ', 'Gral. Hornos 768', '', 1, '2014-07-05 13:49:12', '2014-07-05 13:49:12'),
(1615, 'Sección Seguridad y Enlac', 'Cerrito 760, Piso 1º', '', 1, '2014-07-05 13:49:12', '2014-07-05 13:49:12'),
(1616, 'DIVISIÓN ASUNTOS CONTRAVE', 'Moreno 1550, Piso 2º, Of. 209', '', 1, '2014-07-05 13:49:12', '2014-07-05 13:49:12'),
(1617, 'DIVISIÓN SEGURIDAD Y ENLA', 'Av. de Mayo 525', '', 1, '2014-07-05 13:49:12', '2014-07-05 13:49:12'),
(1618, 'DIVISIÓN SEGURIDAD Y ENLA', 'Perú 130', '', 1, '2014-07-05 13:49:12', '2014-07-05 13:49:12');

-- --------------------------------------------------------

--
-- Estructura de tabla para la tabla `estados_custodias`
--

CREATE TABLE IF NOT EXISTS `estados_custodias` (
  `id` int(10) unsigned NOT NULL AUTO_INCREMENT,
  `descripcion` varchar(255) COLLATE utf8_unicode_ci NOT NULL,
  `created_at` timestamp NOT NULL DEFAULT '0000-00-00 00:00:00',
  `updated_at` timestamp NOT NULL DEFAULT '0000-00-00 00:00:00',
  PRIMARY KEY (`id`)
) ENGINE=InnoDB  DEFAULT CHARSET=utf8 COLLATE=utf8_unicode_ci AUTO_INCREMENT=4 ;

--
-- Volcado de datos para la tabla `estados_custodias`
--

INSERT INTO `estados_custodias` (`id`, `descripcion`, `created_at`, `updated_at`) VALUES
(1, 'Sin Definir', '2014-07-05 13:49:12', '2014-07-05 13:49:12'),
(2, 'Vigente', '2014-07-05 13:49:12', '2014-07-05 13:49:12'),
(3, 'Levantada', '2014-07-05 13:49:12', '2014-07-05 13:49:12');

-- --------------------------------------------------------

--
-- Estructura de tabla para la tabla `estados_procesales`
--

CREATE TABLE IF NOT EXISTS `estados_procesales` (
  `id_estado_procesal` int(10) unsigned NOT NULL AUTO_INCREMENT,
  `descripcion` varchar(25) COLLATE utf8_unicode_ci NOT NULL,
  `created_at` timestamp NOT NULL DEFAULT '0000-00-00 00:00:00',
  `updated_at` timestamp NOT NULL DEFAULT '0000-00-00 00:00:00',
  PRIMARY KEY (`id_estado_procesal`)
) ENGINE=InnoDB  DEFAULT CHARSET=utf8 COLLATE=utf8_unicode_ci AUTO_INCREMENT=10 ;

--
-- Volcado de datos para la tabla `estados_procesales`
--

INSERT INTO `estados_procesales` (`id_estado_procesal`, `descripcion`, `created_at`, `updated_at`) VALUES
(1, 'A Definir', '2014-07-05 13:49:12', '2014-07-05 13:49:12'),
(2, 'Victima', '2014-07-05 13:49:12', '2014-07-05 13:49:12'),
(3, 'Testigo', '2014-07-05 13:49:12', '2014-07-05 13:49:12'),
(4, 'Detenido', '2014-07-05 13:49:12', '2014-07-05 13:49:12'),
(5, 'Imputado', '2014-07-05 13:49:12', '2014-07-05 13:49:12'),
(6, 'Procesado', '2014-07-05 13:49:12', '2014-07-05 13:49:12'),
(7, 'Condenado', '2014-07-05 13:49:12', '2014-07-05 13:49:12'),
(8, 'Testigo protegido', '2014-07-05 13:49:12', '2014-07-05 13:49:12'),
(9, 'Familiar', '2014-07-05 13:49:12', '2014-07-05 13:49:12');

-- --------------------------------------------------------

--
-- Estructura de tabla para la tabla `fueros`
--

CREATE TABLE IF NOT EXISTS `fueros` (
  `id_fuero` int(10) unsigned NOT NULL AUTO_INCREMENT,
  `descripcion` varchar(25) COLLATE utf8_unicode_ci NOT NULL,
  `created_at` timestamp NOT NULL DEFAULT '0000-00-00 00:00:00',
  `updated_at` timestamp NOT NULL DEFAULT '0000-00-00 00:00:00',
  PRIMARY KEY (`id_fuero`)
) ENGINE=InnoDB  DEFAULT CHARSET=utf8 COLLATE=utf8_unicode_ci AUTO_INCREMENT=5 ;

--
-- Volcado de datos para la tabla `fueros`
--

INSERT INTO `fueros` (`id_fuero`, `descripcion`, `created_at`, `updated_at`) VALUES
(1, 'A Definir', '2014-07-05 13:49:12', '2014-07-05 13:49:12'),
(2, 'Nacionales', '2014-07-05 13:49:12', '2014-07-05 13:49:12'),
(3, 'Federales', '2014-07-05 13:49:12', '2014-07-05 13:49:12'),
(4, 'Justicia Nacional', '2014-07-05 13:49:12', '2014-07-05 13:49:12');

-- --------------------------------------------------------

--
-- Estructura de tabla para la tabla `fuerzas`
--

CREATE TABLE IF NOT EXISTS `fuerzas` (
  `id` int(10) unsigned NOT NULL AUTO_INCREMENT,
  `abreviacion` varchar(255) COLLATE utf8_unicode_ci NOT NULL,
  `descripcion` varchar(255) COLLATE utf8_unicode_ci NOT NULL,
  `created_at` timestamp NOT NULL DEFAULT '0000-00-00 00:00:00',
  `updated_at` timestamp NOT NULL DEFAULT '0000-00-00 00:00:00',
  PRIMARY KEY (`id`)
) ENGINE=InnoDB  DEFAULT CHARSET=utf8 COLLATE=utf8_unicode_ci AUTO_INCREMENT=6 ;

--
-- Volcado de datos para la tabla `fuerzas`
--

INSERT INTO `fuerzas` (`id`, `abreviacion`, `descripcion`, `created_at`, `updated_at`) VALUES
(1, '', 'A Definir', '2014-07-05 13:49:03', '2014-07-05 13:49:03'),
(2, 'PFA', 'Policia Federal', '2014-07-05 13:49:03', '2014-07-05 13:49:03'),
(3, 'PSA', 'Policia Seguridad Aeroportuaria', '2014-07-05 13:49:03', '2014-07-05 13:49:03'),
(4, 'GNA', 'Gendarmeria Nacional Argentina', '2014-07-05 13:49:03', '2014-07-05 13:49:03'),
(5, 'PNA', 'Prefectura Nacional Argentina', '2014-07-05 13:49:03', '2014-07-05 13:49:03');

-- --------------------------------------------------------

--
-- Estructura de tabla para la tabla `justicias`
--

CREATE TABLE IF NOT EXISTS `justicias` (
  `id` int(10) unsigned NOT NULL AUTO_INCREMENT,
  `descripcion` varchar(50) COLLATE utf8_unicode_ci NOT NULL,
  `id_fuero` int(10) unsigned NOT NULL,
  `created_at` timestamp NOT NULL DEFAULT '0000-00-00 00:00:00',
  `updated_at` timestamp NOT NULL DEFAULT '0000-00-00 00:00:00',
  PRIMARY KEY (`id`),
  KEY `justicias_id_fuero_foreign` (`id_fuero`)
) ENGINE=InnoDB  DEFAULT CHARSET=utf8 COLLATE=utf8_unicode_ci AUTO_INCREMENT=30 ;

--
-- Volcado de datos para la tabla `justicias`
--

INSERT INTO `justicias` (`id`, `descripcion`, `id_fuero`, `created_at`, `updated_at`) VALUES
(1, 'Justicia Nacional en lo Comercial', 1, '2014-07-05 13:49:12', '2014-07-05 13:49:12'),
(2, 'Justicia Nacional del Trabajo', 1, '2014-07-05 13:49:12', '2014-07-05 13:49:12'),
(3, 'Justicia Nacional en lo Civil', 1, '2014-07-05 13:49:12', '2014-07-05 13:49:12'),
(4, 'Cámara Nacional de Apelaciones en lo Criminal y Co', 1, '2014-07-05 13:49:12', '2014-07-05 13:49:12'),
(5, 'Justicia Nacional en lo Penal Económico', 2, '2014-07-05 13:49:12', '2014-07-05 13:49:12'),
(6, 'Justicia Nac. en lo Civil y Com. Federal', 2, '2014-07-05 13:49:12', '2014-07-05 13:49:12'),
(7, 'Justicia Nac. en lo Cont. Adm. Federal', 2, '2014-07-05 13:49:12', '2014-07-05 13:49:12'),
(8, 'Justicia Nac. en lo Crim. y Corr. Federal', 2, '2014-07-05 13:49:12', '2014-07-05 13:49:12'),
(9, 'Justicia Federal de Bahía Blanca', 2, '2014-07-05 13:49:12', '2014-07-05 13:49:12'),
(10, 'Justicia Nacional en lo Penal Económico', 2, '2014-07-05 13:49:12', '2014-07-05 13:49:12'),
(11, 'Justicia Federal de Comodoro Rivadavia', 2, '2014-07-05 13:49:12', '2014-07-05 13:49:12'),
(12, 'Justicia Federal de Córdoba', 2, '2014-07-05 13:49:12', '2014-07-05 13:49:12'),
(13, 'Justicia Federal de Corrientes', 2, '2014-07-05 13:49:12', '2014-07-05 13:49:12'),
(14, 'Justicia Federal de General Roca', 2, '2014-07-05 13:49:12', '2014-07-05 13:49:12'),
(15, 'Justicia Federal de La Plata', 2, '2014-07-05 13:49:12', '2014-07-05 13:49:12'),
(16, 'Justicia Federal de Mar del Plata', 2, '2014-07-05 13:49:12', '2014-07-05 13:49:12'),
(17, 'Justicia Federal de Mendoza', 2, '2014-07-05 13:49:12', '2014-07-05 13:49:12'),
(18, 'Justicia Federal de Paraná', 2, '2014-07-05 13:49:12', '2014-07-05 13:49:12'),
(19, 'Justicia Federal de Santa Fe', 2, '2014-07-05 13:49:12', '2014-07-05 13:49:12'),
(20, 'Justicia Federal de Misiones', 2, '2014-07-05 13:49:12', '2014-07-05 13:49:12'),
(21, 'Justicia Federal de Resistencia', 2, '2014-07-05 13:49:12', '2014-07-05 13:49:12'),
(22, 'Justicia Federal de Salta', 2, '2014-07-05 13:49:12', '2014-07-05 13:49:12'),
(23, 'Justicia Federal de San Martín', 2, '2014-07-05 13:49:12', '2014-07-05 13:49:12'),
(24, 'Justicia Federal de Tucumán', 2, '2014-07-05 13:49:12', '2014-07-05 13:49:12'),
(29, 'Otros', 1, '0000-00-00 00:00:00', '2014-06-17 18:52:48');

-- --------------------------------------------------------

--
-- Estructura de tabla para la tabla `juzgados`
--

CREATE TABLE IF NOT EXISTS `juzgados` (
  `id` int(10) unsigned NOT NULL AUTO_INCREMENT,
  `descripcion` varchar(50) COLLATE utf8_unicode_ci NOT NULL,
  `created_at` timestamp NOT NULL DEFAULT '0000-00-00 00:00:00',
  `updated_at` timestamp NOT NULL DEFAULT '0000-00-00 00:00:00',
  PRIMARY KEY (`id`)
) ENGINE=InnoDB DEFAULT CHARSET=utf8 COLLATE=utf8_unicode_ci AUTO_INCREMENT=1 ;

-- --------------------------------------------------------

--
-- Estructura de tabla para la tabla `migrations`
--

CREATE TABLE IF NOT EXISTS `migrations` (
  `migration` varchar(255) COLLATE utf8_unicode_ci NOT NULL,
  `batch` int(11) NOT NULL
) ENGINE=InnoDB DEFAULT CHARSET=utf8 COLLATE=utf8_unicode_ci;

--
-- Volcado de datos para la tabla `migrations`
--

INSERT INTO `migrations` (`migration`, `batch`) VALUES
('2014_06_27_014326_create_fuerzas_table', 1),
('2014_06_27_014501_create_dependencias_table', 1),
('2014_06_27_014935_create_estados_procesales_table', 1),
('2014_06_27_015049_create_fueros_table', 1),
('2014_06_27_015232_create_justicias_table', 1),
('2014_06_27_015542_create_juzgados_table', 1),
('2014_06_27_015632_create_motivos_table', 1),
('2014_06_27_015945_create_poderes_judiciales_table', 1),
('2014_06_27_021012_create_perfiles_table', 1),
('2014_06_27_021043_create_usuarios_table', 1),
('2014_06_27_022809_create_custodias_y_consignas_table', 1),
('2014_06_27_100125_create_personal_cumplimenta_table', 1),
('2014_06_27_100144_create_persona_custodiada_table', 1),
('2014_06_28_015741_create_objetivos_direcciones_table', 1),
('2014_06_28_100159_create_estados_custodias_tables', 1),
('2014_06_28_100319_update_custodias_table', 1);

-- --------------------------------------------------------

--
-- Estructura de tabla para la tabla `motivos`
--

CREATE TABLE IF NOT EXISTS `motivos` (
  `id` int(10) unsigned NOT NULL AUTO_INCREMENT,
  `descripcion` varchar(50) COLLATE utf8_unicode_ci NOT NULL,
  `created_at` timestamp NOT NULL DEFAULT '0000-00-00 00:00:00',
  `updated_at` timestamp NOT NULL DEFAULT '0000-00-00 00:00:00',
  PRIMARY KEY (`id`)
) ENGINE=InnoDB  DEFAULT CHARSET=utf8 COLLATE=utf8_unicode_ci AUTO_INCREMENT=20 ;

--
-- Volcado de datos para la tabla `motivos`
--

INSERT INTO `motivos` (`id`, `descripcion`, `created_at`, `updated_at`) VALUES
(1, 'Violencia de Género', '2014-07-05 13:49:12', '2014-07-05 13:49:12'),
(2, 'Violencia Familiar', '2014-07-05 13:49:12', '2014-07-05 13:49:12'),
(3, 'Violencia Domestica', '2014-07-05 13:49:12', '2014-07-05 13:49:12'),
(4, 'Amenazas', '2014-07-05 13:49:12', '2014-07-05 13:49:12'),
(5, 'Lesiones', '2014-07-05 13:49:12', '2014-07-05 13:49:12'),
(6, 'Homicidios', '2014-07-05 13:49:12', '2014-07-05 13:49:12'),
(7, 'Lesa Humanidad', '2014-07-05 13:49:12', '2014-07-05 13:49:12'),
(8, 'Abuso Sexual', '2014-07-05 13:49:12', '2014-07-05 13:49:12'),
(9, 'Abuso Autoridad', '2014-07-05 13:49:12', '2014-07-05 13:49:12'),
(10, 'Violación', '2014-07-05 13:49:12', '2014-07-05 13:49:12'),
(11, 'Daños', '2014-07-05 13:49:12', '2014-07-05 13:49:12'),
(12, 'Usurpación', '2014-07-05 13:49:12', '2014-07-05 13:49:12'),
(13, 'Violación Dom', '2014-07-05 13:49:12', '2014-07-05 13:49:12'),
(14, 'Clausuras (Violación)', '2014-07-05 13:49:12', '2014-07-05 13:49:12'),
(15, 'Causales de Muerte', '2014-07-05 13:49:12', '2014-07-05 13:49:12'),
(16, 'Muertes Dudosas', '2014-07-05 13:49:12', '2014-07-05 13:49:12'),
(17, 'Incendio', '2014-07-05 13:49:12', '2014-07-05 13:49:12'),
(18, 'Medidas Cautelares', '2014-07-05 13:49:12', '2014-07-05 13:49:12'),
(19, 'Otros', '2014-07-05 13:49:12', '2014-07-05 13:49:12');

-- --------------------------------------------------------

--
-- Estructura de tabla para la tabla `objetivos_direcciones`
--

CREATE TABLE IF NOT EXISTS `objetivos_direcciones` (
  `id_objetivo_direccion` int(10) unsigned NOT NULL AUTO_INCREMENT,
  `objetivo_direccion` varchar(50) COLLATE utf8_unicode_ci NOT NULL,
  `lat` varchar(50) COLLATE utf8_unicode_ci NOT NULL,
  `lng` varchar(50) COLLATE utf8_unicode_ci NOT NULL,
  `id_custodia` int(10) unsigned NOT NULL,
  `created_at` timestamp NOT NULL DEFAULT '0000-00-00 00:00:00',
  `updated_at` timestamp NOT NULL DEFAULT '0000-00-00 00:00:00',
  PRIMARY KEY (`id_objetivo_direccion`)
) ENGINE=InnoDB DEFAULT CHARSET=utf8 COLLATE=utf8_unicode_ci AUTO_INCREMENT=1 ;

-- --------------------------------------------------------

--
-- Estructura de tabla para la tabla `perfiles`
--

CREATE TABLE IF NOT EXISTS `perfiles` (
  `id_perfil` int(10) unsigned NOT NULL AUTO_INCREMENT,
  `perfil` varchar(35) COLLATE utf8_unicode_ci NOT NULL,
  `created_at` timestamp NOT NULL DEFAULT '0000-00-00 00:00:00',
  `updated_at` timestamp NOT NULL DEFAULT '0000-00-00 00:00:00',
  PRIMARY KEY (`id_perfil`)
) ENGINE=InnoDB  DEFAULT CHARSET=utf8 COLLATE=utf8_unicode_ci AUTO_INCREMENT=3 ;

--
-- Volcado de datos para la tabla `perfiles`
--

INSERT INTO `perfiles` (`id_perfil`, `perfil`, `created_at`, `updated_at`) VALUES
(1, 'Ministerio de Seguridad', '2014-07-05 13:49:12', '2014-07-05 13:49:12'),
(2, 'Fuerza  de Seguridad', '2014-07-05 13:49:12', '2014-07-05 13:49:12');

-- --------------------------------------------------------

--
-- Estructura de tabla para la tabla `persona_custodiada`
--

CREATE TABLE IF NOT EXISTS `persona_custodiada` (
  `id_persona_custodiada` int(10) unsigned NOT NULL AUTO_INCREMENT,
  `nombre` varchar(50) COLLATE utf8_unicode_ci NOT NULL,
  `apellido` varchar(50) COLLATE utf8_unicode_ci NOT NULL,
  `dni` varchar(50) COLLATE utf8_unicode_ci NOT NULL,
  `funcionario` tinyint(1) NOT NULL,
  `id_custodia` int(10) unsigned NOT NULL,
  `id_poder_judicial` int(10) unsigned DEFAULT NULL,
  `id_estado_procesal` int(10) unsigned DEFAULT NULL,
  `entorno_familiar` text COLLATE utf8_unicode_ci NOT NULL,
  `created_at` timestamp NOT NULL DEFAULT '0000-00-00 00:00:00',
  `updated_at` timestamp NOT NULL DEFAULT '0000-00-00 00:00:00',
  PRIMARY KEY (`id_persona_custodiada`),
  KEY `persona_custodiada_id_custodia_foreign` (`id_custodia`),
  KEY `persona_custodiada_id_poder_judicial_foreign` (`id_poder_judicial`),
  KEY `persona_custodiada_id_estado_procesal_foreign` (`id_estado_procesal`)
) ENGINE=InnoDB DEFAULT CHARSET=utf8 COLLATE=utf8_unicode_ci AUTO_INCREMENT=1 ;

-- --------------------------------------------------------

--
-- Estructura de tabla para la tabla `personal_cumplimenta`
--

CREATE TABLE IF NOT EXISTS `personal_cumplimenta` (
  `id` int(10) unsigned NOT NULL AUTO_INCREMENT,
  `nombre_personal` varchar(50) COLLATE utf8_unicode_ci NOT NULL,
  `apellido_personal` varchar(50) COLLATE utf8_unicode_ci NOT NULL,
  `lp_personal` varchar(50) COLLATE utf8_unicode_ci NOT NULL,
  `id_custodia` int(10) unsigned NOT NULL,
  `created_at` timestamp NOT NULL DEFAULT '0000-00-00 00:00:00',
  `updated_at` timestamp NOT NULL DEFAULT '0000-00-00 00:00:00',
  PRIMARY KEY (`id`),
  KEY `personal_cumplimenta_id_custodia_foreign` (`id_custodia`)
) ENGINE=InnoDB DEFAULT CHARSET=utf8 COLLATE=utf8_unicode_ci AUTO_INCREMENT=1 ;

-- --------------------------------------------------------

--
-- Estructura de tabla para la tabla `poderes_judiciales`
--

CREATE TABLE IF NOT EXISTS `poderes_judiciales` (
  `id_poder_judicial` int(10) unsigned NOT NULL AUTO_INCREMENT,
  `descripcion` varchar(50) COLLATE utf8_unicode_ci NOT NULL,
  `created_at` timestamp NOT NULL DEFAULT '0000-00-00 00:00:00',
  `updated_at` timestamp NOT NULL DEFAULT '0000-00-00 00:00:00',
  PRIMARY KEY (`id_poder_judicial`)
) ENGINE=InnoDB DEFAULT CHARSET=utf8 COLLATE=utf8_unicode_ci AUTO_INCREMENT=1 ;

-- --------------------------------------------------------

--
-- Estructura de tabla para la tabla `usuarios`
--

CREATE TABLE IF NOT EXISTS `usuarios` (
  `id` int(10) unsigned NOT NULL AUTO_INCREMENT,
  `nombre` varchar(25) COLLATE utf8_unicode_ci NOT NULL,
  `username` varchar(25) COLLATE utf8_unicode_ci NOT NULL,
  `apellido` varchar(25) COLLATE utf8_unicode_ci NOT NULL,
  `email` varchar(50) COLLATE utf8_unicode_ci NOT NULL,
  `password` varchar(255) COLLATE utf8_unicode_ci NOT NULL,
  `remember_token` varchar(255) COLLATE utf8_unicode_ci NOT NULL,
  `testigo` tinyint(1) NOT NULL,
  `dni` int(11) NOT NULL,
  `fza` int(10) unsigned NOT NULL,
  `id_perfil` int(10) unsigned NOT NULL,
  `created_at` timestamp NOT NULL DEFAULT '0000-00-00 00:00:00',
  `updated_at` timestamp NOT NULL DEFAULT '0000-00-00 00:00:00',
  PRIMARY KEY (`id`),
  UNIQUE KEY `usuarios_dni_unique` (`dni`),
  KEY `usuarios_fza_foreign` (`fza`),
  KEY `usuarios_id_perfil_foreign` (`id_perfil`)
) ENGINE=InnoDB  DEFAULT CHARSET=utf8 COLLATE=utf8_unicode_ci AUTO_INCREMENT=2 ;

--
-- Volcado de datos para la tabla `usuarios`
--

INSERT INTO `usuarios` (`id`, `nombre`, `username`, `apellido`, `email`, `password`, `remember_token`, `testigo`, `dni`, `fza`, `id_perfil`, `created_at`, `updated_at`) VALUES
(1, '', 'test', '', '', '$2y$10$qiinWyecmTBI4ykJiUnofuXl0IxOPwovXKR2hCQp5ma9naiv360/a', '', 0, 0, 1, 1, '2014-07-05 13:49:12', '2014-07-05 13:49:12');

--
-- Restricciones para tablas volcadas
--

--
-- Filtros para la tabla `custodias_y_consignas`
--
ALTER TABLE `custodias_y_consignas`
  ADD CONSTRAINT `custodias_y_consignas_estado_foreign` FOREIGN KEY (`estado`) REFERENCES `estados_custodias` (`id`) ON DELETE CASCADE,
  ADD CONSTRAINT `custodias_y_consignas_fuerza_recibe_foreign` FOREIGN KEY (`fuerza_recibe`) REFERENCES `fuerzas` (`id`) ON DELETE CASCADE,
  ADD CONSTRAINT `custodias_y_consignas_gna_dep_foreign` FOREIGN KEY (`gna_dep`) REFERENCES `dependencias` (`id`) ON DELETE CASCADE,
  ADD CONSTRAINT `custodias_y_consignas_id_usuario_foreign` FOREIGN KEY (`id_usuario`) REFERENCES `dependencias` (`id`) ON DELETE CASCADE,
  ADD CONSTRAINT `custodias_y_consignas_pfa_dep_foreign` FOREIGN KEY (`pfa_dep`) REFERENCES `dependencias` (`id`) ON DELETE CASCADE,
  ADD CONSTRAINT `custodias_y_consignas_pna_dep_foreign` FOREIGN KEY (`pna_dep`) REFERENCES `dependencias` (`id`) ON DELETE CASCADE,
  ADD CONSTRAINT `custodias_y_consignas_psa_dep_foreign` FOREIGN KEY (`psa_dep`) REFERENCES `dependencias` (`id`) ON DELETE CASCADE;

--
-- Filtros para la tabla `dependencias`
--
ALTER TABLE `dependencias`
  ADD CONSTRAINT `dependencias_fuerza_foreign` FOREIGN KEY (`fuerza`) REFERENCES `fuerzas` (`id`) ON DELETE CASCADE;

--
-- Filtros para la tabla `justicias`
--
ALTER TABLE `justicias`
  ADD CONSTRAINT `justicias_id_fuero_foreign` FOREIGN KEY (`id_fuero`) REFERENCES `fueros` (`id_fuero`) ON DELETE CASCADE;

--
-- Filtros para la tabla `persona_custodiada`
--
ALTER TABLE `persona_custodiada`
  ADD CONSTRAINT `persona_custodiada_id_custodia_foreign` FOREIGN KEY (`id_custodia`) REFERENCES `custodias_y_consignas` (`id_custodia_consigna`) ON DELETE CASCADE,
  ADD CONSTRAINT `persona_custodiada_id_estado_procesal_foreign` FOREIGN KEY (`id_estado_procesal`) REFERENCES `estados_procesales` (`id_estado_procesal`) ON DELETE CASCADE,
  ADD CONSTRAINT `persona_custodiada_id_poder_judicial_foreign` FOREIGN KEY (`id_poder_judicial`) REFERENCES `poderes_judiciales` (`id_poder_judicial`) ON DELETE CASCADE;

--
-- Filtros para la tabla `personal_cumplimenta`
--
ALTER TABLE `personal_cumplimenta`
  ADD CONSTRAINT `personal_cumplimenta_id_custodia_foreign` FOREIGN KEY (`id_custodia`) REFERENCES `custodias_y_consignas` (`id_custodia_consigna`) ON DELETE CASCADE;

--
-- Filtros para la tabla `usuarios`
--
ALTER TABLE `usuarios`
  ADD CONSTRAINT `usuarios_fza_foreign` FOREIGN KEY (`fza`) REFERENCES `fuerzas` (`id`) ON DELETE CASCADE,
  ADD CONSTRAINT `usuarios_id_perfil_foreign` FOREIGN KEY (`id_perfil`) REFERENCES `perfiles` (`id_perfil`);
--
-- Base de datos: `mydb`
--

-- --------------------------------------------------------

--
-- Estructura de tabla para la tabla `parentezcos`
--

CREATE TABLE IF NOT EXISTS `parentezcos` (
  `id` int(11) NOT NULL,
  `descripcion` varchar(45) DEFAULT NULL,
  PRIMARY KEY (`id`)
) ENGINE=InnoDB DEFAULT CHARSET=utf8;

-- --------------------------------------------------------

--
-- Estructura de tabla para la tabla `perfiles`
--

CREATE TABLE IF NOT EXISTS `perfiles` (
  `id_perfil` int(11) NOT NULL,
  `nombre_pefil` varchar(255) NOT NULL,
  PRIMARY KEY (`id_perfil`)
) ENGINE=InnoDB DEFAULT CHARSET=utf8;

-- --------------------------------------------------------

--
-- Estructura de tabla para la tabla `personas`
--

CREATE TABLE IF NOT EXISTS `personas` (
  `id_persona` int(11) NOT NULL AUTO_INCREMENT,
  `nombre` varchar(45) DEFAULT NULL,
  `apellido` varchar(45) DEFAULT NULL,
  `nro_doc` varchar(45) DEFAULT NULL,
  `direccion` varchar(45) DEFAULT NULL,
  `localidad` varchar(45) DEFAULT NULL,
  `telefono` varchar(45) DEFAULT NULL,
  `create_time` timestamp NULL DEFAULT CURRENT_TIMESTAMP,
  `update_time` timestamp NULL DEFAULT NULL,
  `usuarios_id` int(11) NOT NULL,
  `usuarios_id_perfil` int(11) NOT NULL,
  `usuarios_id_persona` int(11) NOT NULL,
  `usuarios_perfiles_id_perfil` int(11) NOT NULL,
  `taller` varchar(45) DEFAULT NULL,
  `id_sexo` int(11) NOT NULL,
  PRIMARY KEY (`id_persona`,`usuarios_id_persona`,`id_sexo`)
) ENGINE=InnoDB DEFAULT CHARSET=utf8 AUTO_INCREMENT=1 ;

-- --------------------------------------------------------

--
-- Estructura de tabla para la tabla `socios`
--

CREATE TABLE IF NOT EXISTS `socios` (
  `id` int(11) NOT NULL AUTO_INCREMENT,
  `id_persona` int(11) NOT NULL,
  `hsocio` int(11) DEFAULT NULL,
  `nro_socio` int(11) DEFAULT NULL,
  `vacon` int(11) DEFAULT NULL,
  `create_time` timestamp NULL DEFAULT CURRENT_TIMESTAMP,
  `update_time` timestamp NULL DEFAULT NULL,
  `personas_id_persona` int(11) DEFAULT NULL,
  `personas_usuarios_id_persona` int(11) DEFAULT NULL,
  `id_tipo_socio` int(11) NOT NULL,
  `fecha_socio` date DEFAULT NULL,
  PRIMARY KEY (`id`,`id_persona`,`id_tipo_socio`),
  KEY `fk_socios_personas1_idx` (`id_persona`)
) ENGINE=InnoDB DEFAULT CHARSET=utf8 AUTO_INCREMENT=1 ;

-- --------------------------------------------------------

--
-- Estructura de tabla para la tabla `tipo_socios`
--

CREATE TABLE IF NOT EXISTS `tipo_socios` (
  `id` int(11) NOT NULL AUTO_INCREMENT,
  `descripcion` varchar(45) DEFAULT NULL,
  `socios_id` int(11) DEFAULT NULL,
  `socios_id_persona` int(11) DEFAULT NULL,
  `socios_personas_id_persona` int(11) DEFAULT NULL,
  `socios_id_tipo_socio` int(11) DEFAULT NULL,
  PRIMARY KEY (`id`)
) ENGINE=InnoDB DEFAULT CHARSET=utf8 COMMENT='usuarion quincenales, mensuales etc..' AUTO_INCREMENT=1 ;

-- --------------------------------------------------------

--
-- Estructura de tabla para la tabla `usuarios`
--

CREATE TABLE IF NOT EXISTS `usuarios` (
  `id` int(11) NOT NULL AUTO_INCREMENT,
  `id_perfil` int(11) NOT NULL,
  `id_persona` int(11) NOT NULL,
  `nombre_usuario` varchar(45) DEFAULT NULL,
  `password` varchar(45) DEFAULT NULL,
  `create_time` timestamp NULL DEFAULT CURRENT_TIMESTAMP,
  `update_time` timestamp NULL DEFAULT NULL,
  `perfiles_id_perfil` int(11) NOT NULL,
  PRIMARY KEY (`id`,`id_perfil`,`id_persona`,`perfiles_id_perfil`),
  KEY `fk_usuarios_perfiles1_idx` (`id_perfil`)
) ENGINE=InnoDB DEFAULT CHARSET=utf8 AUTO_INCREMENT=1 ;

--
-- Restricciones para tablas volcadas
--

--
-- Filtros para la tabla `personas`
--
ALTER TABLE `personas`
  ADD CONSTRAINT `fk_personas_usuarios1` FOREIGN KEY (`id_persona`) REFERENCES `usuarios` (`id`) ON DELETE NO ACTION ON UPDATE NO ACTION;

--
-- Filtros para la tabla `socios`
--
ALTER TABLE `socios`
  ADD CONSTRAINT `fk_socios_personas1` FOREIGN KEY (`id_persona`) REFERENCES `personas` (`id_persona`) ON DELETE NO ACTION ON UPDATE NO ACTION;

--
-- Filtros para la tabla `tipo_socios`
--
ALTER TABLE `tipo_socios`
  ADD CONSTRAINT `fk_tipo_socios_socios1` FOREIGN KEY (`id`) REFERENCES `socios` (`id`) ON DELETE NO ACTION ON UPDATE NO ACTION;

--
-- Filtros para la tabla `usuarios`
--
ALTER TABLE `usuarios`
  ADD CONSTRAINT `fk_usuarios_perfiles1` FOREIGN KEY (`id_perfil`) REFERENCES `perfiles` (`id_perfil`) ON DELETE NO ACTION ON UPDATE NO ACTION;
--
-- Base de datos: `nodejs`
--

-- --------------------------------------------------------

--
-- Estructura de tabla para la tabla `usuarios`
--

CREATE TABLE IF NOT EXISTS `usuarios` (
  `id` int(11) NOT NULL AUTO_INCREMENT,
  `usuario` varchar(25) NOT NULL,
  `descripcion` text NOT NULL,
  `foto` varchar(100) NOT NULL,
  PRIMARY KEY (`id`)
) ENGINE=InnoDB  DEFAULT CHARSET=latin1 AUTO_INCREMENT=5 ;

--
-- Volcado de datos para la tabla `usuarios`
--

INSERT INTO `usuarios` (`id`, `usuario`, `descripcion`, `foto`) VALUES
(1, 'bono', 'cantante', 'http://upload.wikimedia.org/wikipedia/commons/d/dd/Bono_U2_360_Tour_2011.jpg'),
(2, 'the edge', 'guitarrista', 'http://www.universalmusicmagazine.com/wp-content/uploads/2011/08/the-edge-u2.jpg'),
(3, 'larry', 'batero\r\n', 'http://s3.amazonaws.com/drumlessonscom/00-drummers/larry-mullen-jr-thumb.jpg'),
(4, 'adam', 'bajista', 'http://www.peoples.ru/art/music/rock/adam_clayton/clayton_1.jpg');
--
-- Base de datos: `oficios`
--

-- --------------------------------------------------------

--
-- Estructura de tabla para la tabla `archivos`
--

CREATE TABLE IF NOT EXISTS `archivos` (
  `id` int(11) NOT NULL AUTO_INCREMENT,
  `id_oficio` int(11) NOT NULL,
  `id_persona` int(11) NOT NULL,
  `path` varchar(55) NOT NULL,
  `fecha` datetime NOT NULL,
  `id_usuario` int(11) NOT NULL,
  `tipo_archivo` int(11) NOT NULL,
  `nombre` varchar(25) NOT NULL,
  PRIMARY KEY (`id`)
) ENGINE=InnoDB  DEFAULT CHARSET=latin1 AUTO_INCREMENT=2 ;

--
-- Volcado de datos para la tabla `archivos`
--

INSERT INTO `archivos` (`id`, `id_oficio`, `id_persona`, `path`, `fecha`, `id_usuario`, `tipo_archivo`, `nombre`) VALUES
(1, 14, 46, 'archivos/14/b6279d0e7a1b083a.jpg', '2014-05-19 14:48:51', 3, 1, '');

-- --------------------------------------------------------

--
-- Estructura de tabla para la tabla `categoria_menu`
--

CREATE TABLE IF NOT EXISTS `categoria_menu` (
  `id` int(11) NOT NULL AUTO_INCREMENT,
  `nombre` varchar(255) NOT NULL,
  `habilitado` int(11) NOT NULL,
  `orden` int(11) NOT NULL,
  `url` varchar(25) NOT NULL,
  PRIMARY KEY (`id`)
) ENGINE=InnoDB  DEFAULT CHARSET=utf8 AUTO_INCREMENT=6 ;

--
-- Volcado de datos para la tabla `categoria_menu`
--

INSERT INTO `categoria_menu` (`id`, `nombre`, `habilitado`, `orden`, `url`) VALUES
(1, 'Inicio', 0, 1, 'inicio.php'),
(2, 'Cargar Oficios', 0, 2, ''),
(3, 'Sistema', 0, 4, ''),
(4, 'Reportes', 0, 3, ''),
(5, 'Inicio', 0, 0, 'form.modulo.consultas.php');

-- --------------------------------------------------------

--
-- Estructura de tabla para la tabla `celulares`
--

CREATE TABLE IF NOT EXISTS `celulares` (
  `id_telefono` int(11) NOT NULL AUTO_INCREMENT,
  `id_persona` int(11) NOT NULL,
  `nro` int(11) NOT NULL,
  `compania` int(11) NOT NULL,
  PRIMARY KEY (`id_telefono`)
) ENGINE=InnoDB DEFAULT CHARSET=latin1 AUTO_INCREMENT=1 ;

-- --------------------------------------------------------

--
-- Estructura de tabla para la tabla `combos_otros`
--

CREATE TABLE IF NOT EXISTS `combos_otros` (
  `id` int(11) NOT NULL AUTO_INCREMENT,
  `tipo` varchar(50) NOT NULL,
  `descripcion` varchar(255) NOT NULL,
  PRIMARY KEY (`id`)
) ENGINE=InnoDB  DEFAULT CHARSET=latin1 AUTO_INCREMENT=65 ;

--
-- Volcado de datos para la tabla `combos_otros`
--

INSERT INTO `combos_otros` (`id`, `tipo`, `descripcion`) VALUES
(52, 'tipo_doc', 'DNI'),
(53, 'tipo_doc', 'Cédula de Identidad'),
(54, 'tipo_doc', 'Pasaporte'),
(55, 'tipo_doc', 'LP'),
(56, 'tipo_doc', 'DNI Extranjero'),
(57, 'tipo_doc', 'No Posee'),
(58, 'sexo', 'Masculino'),
(59, 'sexo', 'Femenino'),
(60, 'compania_celular', 'Movistar'),
(61, 'compania_celular', 'Claro'),
(62, 'compania_celular', 'Personal'),
(63, 'compania_celular', 'Nextel'),
(64, 'compania_celular', 'Otro');

-- --------------------------------------------------------

--
-- Estructura de tabla para la tabla `departamentos`
--

CREATE TABLE IF NOT EXISTS `departamentos` (
  `id` int(3) NOT NULL,
  `provincia_id` int(2) NOT NULL,
  `descripcion` varchar(100) NOT NULL,
  PRIMARY KEY (`id`)
) ENGINE=InnoDB DEFAULT CHARSET=utf8;

--
-- Volcado de datos para la tabla `departamentos`
--

INSERT INTO `departamentos` (`id`, `provincia_id`, `descripcion`) VALUES
(1, 1, 'AZUL'),
(2, 1, 'PUAN'),
(3, 1, 'LA MATANZA'),
(4, 1, 'TIGRE'),
(5, 1, '25 DE MAYO'),
(6, 1, 'TRENQUE LAUQUEN'),
(7, 1, '9 DE JULIO'),
(8, 1, 'LANUS'),
(9, 1, 'LA PLATA'),
(10, 1, 'MONTE'),
(11, 1, 'PEHUAJO'),
(12, 1, 'SAN ISIDRO'),
(13, 1, 'PERGAMINO'),
(14, 1, 'ALBERTI'),
(15, 1, 'CHASCOMUS'),
(16, 1, 'ESTEBAN ECHEVERRIA'),
(17, 1, 'MERCEDES'),
(18, 1, 'BAHIA BLANCA'),
(19, 1, 'MERLO'),
(20, 1, 'JUNIN'),
(21, 1, 'GUAMINI'),
(22, 1, 'LUJAN'),
(23, 1, 'LEANDRO N.ALEM'),
(24, 1, 'MATANZA'),
(25, 1, 'GENERAL PAZ'),
(26, 1, 'SAN VICENTE'),
(27, 1, 'CAÑUELAS'),
(28, 1, 'ALMIRANTE BROWN'),
(29, 1, 'CNL.DE MARINA  L.ROSALES'),
(30, 1, 'BARADERO'),
(31, 1, 'SAAVEDRA'),
(32, 1, 'BRANDSEN'),
(33, 1, 'GENERAL SARMIENTO'),
(34, 1, 'TAPALQUE'),
(35, 1, 'SALADILLO'),
(36, 1, 'MAGDALENA'),
(37, 1, 'GONZALES CHAVES'),
(38, 1, 'GENERAL PINTO'),
(39, 1, 'NAVARRO'),
(40, 1, 'DAIREAUX'),
(41, 1, 'LOBOS'),
(42, 1, 'CORONEL DORREGO'),
(43, 1, 'ADOLFO ALSINA'),
(44, 1, 'COLON'),
(45, 1, 'GENERAL ARENALES'),
(46, 1, 'LINCOLN'),
(47, 1, 'VILLARINO'),
(48, 1, 'VICENTE LOPEZ'),
(49, 1, 'BARTOLOME MITRE'),
(50, 1, 'EXALTACION DE LA CRUZ'),
(51, 1, 'SALTO'),
(52, 1, 'BRAGADO'),
(53, 1, 'ZARATE'),
(54, 1, 'AVELLANEDA'),
(55, 1, 'AYACUCHO'),
(56, 1, 'SAN ANDRES DE GILES'),
(57, 1, 'TANDIL'),
(58, 1, 'RIVADAVIA'),
(59, 1, 'PATAGONES'),
(60, 1, 'GRL.VIAMONTE'),
(61, 1, 'CNL.DE MARINA LEONARDO ROSALES'),
(62, 1, 'BALCARCE'),
(63, 1, 'TRES ARROYOS'),
(64, 1, 'GENERAL VILLEGAS'),
(65, 1, 'LOMAS DE ZAMORA'),
(66, 1, 'BERISSO'),
(67, 1, 'JUAREZ'),
(68, 1, 'GRL.PUEYRREDON'),
(69, 1, 'CORONEL SUAREZ'),
(70, 1, 'ESCOBAR'),
(71, 1, 'CARLOS CASARES'),
(72, 1, 'CHIVILCOY'),
(73, 1, 'BERAZATEGUI'),
(74, 1, 'QUILMES'),
(75, 1, 'TORQUINST'),
(76, 1, '3 DE FEBRERO'),
(77, 1, 'OLAVARRIA'),
(78, 1, 'PELLEGRINI'),
(79, 1, 'GENERAL BELGANO'),
(80, 1, 'FLORENCIO VARELA'),
(81, 1, 'SALLIQUELO'),
(82, 1, 'CNL.DE MARINA L.ROSALES'),
(83, 1, 'MAR CHIQUITA'),
(84, 1, 'GENERAL PUEYRREDON'),
(85, 1, 'CAMPANA'),
(86, 1, 'GRL.SARMIENTO'),
(87, 1, 'ROJAS'),
(88, 1, 'SARMIENTO'),
(89, 1, 'CARMEN DE ARECO'),
(90, 1, 'PILA'),
(91, 1, 'TRES DE FEBRERO'),
(92, 1, 'MORON'),
(93, 1, 'CASTELLI'),
(94, 1, 'CHACABUCO'),
(95, 1, 'GENERAL VIAMONTE'),
(96, 1, 'RAUCH'),
(97, 1, 'GENERAL BELGRANO'),
(98, 1, 'TORNQUIST'),
(99, 1, 'NECOCHEA'),
(100, 1, 'MARCOS PAZ'),
(101, 1, 'CARLOS TEJEDOR'),
(102, 1, 'SAN PEDRO'),
(103, 1, 'GENERAL ALVARADO'),
(104, 1, 'SAN NICOLAS'),
(105, 1, 'HIPOLITO YRIGOYEN'),
(106, 1, 'LAS FLORES'),
(107, 1, 'CORONEL PRINGLES'),
(108, 1, 'GENERAL SAN MARTIN'),
(109, 1, 'BENITO JUAREZ'),
(110, 1, 'SAN CAYETANO'),
(111, 1, 'ADOLFO GONZALES CHAVES'),
(112, 1, 'DOLORES'),
(113, 1, 'SAN ANTONIO'),
(114, 1, 'LOBERIA'),
(115, 1, 'RAMALLO'),
(116, 1, 'GENERAL ALVEAR'),
(117, 1, 'ENSENADA'),
(118, 1, 'TORDILLO'),
(119, 1, 'GENERAL GUIDO'),
(120, 1, 'GENERAL LAS HERAS'),
(121, 1, 'GENERAL JUAN MADARIAGA'),
(122, 1, 'GENERAL LA MADRID'),
(123, 1, 'GENERAL LAVALLE'),
(124, 1, 'GENERAL RODRIGUEZ'),
(125, 1, 'GENERAL VLLEGAS'),
(126, 1, 'ADOLFO GONZALEZ CHAVES'),
(127, 1, 'CORONEL DE MARINA L.ROSALES'),
(128, 1, 'BOLIVAR'),
(129, 1, 'SAN FERNANDO'),
(130, 1, 'CAPITAN SARMIENTO'),
(131, 1, 'ROQUE PEREZ'),
(132, 1, 'MORENO'),
(133, 1, 'LAPRIDA'),
(134, 1, 'MAIPU'),
(135, 1, 'ECHEVERRIA'),
(136, 1, 'PILAR'),
(137, 1, 'CORONEL DE MARINA L. ROSALES'),
(138, 1, 'SUIPACHA'),
(139, 1, 'SAN ANTONIO DE ARECO'),
(140, 1, 'BARAZATEGUI'),
(141, 1, 'ALSINA'),
(142, 1, 'LEANDRO N. ELEM'),
(143, 1, 'GRL.SAN MARTIN'),
(144, 1, 'CORONEL'),
(145, 2, 'CAPAYAN'),
(146, 2, 'ANDALGALA'),
(147, 2, 'EL ALTO'),
(148, 2, 'SANTA ROSA'),
(149, 2, 'ANCASTI'),
(150, 2, 'PACLIN'),
(151, 2, 'SANTA MARIA'),
(152, 2, 'TINOGASTA'),
(153, 2, 'LA PAZ'),
(154, 2, 'VALLE VIEJO'),
(155, 2, 'ANTOFAGASTA DE LA SIERRA'),
(156, 2, 'BELEN'),
(157, 2, 'CAPITAL'),
(158, 2, 'FRAY MAMERTO ESQUIU'),
(159, 2, 'POMAN'),
(160, 2, 'AMBATO'),
(161, 3, 'INDEPENDENCIA'),
(162, 3, 'SAN FERNANDO'),
(163, 3, 'PRIMERO DE MAYO'),
(164, 3, 'FRAY JUSTO SANTA MARIA DE ORO'),
(165, 3, 'SARGENTO CABRAL'),
(166, 3, 'GENERAL GUEMES'),
(167, 3, 'TAPENAGA'),
(168, 3, 'CHACABUCO'),
(169, 3, 'LIBERTADOR GRL.SAN MARTIN'),
(170, 3, '25 DE MAYO'),
(171, 3, '12 DE OCTUBRE'),
(172, 3, 'COMANDANTE FERNANDEZ'),
(173, 3, 'QUITILIPI'),
(174, 3, 'MAYOR LUIS J.FONTANA'),
(175, 3, 'LIBERTAD'),
(176, 3, 'BERMEJO'),
(177, 3, 'ALMIRANTE BROWN'),
(178, 3, 'MEYOR LUIS J.FONTANA'),
(179, 3, 'GENERAL BELGRANO'),
(180, 3, 'LIBERTADOR GRL. SAN MARTIN'),
(181, 3, 'GENERAL DONOVAN'),
(182, 3, 'SAN LORENZO'),
(183, 3, 'LEBERTADOR GRL.SAN MARTIN'),
(184, 3, 'MAIPU'),
(185, 3, 'O''HIGGINS'),
(186, 3, '9 DE JULIO'),
(187, 3, 'LIBERTADOR SAN MARTIN'),
(188, 4, 'RIO SENGUERR'),
(189, 4, 'MARTIRES'),
(190, 4, 'ESCALANTE'),
(191, 4, 'GAIMAN'),
(192, 4, 'SARMIENTO'),
(193, 4, 'CUSHAMEN'),
(194, 4, 'FLORENTINO AMEGHINO'),
(195, 4, 'PASO DE INDIOS'),
(196, 4, 'TELSEN'),
(197, 4, 'LANGUIÑEO'),
(198, 4, 'GASTRE'),
(199, 4, 'FUTALEUFU'),
(200, 4, 'TEHUELCHES'),
(201, 4, 'RAWSON'),
(202, 4, 'VIEDMA'),
(203, 5, 'RIO CUARTO'),
(204, 5, 'TOTORAL'),
(205, 5, 'COLON'),
(206, 5, 'MINAS'),
(207, 5, 'PUNILLA'),
(208, 5, 'JUAREZ CELMAN'),
(209, 5, 'MARCOS JUAREZ'),
(210, 5, 'SAN JUSTO'),
(211, 5, 'TERCERO ARRIBA'),
(212, 5, 'RIO SECO'),
(213, 5, 'CAPITAL'),
(214, 5, 'SANTA MARIA'),
(215, 5, 'SAN ALBERTO'),
(216, 5, 'UNION'),
(217, 5, 'POCHO'),
(218, 5, 'CALAMUCHITA'),
(219, 5, 'ISCHILIN'),
(220, 5, 'GENERAL SAN MARTIN'),
(221, 5, 'RIO PRIMERO'),
(222, 5, 'CRUZ DEL EJE'),
(223, 5, 'GRL.ROCA'),
(224, 5, 'GENERAL ROCA'),
(225, 5, 'SOBREMONTE'),
(226, 5, 'RIO SEGUNDO'),
(227, 5, 'TULUMBA'),
(228, 5, 'SAN JAVIER'),
(229, 5, 'PRESIDENTE ROQUE SAEZ PEÑA'),
(230, 5, 'PRESIDENTE ROQUE SAENZ PEÑA'),
(232, 5, 'CRUZ DE EJE'),
(233, 5, 'CORONEL PRINGLES'),
(234, 5, 'RIO TERCERO'),
(235, 5, 'CVALAMUCHITA'),
(236, 6, 'SAN ROQUE'),
(237, 6, 'MONTE CASEROS'),
(238, 6, 'GENERAL ALVEAR'),
(239, 6, 'CURUZU CUATIA'),
(240, 6, 'SAN MARTIN'),
(241, 6, 'MERCEDES'),
(242, 6, 'SALADAS'),
(243, 6, 'ITUZAINGO'),
(244, 6, 'BERON DE ASTRADA'),
(245, 6, 'BELLA VISTA'),
(246, 6, 'SAN LUIS DEL PALMAR'),
(247, 6, 'CAPITAL'),
(248, 6, 'LAVALLE'),
(249, 6, 'PASO DE LOS LIBRES'),
(250, 6, 'GOYA'),
(251, 6, 'EMPEDRADO'),
(252, 6, 'SAUCE'),
(253, 6, 'GENERAL PAZ'),
(254, 6, 'SANTO TOME'),
(255, 6, 'SAN MIGUEL'),
(256, 6, 'CONCEPCION'),
(257, 6, 'ESQUINA'),
(258, 6, 'SAN COSME'),
(259, 6, 'ITATI'),
(260, 6, 'MBURUCUYA'),
(261, 7, 'URUGUAY'),
(262, 7, 'NOGOYA'),
(263, 7, 'TALA'),
(264, 7, 'GUALEGUAY'),
(265, 7, 'DIAMANTE'),
(266, 7, 'PARANA'),
(267, 7, 'GUALEGUAYCHU'),
(268, 7, 'COLON'),
(269, 7, 'VICTORIA'),
(270, 7, 'VILLAGUAY'),
(271, 7, 'FELICIANO'),
(272, 7, 'CONCORDIA'),
(273, 7, 'LA PAZ'),
(274, 7, 'FEDERACION'),
(275, 7, 'FEDERAL'),
(276, 7, 'CASTELLANOS'),
(277, 8, 'PILAGAS'),
(278, 8, 'PATIÑO'),
(279, 8, 'PILCOMAYO'),
(280, 8, 'BERMEJO'),
(281, 8, 'PIRANE'),
(282, 8, 'FORMOSA'),
(283, 8, 'MATACOS'),
(284, 8, 'RAMON LISTA'),
(285, 8, 'PILLAGAS'),
(286, 8, 'LAISHI'),
(287, 9, 'LEDESMA'),
(288, 9, 'COCHINOCA'),
(289, 9, 'EL CARMEN'),
(290, 9, 'TUMBAYA'),
(291, 9, 'CAPITAL'),
(292, 9, 'YAVI'),
(293, 9, 'HUMAHUACA'),
(294, 9, 'RINCONADA'),
(295, 9, 'VALLE GRANDE'),
(296, 9, 'SUSQUES'),
(297, 9, 'SANTA CATALINA'),
(298, 9, 'SAN ANTONIO'),
(299, 9, 'SANTA BARBARA'),
(300, 9, 'SAN PEDRO'),
(301, 9, 'TILCARA'),
(302, 9, 'LADESMA'),
(303, 10, 'HUCAL'),
(304, 10, 'REALICO'),
(305, 10, 'MARA CO'),
(306, 10, 'QUEMUQUEMU'),
(307, 10, 'CHICAL CO'),
(308, 10, 'GUATRACHE'),
(309, 10, 'CAPITAL'),
(310, 10, 'CALEUCALEU'),
(311, 10, 'TRENEL'),
(312, 10, 'UTRACAN'),
(313, 10, 'ATREUCO'),
(314, 10, 'TOAY'),
(315, 10, 'CHAPADLEUFU'),
(316, 10, 'CONELO'),
(317, 10, 'PUELEN'),
(318, 10, 'RANCUL'),
(319, 10, 'QUEMU QUEMU'),
(320, 10, 'LOVENTUE'),
(321, 10, 'CONHELO'),
(322, 10, 'CATRILO'),
(323, 10, 'CHAPALEUFU'),
(324, 10, 'ULTRACAN'),
(325, 10, 'CHALILEO'),
(326, 10, 'LIHUEL CALEL'),
(327, 10, 'MARACO'),
(328, 10, 'CALEU CALEU'),
(329, 10, 'CURACO'),
(330, 10, 'LIMAY MAHUIDA'),
(331, 11, 'CASTRO BARROS'),
(332, 11, 'GENERAL SAN MARTIN'),
(333, 11, 'GENERAL LAVALLE'),
(334, 11, 'ARAUCO'),
(335, 11, 'GRAL.ANGEL V.PEÑALOZA'),
(336, 11, 'SAN BLAS DE LOS SAUCES'),
(337, 11, 'INDEPENDENCIA'),
(338, 11, 'GENERAL OCAMPO'),
(339, 11, 'CHILECITO'),
(340, 11, 'FAMATINA'),
(341, 11, 'GRL.JUAN FACUNDO QUIROGA'),
(342, 11, 'GRL.ANGEL V. PEÑALOZA'),
(343, 11, 'GENERAL BELGRANO'),
(344, 11, 'GENERAL SARMIENTO'),
(345, 11, 'CAPITAL'),
(346, 11, 'GDOR. GORDILLO'),
(347, 11, 'GENERAL ANGEL VICENTE PEÑALOZA'),
(348, 11, 'GOBERNADOR GORDILLO'),
(349, 11, 'ROSARIO VERA PEÑALOZA'),
(350, 11, 'GRL.SAN MARTIN'),
(351, 11, 'GENERAL LA MADRID'),
(352, 11, 'GENERAL JUAN FACUNDO QUIROGA'),
(353, 11, 'GENERALOCAMPO'),
(354, 11, 'SANAGASTA'),
(355, 12, 'SAN RAFAEL'),
(356, 12, 'LUJAN'),
(357, 12, 'MALARGUE'),
(358, 12, 'GUAYMALLEN'),
(359, 12, 'LAVALLE'),
(360, 12, 'JUNIN'),
(361, 12, 'TUPUNGATO'),
(362, 12, 'RIVADAVIA'),
(363, 12, 'MAIPU'),
(364, 12, 'GODOY CRUZ'),
(365, 12, 'GENERAL ALVEAR'),
(366, 12, 'LA PAZ'),
(367, 12, 'TUNUYAN'),
(368, 12, 'SAN CARLOS'),
(369, 12, 'LAS HERAS'),
(370, 12, 'LUJAN DE CUYO'),
(371, 12, 'SAN MARTIN'),
(372, 12, 'SANTA ROSA'),
(373, 12, 'CAPITAL'),
(374, 13, '25 DE MAYO'),
(375, 13, 'IGUAZU'),
(376, 13, 'EL DORADO'),
(377, 13, 'LEANDRO N. ALEM'),
(378, 13, 'APOSTOLES'),
(379, 13, 'CAINGUAS'),
(380, 13, 'LEANDRO N.ALEM'),
(381, 13, 'CONCEPCION'),
(382, 13, 'SAN PEDRO'),
(383, 13, 'CANDELARIA'),
(384, 13, 'GRL.MANUEL BELGRANO'),
(385, 13, 'OBERA'),
(386, 13, 'LIBERTADOR GRL.SAN MARTIN'),
(387, 13, 'SAN IGNACIO'),
(388, 13, 'MONTECARLO'),
(389, 13, 'GENERAL MANUEL BELGRANO'),
(390, 13, 'LEBERTADOR GRL.SAN MARTIN'),
(391, 13, 'EL GUARANI'),
(392, 13, 'ELDORADO'),
(393, 13, 'CAPITAL'),
(394, 13, 'GUARANI'),
(395, 13, 'SAN JAVIER'),
(396, 13, 'LIBERTADOR GRL. SAN MARTIN'),
(397, 14, 'COLLON CURA'),
(398, 14, 'ALUMINE'),
(399, 14, 'MINAS'),
(400, 14, 'AÑELO'),
(401, 14, 'CONFLUENCIA'),
(402, 14, 'CHOS MALAL'),
(403, 14, 'PICUNCHES'),
(404, 14, 'NORQUIN'),
(405, 14, 'PEHUENCHES'),
(406, 14, 'LONCOPUE'),
(407, 14, 'HUILICHES'),
(408, 14, 'ZAPALA'),
(409, 14, 'CATAN LIL'),
(410, 14, 'ÑORQUIN'),
(411, 14, 'LOS LAGOS'),
(412, 14, 'PICUN LEUFU'),
(413, 14, 'LACAR'),
(414, 14, 'ÑOEQUIN'),
(415, 15, 'VALCHETA'),
(416, 15, '25 DE MAYO'),
(417, 15, 'EL CUY'),
(418, 15, 'ÑORQUINCO'),
(419, 15, 'GENERAL ROCA'),
(420, 15, 'AVELLANEDA'),
(421, 15, 'CONESA'),
(422, 15, 'PICHI MAHUIDA'),
(423, 15, 'SAN ANTONIO'),
(424, 15, 'PILCANIYEU'),
(425, 15, '9 DE JULIO'),
(426, 15, 'ADOLFO ALSINA'),
(427, 15, 'BARILOCHE'),
(428, 15, 'PIHI MAHUIDA'),
(429, 16, 'LA VIÑA'),
(430, 16, 'SAN MARTIN'),
(431, 16, 'ORAN'),
(432, 16, 'ANTA'),
(433, 16, 'GRAL.JOSE DE SAN MARTIN'),
(434, 16, 'GUACHIPAS'),
(435, 16, 'ROSARIO DE LA FRONTERA'),
(436, 16, 'RIVADAVIA'),
(437, 16, 'METAN'),
(438, 16, 'SAN CARLOS'),
(439, 16, 'GRL.GUEMES'),
(440, 16, 'CACHI'),
(441, 16, 'ROSARIO DE LERMA'),
(442, 16, 'CAFAYATE'),
(443, 16, 'LOS ANDES'),
(444, 16, 'GRL.JOSE DE SAN MARTIN'),
(445, 16, 'CAPITAL'),
(446, 16, 'GRL.SAN MARTIN'),
(447, 16, 'GENERAL GUEMES'),
(448, 16, 'CERRILLOS'),
(449, 16, 'CHICOANA'),
(450, 16, 'LA POMA'),
(451, 16, 'LA CAPITAL'),
(452, 16, 'CANDELARIA'),
(453, 16, 'ROSARIO'),
(454, 16, 'IRUYA'),
(455, 16, 'LA CALDERA'),
(456, 16, 'LOA ANDES'),
(457, 16, 'MOLINOS'),
(458, 16, 'SANTA VICTORIA'),
(459, 17, '9 DE JULIO'),
(460, 17, 'JACHAL'),
(461, 17, 'ALBARDON'),
(462, 17, '25 DE MAYO'),
(463, 17, 'SANTA LUCIA'),
(464, 17, 'ANGACO'),
(465, 17, 'IGLESIA'),
(466, 17, 'VALLE FERTIL'),
(467, 17, 'CALINGASTA'),
(468, 17, 'RIVADAVIA'),
(469, 17, 'CAUCETE'),
(470, 17, 'SARMIENTO'),
(471, 17, 'POCITO'),
(472, 17, 'SAN MARTIN'),
(473, 17, 'CHIMBAS'),
(474, 17, 'IGLESIAS'),
(475, 17, 'ULLUN'),
(476, 17, 'RAWSON'),
(477, 17, 'CAPITAL'),
(478, 17, 'ZONDA'),
(479, 18, 'BELGRANO'),
(480, 18, 'CHACABUCO'),
(481, 18, 'LA CAPITAL'),
(482, 18, 'GOBERNADOR DUPUY'),
(483, 18, 'GRL.PEDERNERA'),
(484, 18, 'AYACUCHO'),
(485, 18, 'JUNIN'),
(486, 18, 'GONERNADOR DUPUY'),
(487, 18, 'CORONEL PRINGLES'),
(488, 18, 'GENERAL PEDERNERA'),
(489, 18, 'GOBERNADOR DUVAL'),
(490, 18, 'IGLESIA'),
(491, 18, 'LIBERTADOR GRL. SAN MARTIN'),
(492, 18, 'LIBERTADOR GRL.SAN MARTIN'),
(493, 18, 'LIBERTADOR GR.SAN MARTIN'),
(494, 18, 'CAUCETE'),
(495, 19, 'GUER AIKE'),
(496, 19, 'DESEADO'),
(497, 19, 'RIO CHICO'),
(498, 19, 'MAGALLANES'),
(499, 19, 'LAGO ARGENTINO'),
(500, 19, 'CORPEN AIKE'),
(501, 19, 'LAGO BUENOS AIRES'),
(502, 20, 'GENERAL LOPEZ'),
(503, 20, 'ROSARIO'),
(504, 20, 'GENERAL OBLIGADO'),
(505, 20, 'CONSTITUCION'),
(506, 20, 'SAN LORENZO'),
(507, 20, 'SAN JAVIER'),
(508, 20, 'LA CAPITAL'),
(509, 20, 'SAN CRISTOBAL'),
(510, 20, 'IRIONDO'),
(511, 20, 'CASTELLANOS'),
(512, 20, 'NUEVE DE JULIO'),
(513, 20, 'CASEROS'),
(514, 20, 'SAN JERONIMO'),
(515, 20, 'BELGRANO'),
(516, 20, 'CAPITAL'),
(517, 20, 'SAN JUSTO'),
(518, 20, 'GRL.OBLIGADO'),
(519, 20, 'LA CAPUTAL'),
(520, 20, 'GRL.LOPEZ'),
(521, 20, 'VERA'),
(522, 20, '9 DE JULIO'),
(523, 20, 'SAN MARTIN'),
(524, 20, 'LAS COLONIAS'),
(525, 20, 'GARAY'),
(526, 20, 'CASTELANOS'),
(527, 20, 'LAS COLINAS'),
(528, 21, 'BANDA'),
(529, 21, 'MORENO'),
(530, 21, 'ALBERDI'),
(531, 21, 'PELLEGRINI'),
(532, 21, 'OJO DE AGUA'),
(533, 21, 'RIO HONDO'),
(534, 21, 'GENERAL TABOADA'),
(535, 21, 'CHOYA'),
(536, 21, 'CAPITAL'),
(537, 21, 'AGUIRRE'),
(538, 21, 'SILIPICA'),
(539, 21, 'BELGRANO'),
(540, 21, 'FIGUEROA'),
(541, 21, 'SALAVINA'),
(542, 21, 'QUEBRACHOS'),
(543, 21, 'ROBLES'),
(544, 21, 'AVELLANEDA'),
(545, 21, 'JIMENEZ'),
(546, 21, 'ATAMISQUI'),
(547, 21, 'SAN MARTIN'),
(548, 21, 'MATARA'),
(549, 21, 'SALAYINA'),
(550, 21, 'GUASAYAN'),
(551, 21, 'COPO'),
(552, 21, 'BRIGADIER JUAN FELIPE IBARRA'),
(553, 21, 'DOBLES'),
(554, 21, 'SARMIENTO'),
(555, 21, 'LORETO'),
(556, 21, 'MITRE'),
(557, 21, 'RIVADAVIA'),
(558, 22, 'USHUAIA'),
(559, 22, 'ISLAS DEL ATLANTICO SUR'),
(560, 22, 'SECTOR ANTARTICO ARGENTINO'),
(561, 22, 'RIO GRANDE'),
(562, 22, 'IS.DEL ATLANTICO SUR E IS.MALVINAS'),
(563, 22, 'ANTARTIDA ARGENTINA'),
(564, 23, 'BURRUYACU'),
(565, 23, 'TRANCAS'),
(566, 23, 'MONTEROS'),
(567, 23, 'LEALES'),
(568, 23, 'CRUZ ALTA'),
(569, 23, 'RIO CHICO'),
(570, 23, 'CHICLIGASTA'),
(571, 23, 'TAFI'),
(572, 23, 'GRANEROS'),
(573, 23, 'FAMAILLA'),
(574, 23, 'CAPITAL');

-- --------------------------------------------------------

--
-- Estructura de tabla para la tabla `lista_mails`
--

CREATE TABLE IF NOT EXISTS `lista_mails` (
  `id` int(11) NOT NULL AUTO_INCREMENT,
  `descripcion` varchar(20) NOT NULL,
  `mail` varchar(50) NOT NULL,
  PRIMARY KEY (`id`)
) ENGINE=InnoDB  DEFAULT CHARSET=latin1 AUTO_INCREMENT=6 ;

--
-- Volcado de datos para la tabla `lista_mails`
--

INSERT INTO `lista_mails` (`id`, `descripcion`, `mail`) VALUES
(1, 'PFA', 'juan.guzman@minseg.gob.ar'),
(2, 'GENDARMERIA', 'erica.molina@minseg.gob.ar'),
(3, 'PSA', 'juan.guzman@minseg.gob.ar'),
(4, 'PREFECTURA ', 'juan.guzman@minseg.gob.ar'),
(5, 'OTRO', 'juan.guzman@minseg.gob.ar');

-- --------------------------------------------------------

--
-- Estructura de tabla para la tabla `localidades`
--

CREATE TABLE IF NOT EXISTS `localidades` (
  `id` int(4) NOT NULL,
  `departamento_id` int(3) NOT NULL,
  `descripcion` varchar(100) NOT NULL,
  PRIMARY KEY (`id`)
) ENGINE=InnoDB DEFAULT CHARSET=utf8;

--
-- Volcado de datos para la tabla `localidades`
--

INSERT INTO `localidades` (`id`, `departamento_id`, `descripcion`) VALUES
(1, 1, '16 DE JULIO'),
(2, 2, '17 DE AGOSTO'),
(3, 3, '20 DE JUNIO'),
(4, 4, '20 DE JUNIO ,AP.'),
(5, 5, '25 DE MAYO'),
(6, 6, '30 DE AGOSTO'),
(7, 7, '9 DE JULIO'),
(8, 8, 'A.A.FERNANDEZ ,AP.'),
(9, 9, 'A.F.ORMA ,PDA.'),
(10, 9, 'ABASTO'),
(11, 10, 'ABBOT'),
(12, 11, 'ABEL'),
(13, 12, 'ACASSUSO'),
(14, 13, 'ACEVEDO'),
(15, 14, 'ACHUPALLAS'),
(16, 15, 'ADELA'),
(17, 16, 'AEROPUERTO EZEIZA'),
(18, 17, 'AGOTE'),
(19, 18, 'AGUARA ,EST.'),
(20, 19, 'AGUSTIN FERRARI ,PDA.'),
(21, 20, 'AGUSTIN ROCA'),
(22, 20, 'AGUSTINA'),
(23, 11, 'ALAGON'),
(24, 21, 'ALAMOS'),
(25, 22, 'ALASTUEY'),
(26, 11, 'ALBARIÑO'),
(27, 23, 'ALBERDI VIEJO'),
(28, 14, 'ALBERTI ,EST. ANDRES VACCAREZZA'),
(29, 18, 'ALDEA ROMANA'),
(30, 24, 'ALDO BONZI'),
(31, 25, 'ALEGRE'),
(32, 26, 'ALEJANDRO KORN'),
(33, 27, 'ALEJANDRO PETION ,AP.'),
(34, 18, 'ALFEREZ SAN MARTIN'),
(35, 7, 'ALFREDO DEMARCHI ,EST. QUIROGA'),
(36, 28, 'ALMIRANTE BROWN ,EST. ADROGUE'),
(37, 29, 'ALMIRANTE SOLIER'),
(38, 30, 'ALSINA'),
(39, 31, 'ALTA VISTA'),
(40, 17, 'ALTAMIRA'),
(41, 32, 'ALTAMIRANO'),
(42, 33, 'ALTIMPERGHER ,AP.'),
(43, 34, 'ALTONA'),
(44, 35, 'ALVAREZ DE TOLEDO'),
(45, 36, 'ALVAREZ JONTE'),
(46, 37, 'ALZAGA'),
(47, 7, 'AMALIA'),
(48, 38, 'AMEGHINO'),
(49, 39, 'ANASAGASTI'),
(50, 11, 'ANCON ,EST.'),
(51, 40, 'ANDAT'),
(52, 5, 'ANDERSON'),
(53, 9, 'ANGEL ECHEVERRY'),
(54, 41, 'ANTONIO CARBONI'),
(55, 42, 'APARICIO'),
(56, 9, 'ARANA'),
(57, 43, 'ARANO'),
(58, 5, 'ARAUJO'),
(59, 40, 'ARBOLEDAS'),
(60, 44, 'ARBOLITO'),
(61, 45, 'ARENALES ,EST.'),
(62, 46, 'ARENAZA'),
(63, 47, 'ARGERICH'),
(64, 1, 'ARIEL'),
(65, 48, 'ARISTOBULO DEL VALLE ,EST.'),
(66, 49, 'ARRECIFES'),
(67, 45, 'ARRIBEÑOS'),
(68, 31, 'ARROYO CORTO'),
(69, 50, 'ARROYO DE LA CRUZ'),
(70, 1, 'ARROYO DE LOS HUESOS'),
(71, 13, 'ARROYO DEL MEDIO'),
(72, 51, 'ARROYO DULCE'),
(73, 21, 'ARROYO VENADO'),
(74, 9, 'ARTURO SEGUI'),
(75, 43, 'ARTURO VATTEONE ,EST'),
(76, 52, 'ASAMBLEA'),
(77, 45, 'ASCENSION'),
(78, 11, 'ASTURIAS'),
(79, 36, 'ATALAYA'),
(80, 15, 'ATILIO PESSAGNO'),
(81, 53, 'ATUCHA'),
(82, 54, 'AVELLANEDA'),
(83, 43, 'AVESTRUZ'),
(84, 55, 'AYACUCHO'),
(85, 56, 'AZCUENAGA'),
(86, 2, 'AZOPARDO'),
(87, 57, 'AZUCENA'),
(88, 1, 'AZUL'),
(89, 7, 'BACACAY'),
(90, 12, 'BACCAR'),
(91, 58, 'BADANO'),
(92, 18, 'BAHIA BLANCA'),
(93, 59, 'BAHIA SAN BLAS'),
(94, 60, 'BAIGORRITA'),
(95, 61, 'BAJO HONDO'),
(96, 62, 'BALCARCE'),
(97, 63, 'BALNEARIO ORENSE'),
(98, 42, 'BALNEARIO ORIENTE'),
(99, 61, 'BALNEARIO PEHUEN-CO'),
(100, 46, 'BALSA'),
(101, 4, 'BANCALARI ,AP.'),
(102, 64, 'BANDERALO'),
(103, 65, 'BANFIELD'),
(104, 30, 'BARADERO'),
(105, 66, 'BARISSO'),
(106, 67, 'BARKER'),
(107, 68, 'BARRIO COLONIA ALEGRE'),
(108, 68, 'BARRIO EL RETAZO'),
(109, 68, 'BARRIO SAN PATRICIO'),
(110, 63, 'BARROW'),
(111, 36, 'BARTOLOME BAVIO'),
(112, 48, 'BARTOLOME MITRE ,EST.'),
(113, 68, 'BATAN'),
(114, 69, 'BATHURST'),
(115, 14, 'BAUDRIX'),
(116, 46, 'BAYAUCA'),
(117, 70, 'BELEN DE ESCOBAR'),
(118, 33, 'BELLA VISTA ,EST.TTE.GRL.RICCHIERI'),
(119, 71, 'BELLOCO'),
(120, 4, 'BENAVIDEZ'),
(121, 72, 'BENITEZ'),
(122, 73, 'BERAZATEGUI'),
(123, 51, 'BERDIER'),
(124, 46, 'BERMUDEZ'),
(125, 74, 'BERNAL'),
(126, 75, 'BERRAONDO'),
(127, 6, 'BERUTTI'),
(128, 76, 'BILLINGHURST'),
(129, 77, 'BLANCA GRANDE'),
(130, 20, 'BLANDENGUES'),
(131, 38, 'BLAQUIER'),
(132, 5, 'BLAS DURAÑONA'),
(133, 4, 'BOCA DEL TORO'),
(134, 78, 'BOCAYUVA'),
(135, 79, 'BONNEMENT ,AP.'),
(136, 2, 'BORDENAVE'),
(137, 18, 'BORDEU'),
(138, 48, 'BORGES ,EST.'),
(139, 62, 'BOSCH'),
(140, 80, 'BOSQUES'),
(141, 12, 'BOULOGNE'),
(142, 52, 'BRAGADO'),
(143, 32, 'BRANDSEN ,EST.CNL.BRANDSEN'),
(144, 9, 'BUCHANAN'),
(145, 28, 'BURZACO'),
(146, 18, 'CABILDO'),
(147, 1, 'CACHARI'),
(148, 71, 'CADRET'),
(149, 81, 'CAIOMUTA'),
(150, 82, 'CALDERON'),
(151, 83, 'CALFUCURA'),
(152, 42, 'CALVO'),
(153, 7, 'CAMBACERES'),
(154, 84, 'CAMET'),
(155, 85, 'CAMPANA'),
(156, 86, 'CAMPO DE MAYO'),
(157, 1, 'CAMPODONICO'),
(158, 87, 'CAN, ROBERTO'),
(159, 43, 'CAÑADA MARIANO ,AP.'),
(160, 64, 'CAÑADA SECA'),
(161, 4, 'CANAL SAN FERNANDO ,EST.'),
(162, 55, 'CANGALLO'),
(163, 16, 'CANNING'),
(164, 43, 'CANONIGO GORRITI'),
(165, 27, 'CAÑUELAS'),
(166, 50, 'CAPILLA DEL SEÑOR ,EST.CAPILLA'),
(167, 11, 'CAPITAN CASTRO'),
(168, 88, 'CAPITAN SARMIENTO'),
(169, 87, 'CARABELAS'),
(170, 48, 'CARAPACHAY'),
(171, 41, 'CARBONI, ANTONIO'),
(172, 59, 'CARDENAL CAGLIERO'),
(173, 43, 'CARHUE'),
(174, 89, 'CARMEN DE ARECO'),
(175, 90, 'CASALINS'),
(176, 3, 'CASANOVA, ISIDRO'),
(177, 71, 'CASARES, CARLOS'),
(178, 27, 'CASARES, VICENTE'),
(179, 59, 'CASAS, JOSE B.'),
(180, 21, 'CASBAS'),
(181, 69, 'CASCADA'),
(182, 63, 'CASCALLARES, MICAELA'),
(183, 91, 'CASEROS'),
(184, 21, 'CASEY'),
(185, 92, 'CASTELAR'),
(186, 93, 'CASTELLI'),
(187, 94, 'CASTILLA'),
(188, 3, 'CASTILLO, RAFAEL'),
(189, 35, 'CAZON'),
(190, 73, 'CENTRO AGRICOLA EL PATO ,AP.'),
(191, 58, 'CERRITO'),
(192, 94, 'CHACABUCO'),
(193, 95, 'CHANCAY'),
(194, 84, 'CHAPADMALAL'),
(195, 96, 'CHAPALEUFU'),
(196, 97, 'CHAS'),
(197, 15, 'CHASCOMUS'),
(198, 98, 'CHASICO'),
(199, 50, 'CHENAUT'),
(200, 11, 'CHICLANA'),
(201, 1, 'CHILLAR'),
(202, 72, 'CHIVILCOY'),
(203, 98, 'CHOIQUE'),
(204, 9, 'CIRCUNVALACION ,EST.'),
(205, 9, 'CITY BELL'),
(206, 3, 'CIUDAD GRL.MARTIN MIGUEL DE GUEMES'),
(207, 91, 'CIUDADELA'),
(208, 99, 'CLARAZ'),
(209, 63, 'CLAROMECO'),
(210, 28, 'CLAYPOLE'),
(211, 83, 'COBO'),
(212, 15, 'COBO, MANUEL J.,EST.LEZAMA'),
(213, 18, 'COCHRANE'),
(214, 94, 'COLIQUEO'),
(215, 96, 'COLMAN, MARTIN'),
(216, 44, 'COLON'),
(217, 100, 'COLONIA HOGAR RICARDO GUTIERREZ'),
(218, 43, 'COLONIA SAN MIGUEL ARCANGEL'),
(219, 101, 'COLONIA SERE'),
(220, 102, 'COLONIA VELAZ'),
(221, 15, 'COMANDANTE GIRIBONE'),
(222, 103, 'COMANDANTE NICANOR OTAMENDI'),
(223, 52, 'COMODORO PY'),
(224, 104, 'CONESA'),
(225, 63, 'COPETONAS'),
(226, 105, 'CORACEROS ,EST.'),
(227, 6, 'CORAZZI'),
(228, 7, 'CORBETT'),
(229, 91, 'CORONADO, MARTIN'),
(230, 106, 'CORONEL BOERR'),
(231, 32, 'CORONEL BRANDSEN'),
(232, 64, 'CORONEL CHARLONE'),
(233, 42, 'CORONEL DORREGO'),
(234, 107, 'CORONEL FALCON'),
(235, 38, 'CORONEL GRANADA'),
(236, 40, 'CORONEL MARCELINO FRYRE'),
(237, 46, 'CORONEL MARTINEZ DE HOZ'),
(238, 108, 'CORONEL MARTINIANO CHILAVERT ,PDA.'),
(239, 14, 'CORONEL MOM'),
(240, 107, 'CORONEL PRINGLES ,EST.PRINGLES'),
(241, 109, 'CORONEL RODOLFO BUNGE'),
(242, 69, 'CORONEL SUAREZ'),
(243, 83, 'CORONEL VIDAL'),
(244, 9, 'CORREAS, IGNACIO'),
(245, 18, 'CORTI'),
(246, 38, 'COSTA, EDUARDO'),
(247, 34, 'COVELLO'),
(248, 110, 'CRISTIANO MUERTO'),
(249, 34, 'CROTO'),
(250, 69, 'CURA MALAL'),
(251, 101, 'CURARU'),
(252, 69, 'D ORBIGNY'),
(253, 40, 'DAIREAUX'),
(254, 2, 'DARREGUEIRA'),
(255, 78, 'DE BARY'),
(256, 3, 'DE ELIA, AGUSTIN ,AP.'),
(257, 57, 'DE LA CANAL'),
(258, 111, 'DE LA GARMA'),
(259, 21, 'DE LA PLAZA, VICTORINO'),
(260, 5, 'DE LA RIESTRA, NORBERTO'),
(261, 101, 'DE LUCA, ESTEBAN'),
(262, 6, 'DE VICTORIA, FRANCISCO'),
(263, 110, 'DEFFERRARI'),
(264, 35, 'DEL CARRIL'),
(265, 5, 'DEL VALLE'),
(266, 48, 'DEL VALLE,ARISTOBULO ,EST.'),
(267, 33, 'DEL VISO'),
(268, 4, 'DELTA ,EST.'),
(269, 7, 'DENNEHY'),
(270, 42, 'DESCALZI, NICOLAS'),
(271, 4, 'DIQUE LUJAN'),
(272, 106, 'DOCTOR DOMINGO HAROSTEGUY'),
(273, 73, 'DOCTOR RICARDO LEVENE ,EST.'),
(274, 112, 'DOLORES'),
(275, 26, 'DOMSELAAR'),
(276, 74, 'DON BOSCO'),
(277, 15, 'DON CIPRIANO'),
(278, 4, 'DON TORCUATO'),
(279, 38, 'DOS HERMANOS'),
(280, 102, 'DOYLE'),
(281, 64, 'DRABBLE'),
(282, 101, 'DRYSDALE'),
(283, 31, 'DUCOS'),
(284, 7, 'DUDIGNAC'),
(285, 31, 'DUFAUR'),
(286, 113, 'DUGGAN'),
(287, 6, 'DUHAU'),
(288, 77, 'DURAÑONA'),
(289, 38, 'DUSSAUD ,EST.'),
(290, 96, 'EGAÑA'),
(291, 44, 'EL ARBOLITO'),
(292, 64, 'EL DIA'),
(293, 107, 'EL DIVISORIO'),
(294, 23, 'EL DORADO'),
(295, 114, 'EL LENGUARAZ'),
(296, 114, 'EL MORO'),
(297, 92, 'EL PALOMAR'),
(298, 115, 'EL PARAISO'),
(299, 107, 'EL PENSAMIENTO'),
(300, 38, 'EL PEREGRINO'),
(301, 4, 'EL TALAR'),
(302, 7, 'EL TEJAR'),
(303, 106, 'EL TRIGO'),
(304, 46, 'EL TRIUNFO'),
(305, 42, 'EL ZORRO'),
(306, 9, 'ELIZALDE, RUFINO DE'),
(307, 64, 'ELORDI'),
(308, 41, 'ELVIRA'),
(309, 116, 'EMMA'),
(310, 101, 'ENCINA'),
(311, 99, 'ENERGIA'),
(312, 117, 'ENSENADA'),
(313, 43, 'EPUMER ,EST.YUTUYACO'),
(314, 53, 'ESCALADA'),
(315, 8, 'ESCALADA, REMEDIOS DE'),
(316, 70, 'ESCOBAR, BELEN DE ,EST.ESCOBAR'),
(317, 15, 'ESCRIBANO, PEDRO N.'),
(318, 31, 'ESPARTILLAR'),
(319, 77, 'ESPIGAS'),
(320, 56, 'ESPORA'),
(321, 9, 'ESQUINA NEGRA'),
(322, 2, 'ESTELA'),
(323, 35, 'ESTHER'),
(324, 75, 'ESTOMBA'),
(325, 106, 'ESTRUGAMOU'),
(326, 9, 'ETCHEVERRY, ANGEL'),
(327, 16, 'EZEIZA, JOSE MARIA'),
(328, 74, 'EZPELETA'),
(329, 55, 'FAIR'),
(330, 42, 'FARO'),
(331, 7, 'FAUZON'),
(332, 8, 'FERNANDEZ, A.A.,PDA.'),
(333, 99, 'FERNANDEZ, JUAN N.'),
(334, 19, 'FERRARI, AGUSTIN ,PDA.'),
(335, 36, 'FERRARI, JOSE'),
(336, 45, 'FERRE'),
(337, 65, 'FIORITO'),
(338, 80, 'FLORENCIO VARELA'),
(339, 48, 'FLORIDA'),
(340, 48, 'FLORIDA'),
(341, 109, 'FORTABAT, ALFREDO ,EST.'),
(342, 23, 'FORTIN ACHA'),
(343, 58, 'FORTIN OLAVARRIA'),
(344, 20, 'FORTIN TIBURCIO'),
(345, 46, 'FORTIN VIGILANCIA'),
(346, 7, 'FRENCH'),
(347, 57, 'FULTON'),
(348, 51, 'GAHAN'),
(349, 9, 'GAMBIER ,EST.'),
(350, 11, 'GAMEN, PEDRO'),
(351, 15, 'GANDARA'),
(352, 75, 'GARCIA DEL RIO'),
(353, 17, 'GARCIA, MANUEL J.'),
(354, 57, 'GARDEY'),
(355, 70, 'GARIN'),
(356, 21, 'GARRE'),
(357, 43, 'GASCON, ESTEBAN AGUSTIN'),
(358, 116, 'GENERAL ALVEAR'),
(359, 45, 'GENERAL ARENALES ,EST.ARENALES'),
(360, 97, 'GENERAL BELGRANO'),
(361, 118, 'GENERAL CONESA'),
(362, 18, 'GENERAL DANIEL CERRI ,EST.GRL.CERRI'),
(363, 119, 'GENERAL GUIDO'),
(364, 120, 'GENERAL HORNOS'),
(365, 121, 'GENERAL JUAN MADARIAGA ,EST.G.MADARIAGA'),
(366, 122, 'GENERAL LA MADRID'),
(367, 120, 'GENERAL LAS HERAS ,EST.LAS HERAS'),
(368, 123, 'GENERAL LAVALLE'),
(369, 36, 'GENERAL MANSILLA ,EST.BARTOLOME BAVIO'),
(370, 52, 'GENERAL O''BRIEN'),
(371, 4, 'GENERAL PACHECO'),
(372, 38, 'GENERAL PINTO'),
(373, 83, 'GENERAL PIRAN'),
(374, 124, 'GENERAL RODRIGUEZ'),
(375, 104, 'GENERAL ROJO'),
(376, 2, 'GENERAL RONDEAU'),
(377, 108, 'GENERAL SAN MARTIN ,EST.SAN MARTIN'),
(378, 95, 'GENERAL VIAMONTE ,EST.LOS TOLDOS'),
(379, 64, 'GENERAL VILLEGAS'),
(380, 54, 'GERLI'),
(381, 38, 'GERMANIA ,EST.MAYOR ORELLANO'),
(382, 42, 'GIL'),
(383, 6, 'GIRODIAS'),
(384, 11, 'GIRONDO'),
(385, 28, 'GLEW'),
(386, 11, 'GNECCO'),
(387, 71, 'GOBERNADOR ARIAS'),
(388, 102, 'GOBERNADOR CASTRO'),
(389, 9, 'GOBERNADOR EDUARDO ARANA ,AP.'),
(390, 9, 'GOBERNADOR LUIS GARCIA ,AP.'),
(391, 80, 'GOBERNADOR MONTEVERDE'),
(392, 27, 'GOBERNADOR UDAONDO'),
(393, 5, 'GOBERNADOR UGARTE'),
(394, 58, 'GOMEZ, VALENTIN'),
(395, 125, 'GONDRA'),
(396, 9, 'GONNET, MANUEL B.'),
(397, 3, 'GONZALEZ CATAN'),
(398, 126, 'GONZALEZ CHAVES, ADOLFO ,EST.G.CHAVES'),
(399, 58, 'GONZALEZ MORENO'),
(400, 97, 'GORCHS'),
(401, 9, 'GORINA, JOAQUIN'),
(402, 72, 'GOROSTIAGA'),
(403, 89, 'GOUIN'),
(404, 31, 'GOYENA'),
(405, 10, 'GOYENECHE'),
(406, 81, 'GRACIARENA'),
(407, 33, 'GRAND BOURG'),
(408, 109, 'GRAVIÑA, RICARDO'),
(409, 18, 'GRUNBEIN'),
(410, 127, 'GRUNBEIN ,EST.EMP.'),
(411, 21, 'GUAMINI'),
(412, 11, 'GUANACO'),
(413, 26, 'GUERNICA'),
(414, 93, 'GUERRERO'),
(415, 13, 'GUERRICO'),
(416, 16, 'GUILLON, LUIS'),
(417, 42, 'GUISASOLA,JOSE A.'),
(418, 38, 'GUNTHER'),
(419, 73, 'GUTIERREZ, JUAN M.'),
(420, 92, 'HAEDO'),
(421, 128, 'HALE'),
(422, 56, 'HEAVY'),
(423, 105, 'HENDERSON'),
(424, 101, 'HEREFORD'),
(425, 9, 'HERNANDEZ, JOSE'),
(426, 105, 'HERRERA VEGAS'),
(427, 77, 'HINOJO'),
(428, 71, 'HIRSCH, MAURICIO'),
(429, 71, 'HORTENSIA'),
(430, 69, 'HUANGUELEN'),
(431, 73, 'HUDSON, GUILLERMO E.'),
(432, 43, 'HUERGO,DELFIN'),
(433, 5, 'HUETEL'),
(434, 87, 'HUNTER'),
(435, 92, 'HURLINGHAM'),
(436, 101, 'HUSARES'),
(437, 97, 'IBAÑEZ'),
(438, 128, 'IBARRA,JUAN F.'),
(439, 59, 'IGARZABAL'),
(440, 51, 'INDART, INES'),
(441, 107, 'INDIO RICO'),
(442, 9, 'INGENIERO ANDRES VILLANUEVA ,AP.'),
(443, 38, 'INGENIERO BALBIN'),
(444, 101, 'INGENIERO BEAUGEY'),
(445, 65, 'INGENIERO BUNGE'),
(446, 80, 'INGENIERO JUAN ALLAN'),
(447, 70, 'INGENIERO MASCHWITZ'),
(448, 102, 'INGENIERO MONETA'),
(449, 33, 'INGENIERO PABLO NOGUES'),
(450, 3, 'INGENIERO SANTIAGO BRIAN ,AP.'),
(451, 78, 'INGENIERO THOMPSON'),
(452, 18, 'INGENIERO WIHTE'),
(453, 39, 'INGENIERO WILLIAMS'),
(454, 121, 'INVERNADAS'),
(455, 52, 'IRALA'),
(456, 57, 'IRAOLA'),
(457, 42, 'IRENE'),
(458, 38, 'IRIARTE'),
(459, 5, 'ISLAS'),
(460, 77, 'ITURREGUI'),
(461, 92, 'ITUZAINGO'),
(462, 32, 'JEPPENER'),
(463, 17, 'JOFRE, TOMAS'),
(464, 121, 'JUANCHO'),
(465, 109, 'JUAREZ, BENITO ,EST.JUAREZ'),
(466, 20, 'JUNIN'),
(467, 3, 'JUSTO VILLEGAS ,PDA.'),
(468, 48, 'JUSTO, JUAN B. ,PDA.'),
(469, 18, 'KILOMERO 8 ,AP.'),
(470, 3, 'KILOMETRO 12 ,AP.'),
(471, 129, 'KILOMETRO 17 ,PDA.'),
(472, 92, 'KILOMETRO 19 ,AP.'),
(473, 80, 'KILOMETRO 27 ,AP.'),
(474, 65, 'KILOMETRO 34 ,AP.'),
(475, 80, 'KILOMETRO 36 ,AP.'),
(476, 80, 'KILOMETRO 40 ,AP.'),
(477, 4, 'KILOMETRO 40 ,AP.'),
(478, 100, 'KILOMETRO 45 ,AP.'),
(479, 70, 'KILOMETRO 48 ,AP.'),
(480, 100, 'KILOMETRO 53 ,AP.'),
(481, 117, 'KILOMETRO 54 ,PDA.'),
(482, 100, 'KILOMETRO 55 ,AP.'),
(483, 127, 'KILOMETRO 641 ,PDA.'),
(484, 18, 'KILOMETRO 9 ,AP.'),
(485, 26, 'KORN, ALEJANDRO'),
(486, 107, 'KRABBE'),
(487, 45, 'LA ANGELITA'),
(488, 35, 'LA BARRANCOSA'),
(489, 87, 'LA BEBA'),
(490, 6, 'LA CARRETA'),
(491, 122, 'LA COLINA'),
(492, 55, 'LA CONSTANCIA ,AP.KILOMETRO 360'),
(493, 40, 'LA COPETA ,EST.'),
(494, 9, 'LA CUMBRE ,PDA.'),
(495, 95, 'LA DELFINA'),
(496, 71, 'LA DORITA'),
(497, 104, 'LA EMILIA'),
(498, 51, 'LA INVENCIBLE'),
(499, 40, 'LA LARGA'),
(500, 52, 'LA LIMPIA'),
(501, 48, 'LA LUCILA'),
(502, 123, 'LA LUCILA DEL MAR'),
(503, 130, 'LA LUISA'),
(504, 40, 'LA MANUELA'),
(505, 47, 'LA MASCOTA ,EST.MASCOTA'),
(506, 99, 'LA NEGRA'),
(507, 21, 'LA NEVADA'),
(508, 7, 'LA NIÑA'),
(509, 27, 'LA NORIA'),
(510, 20, 'LA ORIENTAL'),
(511, 43, 'LA PALA'),
(512, 57, 'LA PASTORA'),
(513, 9, 'LA PLATA'),
(514, 6, 'LA PORTEÑA'),
(515, 69, 'LA PRIMAVERA'),
(516, 77, 'LA PROVIDENCIA'),
(517, 131, 'LA REFORMA'),
(518, 132, 'LA REJA'),
(519, 72, 'LA RICA'),
(520, 3, 'LA SALADA'),
(521, 71, 'LA SOFIA'),
(522, 63, 'LA SORTIJA'),
(523, 13, 'LA VIOLETA'),
(524, 18, 'LA VITICOLA'),
(525, 6, 'LA ZANJA'),
(526, 119, 'LABARDEN'),
(527, 3, 'LAFERRERE'),
(528, 43, 'LAGO EPECUEN'),
(529, 21, 'LAGUNA ALSINA ,EST.BONIFACIO'),
(530, 59, 'LAMARCA, EMILIO'),
(531, 55, 'LANGUEYU'),
(532, 8, 'LANUS'),
(533, 20, 'LAPLACETE'),
(534, 133, 'LAPRIDA'),
(535, 131, 'LARRE, SANTIAGO'),
(536, 107, 'LARTIGAU'),
(537, 134, 'LAS ARMAS'),
(538, 12, 'LAS BARRANCAS'),
(539, 41, 'LAS CHACRAS'),
(540, 106, 'LAS FLORES'),
(541, 133, 'LAS HERMANAS'),
(542, 124, 'LAS MALVINAS'),
(543, 39, 'LAS MARIANAS'),
(544, 114, 'LAS NUTRIAS'),
(545, 53, 'LAS PALMAS'),
(546, 20, 'LAS PARVAS'),
(547, 46, 'LAS TOSCAS'),
(548, 63, 'LAS VAQUERIAS'),
(549, 111, 'LASALLE, PEDRO P.'),
(550, 122, 'LASTRA'),
(551, 40, 'LAVALLE, ENRIQUE'),
(552, 65, 'LAVALLOL'),
(553, 1, 'LAZZARINO'),
(554, 6, 'LERTORA'),
(555, 43, 'LEUBUCO'),
(556, 47, 'LEVALLE, NICOLAS'),
(557, 122, 'LIBANO'),
(558, 19, 'LIBERTAD'),
(559, 15, 'LIBRES DEL SUD'),
(560, 114, 'LICENCIADO MATIENZO'),
(561, 53, 'LIMA'),
(562, 63, 'LIN CALEL'),
(563, 46, 'LINCOLN'),
(564, 7, 'LLORENTE, GALO'),
(565, 114, 'LOBERIA'),
(566, 41, 'LOBOS'),
(567, 77, 'LOMA NEGRA'),
(568, 18, 'LOMA PARAGUAYA ,EST.'),
(569, 25, 'LOMA VERDE'),
(570, 65, 'LOMAS DE ZAMORA'),
(571, 28, 'LONGCHAMPS'),
(572, 109, 'LOPEZ'),
(573, 4, 'LOPEZ CAMELO ,PDA.'),
(574, 2, 'LOPEZ LECUBE'),
(575, 48, 'LOPEZ, VICENTE'),
(576, 94, 'LOS ANGELES'),
(577, 43, 'LOS GAUCHOS ,PDA.'),
(578, 87, 'LOS INDIOS'),
(579, 62, 'LOS PINOS'),
(580, 33, 'LOS POLVORINES'),
(581, 40, 'LOUGE'),
(582, 91, 'LOURDES'),
(583, 22, 'LUJAN'),
(584, 110, 'LUMB'),
(585, 40, 'LURO'),
(586, 47, 'LURO, PEDRO'),
(587, 121, 'MACEDO'),
(588, 52, 'MACHITA'),
(589, 11, 'MADERO, FRANCISCO'),
(590, 11, 'MAGDALA'),
(591, 36, 'MAGDALENA'),
(592, 6, 'MAGNANO, FRANCISCO'),
(593, 13, 'MAGUIRRE'),
(594, 134, 'MAIPU'),
(595, 108, 'MALAVER ,PDA.'),
(596, 5, 'MAMAGUITA'),
(597, 77, 'MAPIS'),
(598, 33, 'MAQUINISTA SAVIO'),
(599, 123, 'MAR DE AJO'),
(600, 84, 'MAR DEL PLATA'),
(601, 123, 'MAR DEL TUYU'),
(602, 6, 'MARI LAUQUEN'),
(603, 57, 'MARIA IGNACIA ,EST.VEIA'),
(604, 105, 'MARIA LUCILA'),
(605, 28, 'MARMOL, JOSE'),
(606, 1, 'MARTIN FIERRO'),
(607, 12, 'MARTINEZ'),
(608, 101, 'MARUCHA'),
(609, 40, 'MASUREL ,EST.'),
(610, 70, 'MATHEU'),
(611, 47, 'MAYOR BURATOVICH'),
(612, 43, 'MAZA'),
(613, 103, 'MECHONGUE'),
(614, 47, 'MEDANOS'),
(615, 94, 'MEMBRILLAR'),
(616, 17, 'MERCEDES'),
(617, 19, 'MERLO'),
(618, 92, 'MERLO GOMEZ ,AP.'),
(619, 116, 'MICHEO, JOSE M.'),
(620, 108, 'MIGUELETE ,PDA.'),
(621, 28, 'MINISTRO RIVADAVIA'),
(622, 58, 'MIRA PAMPA'),
(623, 103, 'MIRAMAR'),
(624, 1, 'MIRAMONTE'),
(625, 96, 'MIRANDA'),
(626, 48, 'MITRE, BARTOLOME ,EST.'),
(627, 71, 'MOCTEZUMA'),
(628, 63, 'MOLINA, CLAUDIO'),
(629, 15, 'MONASTERIO'),
(630, 11, 'MONES CAZON'),
(631, 51, 'MONROE'),
(632, 134, 'MONSALVO'),
(633, 8, 'MONTE CHINGOLO'),
(634, 135, 'MONTE GRANDE'),
(635, 42, 'MONTE HERMOSO'),
(636, 36, 'MONTE VELOZ'),
(637, 47, 'MONTES DE OCA'),
(638, 64, 'MOORES'),
(639, 72, 'MOQUEHUA'),
(640, 132, 'MORENO, MARIANO ,EST.MORENO'),
(641, 92, 'MORON'),
(642, 92, 'MORRIS, WILIAM C.,PDA.'),
(643, 20, 'MORSE'),
(644, 5, 'MOSCONI'),
(645, 40, 'MOURAS ,EST.'),
(646, 33, 'MUÑIZ'),
(647, 77, 'MUÑOZ'),
(648, 48, 'MUNRO'),
(649, 43, 'MURATURE, FRANCISCO'),
(650, 83, 'NAHUEL RUCA'),
(651, 7, 'NAON, CARLOS M.'),
(652, 62, 'NAPALEOFU'),
(653, 18, 'NAPOSTA'),
(654, 39, 'NAVARRO'),
(655, 99, 'NECOCHEA'),
(656, 101, 'NECOL'),
(657, 7, 'NEILD, RAMON J.'),
(658, 97, 'NEWTON'),
(659, 1, 'NIEVES'),
(660, 7, 'NORUMBEGA'),
(661, 11, 'NUEVA PLATA'),
(662, 98, 'NUEVA ROMA'),
(663, 38, 'NUEVA SUIZA ,EST.'),
(664, 102, 'OBLIGADO'),
(665, 87, 'OBLIGADO, RAFAEL'),
(666, 13, 'OCAMPO, MANUEL'),
(667, 110, 'OCHANDIO'),
(668, 20, 'O''HIGGINS'),
(669, 52, 'OLASCOAGA'),
(670, 77, 'OLAVARRIA'),
(671, 32, 'OLIDEN'),
(672, 99, 'OLIVERA, NICANOR ,EST.LA DULCE'),
(673, 48, 'OLIVOS'),
(674, 9, 'OLMOS, LISANDRO ,AP.'),
(675, 69, 'OMBU'),
(676, 47, 'OMBUCTA'),
(677, 71, 'ORDOQUI'),
(678, 63, 'ORENSE'),
(679, 42, 'ORIENTE'),
(680, 9, 'ORMA, ADOLFO F. ,AP.'),
(681, 13, 'ORTIZ BASUALDO'),
(682, 5, 'ORTIZ DE ROSAS'),
(683, 121, 'OSTENDE'),
(684, 69, 'OTOÑO ,EST.'),
(685, 48, 'PADILLA, MIGUEL MANUEL ,EST.'),
(686, 133, 'PARAGUIL'),
(687, 106, 'PARDO'),
(688, 1, 'PARISH'),
(689, 112, 'PARRAVICINI'),
(690, 65, 'PASCO ,AP.'),
(691, 69, 'PASMAN'),
(692, 132, 'PASO DEL REY'),
(693, 127, 'PASO MAYOR'),
(694, 11, 'PASO, JUAN JOSE'),
(695, 46, 'PASTEUR'),
(696, 59, 'PATAGONES, CARMEN DE'),
(697, 7, 'PATRICIOS'),
(698, 36, 'PAYRO, ROBERTO'),
(699, 33, 'PAZ, JOSE C.'),
(700, 100, 'PAZ, MARCOS'),
(701, 27, 'PAZ, MAXIMO'),
(702, 38, 'PAZOS KANKI'),
(703, 44, 'PEARSON'),
(704, 5, 'PEDERNALES'),
(705, 11, 'PEHUAJO'),
(706, 78, 'PEHUELCHES'),
(707, 127, 'PEHUEN-CO'),
(708, 98, 'PELICURA'),
(709, 78, 'PELLEGRINI'),
(710, 69, 'PERALTA'),
(711, 1, 'PEREDA, VICENTE'),
(712, 115, 'PEREZ MILLAN'),
(713, 131, 'PEREZ, ROQUE'),
(714, 13, 'PERGAMINO'),
(715, 15, 'PESSAGNO, ATILIO'),
(716, 27, 'PETION, ALEJANDRO ,PDA.'),
(717, 64, 'PICHINCHA'),
(718, 2, 'PIEDRA ECHADA'),
(719, 64, 'PIEDRITAS'),
(720, 114, 'PIERES'),
(721, 31, 'PIGUE'),
(722, 90, 'PILA'),
(723, 136, 'PILAR'),
(724, 107, 'PILLAHUINCO'),
(725, 121, 'PINAMAR'),
(726, 33, 'PIÑERO'),
(727, 69, 'PIÑEYRO'),
(728, 36, 'PIPINAS'),
(729, 128, 'PIROVANO'),
(730, 14, 'PLA'),
(731, 73, 'PLATANOS'),
(732, 106, 'PLAZA MONTERO'),
(733, 9, 'POBLET'),
(734, 35, 'POLVAREDAS'),
(735, 122, 'PONTAUT'),
(736, 19, 'PONTEVEDRA'),
(737, 30, 'PORTELA, IRINEO'),
(738, 38, 'PORVENIR'),
(739, 77, 'POURTALE'),
(740, 59, 'PRADERE, JUAN A.'),
(741, 14, 'PRESIDENTE QUINTANA'),
(742, 6, 'PRIMERA JUNTA'),
(743, 2, 'PUAN'),
(744, 5, 'PUEBLITOS'),
(745, 132, 'PUENTE CASCALLARES'),
(746, 127, 'PUERTO BELGRANO'),
(747, 18, 'PUERTO CUATREROS'),
(748, 18, 'PUERTO GALVAN'),
(749, 127, 'PUERTO ROSALES'),
(750, 137, 'PUNTA ALTA ,EST.ALMIRANTE SOLIER'),
(751, 129, 'PUNTA CHICA'),
(752, 36, 'PUNTA INDIO'),
(753, 117, 'PUNTA LARA'),
(754, 81, 'QUENUMA'),
(755, 114, 'QUEQUEN'),
(756, 3, 'QUERANDI ,EST.'),
(757, 77, 'QUERANDIES ,EMP.'),
(758, 122, 'QUILCO'),
(759, 74, 'QUILMES'),
(760, 69, 'QUIÑIHUAL'),
(761, 95, 'QUIRNO COSTA'),
(762, 7, 'QUIROGA'),
(763, 115, 'RAMALLO'),
(764, 3, 'RAMOS MEJIA'),
(765, 62, 'RAMOS OTERO'),
(766, 13, 'RANCAGUA'),
(767, 25, 'RANCHOS'),
(768, 73, 'RANELAGH'),
(769, 96, 'RAUCH'),
(770, 122, 'RAULET'),
(771, 94, 'RAWSON'),
(772, 90, 'REAL AUDIENCIA'),
(773, 77, 'RECALDE'),
(774, 107, 'RESERVA'),
(775, 63, 'RETA'),
(776, 9, 'RINGUELET'),
(777, 85, 'RIO LUJAN ,EST.'),
(778, 10, 'RIO SALADO ,AP.'),
(779, 102, 'RIO TALA'),
(780, 58, 'RIVADAVIA ,EST.AMERICA'),
(781, 2, 'RIVADEO'),
(782, 138, 'RIVAS'),
(783, 43, 'RIVERA'),
(784, 46, 'ROBERTS'),
(785, 20, 'ROCA, AGUSTIN'),
(786, 77, 'ROCHA'),
(787, 87, 'ROJAS'),
(788, 109, 'ROLDAN, MARIANO'),
(789, 21, 'ROLITO'),
(790, 100, 'ROMERO, ELIAS ,EST.'),
(791, 9, 'ROMERO, MELCHOR'),
(792, 58, 'ROOSEVELT'),
(793, 106, 'ROSAS'),
(794, 92, 'RUBEN DARIO ,EST.'),
(795, 56, 'RUIZ'),
(796, 31, 'SAAVEDRA'),
(797, 91, 'SAENZ PEÑA'),
(798, 35, 'SALADILLO'),
(799, 46, 'SALAS, CARLOS'),
(800, 40, 'SALAZAR'),
(801, 98, 'SALDUNGARAY'),
(802, 59, 'SALINERA ,DV.'),
(803, 81, 'SALLIQUELO'),
(804, 51, 'SALTO'),
(805, 41, 'SALVADOR MARIA'),
(806, 62, 'SAN AGUSTIN'),
(807, 108, 'SAN ANDRES'),
(808, 56, 'SAN ANDRES DE GILES ,EST.GILES'),
(809, 139, 'SAN ANTONIO DE ARECO'),
(810, 19, 'SAN ANTONIO DE PADUA'),
(811, 123, 'SAN BERNARDO'),
(812, 34, 'SAN BERNARDO'),
(813, 128, 'SAN CARLOS DE BOLIVAR ,EST.BOLIVAR'),
(814, 110, 'SAN CAYETANO'),
(815, 123, 'SAN CLEMENTE DEL TUYU'),
(816, 22, 'SAN ELADIO'),
(817, 95, 'SAN EMILIO'),
(818, 5, 'SAN ENRIQUE'),
(819, 21, 'SAN FERMIN'),
(820, 129, 'SAN FERNANDO'),
(821, 63, 'SAN FRANCISCO DE BELLOCQ'),
(822, 74, 'SAN FRANCISCO SOLANO ,PDA.KILOMETRO 26'),
(823, 2, 'SAN GERMAN'),
(824, 55, 'SAN IGNACIO'),
(825, 12, 'SAN ISIDRO'),
(826, 133, 'SAN JORGE'),
(827, 99, 'SAN JOSE'),
(828, 69, 'SAN JOSE'),
(829, 3, 'SAN JUSTO'),
(830, 114, 'SAN MANUEL'),
(831, 58, 'SAN MAURICIO'),
(832, 63, 'SAN MAYOL'),
(833, 33, 'SAN MIGUEL'),
(834, 33, 'SAN MIGUEL ,EST.GENERAL SARMIENTO'),
(835, 92, 'SAN MIGUEL DEL MONTE ,EST.MONTE'),
(836, 104, 'SAN NICOLAS DE LOS ARROYOS,EST.S.NICOLAS'),
(837, 94, 'SAN PATRICIO'),
(838, 102, 'SAN PEDRO'),
(839, 42, 'SAN ROMAN'),
(840, 26, 'SAN VICENTE'),
(841, 127, 'SANDRINI ,DV.'),
(842, 58, 'SANSINENA'),
(843, 65, 'SANTA CATALINA'),
(844, 30, 'SANTA COLOMA'),
(845, 133, 'SANTA ELENA'),
(846, 64, 'SANTA ELEODORA'),
(847, 101, 'SANTA INES'),
(848, 77, 'SANTA LUCIA'),
(849, 102, 'SANTA LUCIA'),
(850, 69, 'SANTA MARIA'),
(851, 64, 'SANTA REGINA'),
(852, 64, 'SANTA REGINA'),
(853, 123, 'SANTA TERESITA'),
(854, 99, 'SANTAMARINA, RAMON'),
(855, 134, 'SANTO DOMINGO'),
(856, 41, 'SANTOS AREVALO, JOSE'),
(857, 91, 'SANTOS LUGARES'),
(858, 7, 'SANTOS UNZUE'),
(859, 54, 'SARANDI'),
(860, 44, 'SARASA'),
(861, 21, 'SATURNO'),
(862, 9, 'SEGUI, ARTURO'),
(863, 134, 'SEGUROLA'),
(864, 112, 'SEVIGNE'),
(865, 1, 'SHAW'),
(866, 77, 'SIERRA CHICA'),
(867, 98, 'SIERRA DE LA VENTANA'),
(868, 77, 'SIERRAS BAYAS'),
(869, 71, 'SMITH'),
(870, 2, 'SOLA, FELIPE'),
(871, 55, 'SOLANET'),
(872, 11, 'SOSA, INOCENCIO'),
(873, 33, 'SOURDEAUX, ADOLFO ,PDA.'),
(874, 140, 'SOURIGUES, CARLOS ,AP.'),
(875, 87, 'SPANO, GUIDO'),
(876, 16, 'SPEGAZZINI, CARLOS'),
(877, 18, 'SPURR ,EST.'),
(878, 107, 'STEGMANN'),
(879, 59, 'STROEDER'),
(880, 108, 'SUAREZ, JOSE LEON'),
(881, 16, 'SUAREZ, TRISTAN'),
(882, 138, 'SUIPACHA'),
(883, 58, 'SUNDBLAD'),
(884, 3, 'TABLADA'),
(885, 51, 'TACUARI'),
(886, 114, 'TAMANGUEYU'),
(887, 57, 'TANDIL'),
(888, 34, 'TAPALQUE'),
(889, 3, 'TAPIALES'),
(890, 89, 'TATAY'),
(891, 101, 'TEJEDOR, CARLOS ,EST.TEJEDOR'),
(892, 65, 'TEMPERLEY'),
(893, 77, 'TENIENTE CORONEL MIÑANA'),
(894, 47, 'TENIENTE ORIGONE'),
(895, 43, 'THAMES'),
(896, 4, 'TIGRE'),
(897, 101, 'TIMOTE'),
(898, 101, 'TIMOTE ,EST.'),
(899, 49, 'TODD'),
(900, 9, 'TOLOSA'),
(901, 98, 'TORNQUIST'),
(902, 33, 'TORTUGUITAS'),
(903, 6, 'TRENQUE LAUQUEN'),
(904, 101, 'TRES ALGARROBOS ,EST.CUENCA'),
(905, 63, 'TRES ARROYOS'),
(906, 43, 'TRES LAGUNAS'),
(907, 78, 'TRES LOMAS'),
(908, 98, 'TRES PICOS'),
(909, 46, 'TRIUNVIRATO'),
(910, 131, 'TRONCONI, JUAN'),
(911, 6, 'TRONGE'),
(912, 65, 'TURDERA'),
(913, 56, 'TUYUTI'),
(914, 34, 'UBALLES, EUFEMIO'),
(915, 55, 'UDAQUIOLA'),
(916, 16, 'UNION FERROVIARIA ,PDA.'),
(917, 128, 'UNZUE, MARIANO'),
(918, 128, 'URDAMPILLETA'),
(919, 109, 'URIBURU, TEDIN'),
(920, 5, 'VALDES'),
(921, 128, 'VALLIMANCA'),
(922, 80, 'VARELA, FLORENCIO'),
(923, 111, 'VASQUEZ'),
(924, 141, 'VATTEONE, ARTURO ,EST.'),
(925, 142, 'VEDIA'),
(926, 34, 'VELLOSO'),
(927, 36, 'VERGARA'),
(928, 36, 'VERONICA'),
(929, 4, 'VICEALMIRANTE E.MONTES'),
(930, 129, 'VICTORIA'),
(931, 10, 'VIDELA DORNA, ZENON'),
(932, 36, 'VIEYTES'),
(933, 106, 'VILELA'),
(934, 12, 'VILLA ADELINA'),
(935, 13, 'VILLA ANGELICA ,EST,EL SOCORRO'),
(936, 143, 'VILLA BALLESTER'),
(937, 54, 'VILLA BARILARI'),
(938, 91, 'VILLA BOSCH ,PDA.JUAN MARIA BOSCH'),
(939, 8, 'VILLA CARAZA'),
(940, 2, 'VILLA CASTELAR ,EST.ERIZE'),
(941, 54, 'VILLA CRISTOBAL COLON'),
(942, 33, 'VILLA DE MAYO'),
(943, 8, 'VILLA DIAMANTE'),
(944, 54, 'VILLA DOMINICO'),
(945, 109, 'VILLA EL CACIQUE'),
(946, 9, 'VILLA ELISA'),
(947, 73, 'VILLA ESPAÑA'),
(948, 9, 'VILLA GARIBALDI'),
(949, 127, 'VILLA GENERAL ARIAS ,EST.KILOMETRO 638'),
(950, 115, 'VILLA GENERAL SAVIO EST.SANCHEZ'),
(951, 121, 'VILLA GESEL'),
(952, 73, 'VILLA GIAMBRUNO'),
(953, 18, 'VILLA HARDING GREEN'),
(954, 2, 'VILLA IRIS'),
(955, 3, 'VILLA LUZURIAGA'),
(956, 128, 'VILLA LYCH PUEYRREDON'),
(957, 143, 'VILLA LYNCH ,EST.CNL.FRANCISCO LYNCH'),
(958, 3, 'VILLA MADERO'),
(959, 39, 'VILLA MOLL'),
(960, 26, 'VILLA NUMANCIA'),
(961, 18, 'VILLA OLGA'),
(962, 18, 'VILLA PRONSATO ,EST.CORONEL MALDONADO'),
(963, 64, 'VILLA SABOYA'),
(964, 64, 'VILLA SAUZE'),
(965, 58, 'VILLA SENA'),
(966, 18, 'VILLA SERRA'),
(967, 59, 'VILLALONGA'),
(968, 25, 'VILLANUEVA'),
(969, 100, 'VILLARS'),
(970, 49, 'VIÑA'),
(971, 129, 'VIRREYES ,EST.FACUNDO QUIROGA'),
(972, 83, 'VIVORATA'),
(973, 83, 'VIVORATA'),
(974, 133, 'VOLUNTAD'),
(975, 33, 'VUCETICH, JUAN ,AP.'),
(976, 52, 'WARNES'),
(977, 54, 'WILDE'),
(978, 34, 'YERBAS'),
(979, 103, 'YRAIZOZ'),
(980, 100, 'ZAMUDIO ,AP.'),
(981, 53, 'ZARATE'),
(982, 95, 'ZAVALIA'),
(983, 80, 'ZEBALLOS, ESTANISLAO SEVERO ,EST.'),
(984, 69, 'ZENTENA ,EST.'),
(985, 144, 'ZUBIAURRE'),
(986, 145, 'ADOLFO E. CARRANZA'),
(987, 146, 'AGUA DE LAS PALOMAS'),
(988, 147, 'ALBIGASTA'),
(989, 148, 'ALIJILAN'),
(990, 148, 'ALTA GRACIA'),
(991, 149, 'ALTO DE LA ESQUINA'),
(992, 146, 'ALUMBRERA'),
(993, 150, 'AMADORES'),
(994, 149, 'AMANA'),
(995, 146, 'AMANAO'),
(996, 148, 'AMPOLLA'),
(997, 149, 'ANCASTI'),
(998, 146, 'ANDALGALA'),
(999, 151, 'ANDALHUALA'),
(1000, 152, 'ANDALUCA'),
(1001, 153, 'ANJULI'),
(1002, 149, 'ANQUINCILA'),
(1003, 154, 'ANTAPOCA'),
(1004, 152, 'ANTINACO'),
(1005, 155, 'ANTOFAGASTA DE LA SIERRA'),
(1006, 156, 'AZAMPAY'),
(1007, 150, 'BALCOSNA'),
(1008, 148, 'BAÑADO DE OVANTA'),
(1009, 157, 'BANDA DE VARELA'),
(1010, 156, 'BELEN'),
(1011, 147, 'BELLA VISTA'),
(1012, 145, 'BREA'),
(1013, 145, 'CAPAYAN'),
(1014, 146, 'CAPILLITAS'),
(1015, 155, 'CARA CIENAGA'),
(1016, 145, 'CARRANZA, ADOLFO E.'),
(1017, 149, 'CASA ARMADA'),
(1018, 152, 'CERRO NEGRO'),
(1019, 147, 'CHAÑAR LAGUNA'),
(1020, 153, 'CHAÑARITOS'),
(1021, 146, 'CHAQUIAGO'),
(1022, 145, 'CHUMBICHA'),
(1023, 152, 'CIENAGUITA ,AP.'),
(1024, 158, 'COLLAGASTA'),
(1025, 159, 'COLPES'),
(1026, 145, 'CONCEPCION'),
(1027, 156, 'CONDOR HUASI'),
(1028, 145, 'CONETA'),
(1029, 152, 'COPACABANA'),
(1030, 148, 'CORTADERAS'),
(1031, 156, 'CULAMPAJA'),
(1032, 147, 'EL ALTO'),
(1033, 153, 'EL AYBAL'),
(1034, 145, 'EL BAÑADO'),
(1035, 153, 'EL BAVIANO'),
(1036, 160, 'EL BOLSON'),
(1037, 151, 'EL CAJON'),
(1038, 153, 'EL DIVISADERO'),
(1039, 153, 'EL JUMEAL'),
(1040, 145, 'EL MEDANO ,AP.KILOMETRO 99'),
(1041, 159, 'EL PAJONAL ,EST.POMAN'),
(1042, 154, 'EL PORTEZUELO'),
(1043, 152, 'EL PUESTO'),
(1044, 160, 'EL RODEO'),
(1045, 149, 'EL TACO'),
(1046, 153, 'ESQUIU'),
(1047, 152, 'FIAMBALA'),
(1048, 151, 'FUERTE QUEMADO'),
(1049, 147, 'GUAYAMBA'),
(1050, 156, 'HUALFIN'),
(1051, 154, 'HUAYCAMA'),
(1052, 145, 'HUILLAPIMA'),
(1053, 153, 'ICAÑO'),
(1054, 147, 'ILOGA'),
(1055, 155, 'INCAHUASI'),
(1056, 147, 'INFANZON'),
(1057, 149, 'IPIZCA'),
(1058, 159, 'JOYANGO'),
(1059, 145, 'KILOMETR0 62 ,EST.'),
(1060, 153, 'KILOMETRO 1017'),
(1061, 153, 'KILOMETRO 38 ,EMB.'),
(1062, 153, 'KILOMETRO 969 ,EMB.'),
(1063, 153, 'KILOMETRO 997'),
(1064, 157, 'LA AGUADA'),
(1065, 150, 'LA BAJADA'),
(1066, 156, 'LA CIENAGA'),
(1067, 152, 'LA CIENAGA'),
(1068, 153, 'LA DORADA'),
(1069, 153, 'LA GUARDIA'),
(1070, 151, 'LA HOYADA'),
(1071, 149, 'LA MAJADA'),
(1072, 150, 'LA MERCED'),
(1073, 153, 'LA PARADA'),
(1074, 160, 'LA PUERTA'),
(1075, 156, 'LA PUERTA DE SAN JOSE'),
(1076, 152, 'LA PUNTILLA'),
(1077, 152, 'LA RAMADITA'),
(1078, 150, 'LA VIÑA'),
(1079, 148, 'LAS CAÑAS'),
(1080, 156, 'LAS CUEVAS'),
(1081, 160, 'LAS JUNTAS'),
(1082, 156, 'LAS JUNTAS'),
(1083, 151, 'LAS MOJARRAS'),
(1084, 158, 'LAS PIRQUITAS'),
(1085, 153, 'LAS TEJAS'),
(1086, 156, 'LONDRES'),
(1087, 151, 'LORO HUASI'),
(1088, 154, 'LOS MORTEROS'),
(1089, 153, 'LOS SUNCHOS'),
(1090, 160, 'LOS VARELA'),
(1091, 148, 'MANANTIALES'),
(1092, 154, 'MARENGO'),
(1093, 152, 'MEDANITOS'),
(1094, 145, 'MIRAFLORES'),
(1095, 150, 'MONTE POTRERO'),
(1096, 159, 'MUTQUIN'),
(1097, 152, 'NACIMIENTO'),
(1098, 156, 'NACIMIENTOS DE ABAJO'),
(1099, 156, 'NACIMIENTOS DE ARRIBA'),
(1100, 147, 'OJO DE AGUA'),
(1101, 151, 'OVEJERIA'),
(1102, 152, 'PALO BLANCO'),
(1103, 150, 'PALO LABRADO'),
(1104, 156, 'PIEDRA LARGA'),
(1105, 159, 'POMAN'),
(1106, 158, 'POMANCILLO'),
(1107, 146, 'PUCARA'),
(1108, 156, 'PUERTA DE CORRAL QUEMADO'),
(1109, 151, 'PUNTA DE BALASTO'),
(1110, 153, 'QUIROS'),
(1111, 153, 'RAMBLONES'),
(1112, 153, 'RECREO'),
(1113, 159, 'RINCON'),
(1114, 149, 'RIO CHICO'),
(1115, 152, 'RIO COLORADO'),
(1116, 153, 'RIO DE LA DORADA'),
(1117, 146, 'RODEO GRANDE'),
(1118, 159, 'ROSARIO DE COLANA'),
(1119, 152, 'SALADO'),
(1120, 158, 'SAN ANTONIO'),
(1121, 150, 'SAN ANTONIO'),
(1122, 153, 'SAN ANTONIO ,EST.SAN A.DE LA PAZ'),
(1123, 157, 'SAN FDO.DEL VALLE DE CATAMARCA ,EST.'),
(1124, 156, 'SAN FERNANDO'),
(1125, 154, 'SAN ISIDRO'),
(1126, 153, 'SAN JOSE'),
(1127, 158, 'SAN JOSE'),
(1128, 152, 'SAN JOSE'),
(1129, 151, 'SAN JOSE'),
(1130, 145, 'SAN MARTIN'),
(1131, 153, 'SAN MIGUEL'),
(1132, 159, 'SAN MIGUEL'),
(1133, 154, 'SANTA CRUZ'),
(1134, 153, 'SANTA LUCIA'),
(1135, 151, 'SANTA MARIA'),
(1136, 154, 'SANTA ROSA'),
(1137, 152, 'SANTA ROSA'),
(1138, 159, 'SAUJIL'),
(1139, 152, 'SAUJIL'),
(1140, 159, 'SIJAN'),
(1141, 145, 'SISIHUASI'),
(1142, 154, 'SUMALAO'),
(1143, 148, 'SUMAMPA'),
(1144, 156, 'TALAMAYO'),
(1145, 147, 'TAPSO'),
(1146, 152, 'TATON'),
(1147, 145, 'TELARITOS'),
(1148, 152, 'TINOGASTA'),
(1149, 145, 'TIPAN'),
(1150, 151, 'TORO YACO'),
(1151, 157, 'TRES PUENTES'),
(1152, 147, 'VILISMAN'),
(1153, 157, 'VILLA CUBAS'),
(1154, 154, 'VILLA DOLORES'),
(1155, 156, 'VILLA GIL'),
(1156, 149, 'YERBA BUENA'),
(1157, 150, 'YOCAN'),
(1158, 161, 'AVIA TERAI'),
(1159, 162, 'BARRANQUERAS'),
(1160, 162, 'BASAIL'),
(1161, 163, 'BENITEZ'),
(1162, 164, 'CABEZA DE TIGRE'),
(1163, 162, 'CACUI ,EST'),
(1164, 161, 'CAMPO LARGO'),
(1165, 165, 'CAPITAN SOLARI'),
(1166, 166, 'CASTELLI ,EST.COLONIA J.J.CASTELLI'),
(1167, 167, 'CHARADAI'),
(1168, 168, 'CHARATA'),
(1169, 164, 'CHOROTIS'),
(1170, 169, 'CIERVO PETISO'),
(1171, 170, 'COLONIA AGRICOLA ABORIGEN CHACO'),
(1172, 162, 'COLONIA BARANDA'),
(1173, 171, 'COLONIA BRAVO'),
(1174, 164, 'COLONIA CABEZA DE TIGRE'),
(1175, 172, 'COLONIA CERVEZA HELADA'),
(1176, 173, 'COLONIA EL PARAISAL'),
(1177, 165, 'COLONIA ELISA'),
(1178, 165, 'COLONIA ELISA'),
(1179, 161, 'COLONIA JOSE MARMOL'),
(1180, 174, 'COLONIA JUAN JOSE PASO'),
(1181, 166, 'COLONIA LA FLORIDA GRANDE'),
(1182, 170, 'COLONIA LA TAMBORA'),
(1183, 161, 'COLONIA MARIANO SARRATEA'),
(1184, 175, 'COLONIA POPULAR'),
(1185, 176, 'COLONIA VELAZ'),
(1186, 165, 'COLONIAS UNIDAS'),
(1187, 177, 'CONCEPCION DEL BERMEJO'),
(1188, 178, 'CORONEL DU GRATY'),
(1189, 179, 'CORZUELA'),
(1190, 167, 'COTE-LAI'),
(1191, 166, 'EL ESPINILLO'),
(1192, 180, 'EL PERDIDO'),
(1193, 166, 'EL PINTADO'),
(1194, 162, 'FONTANA'),
(1195, 175, 'FORTIN CARDOSO'),
(1196, 166, 'FUERTE ESPERANZA'),
(1197, 171, 'GANCEDO'),
(1198, 171, 'GENERAL CAPDEVILA'),
(1199, 175, 'GENERAL DONOVAN'),
(1200, 169, 'GENERAL JOSE DE SAN MARTIN ,EST.ZAPALLAR'),
(1201, 175, 'GENERAL OBLIGADO'),
(1202, 171, 'GENERAL PINEDO'),
(1203, 176, 'GENERAL VEDIA'),
(1204, 172, 'GIRASOL ,EMB.'),
(1205, 167, 'HAUMONIA'),
(1206, 171, 'HERMOSO CAMPO'),
(1207, 167, 'HORQUILLA'),
(1208, 165, 'INGENIERO BARBET'),
(1209, 171, 'ITIN'),
(1210, 175, 'KILOMETR0 501 ,AP.'),
(1211, 165, 'KILOMETRO 22 ,EMB.'),
(1212, 165, 'KILOMETRO 29 ,EMB.'),
(1213, 165, 'KILOMETRO 34 ,EMB.'),
(1214, 165, 'KILOMETRO 39 ,EMB.'),
(1215, 169, 'KILOMETRO 42 ,EMB.'),
(1216, 167, 'KILOMETRO 443 ,EMB.'),
(1217, 167, 'KILOMETRO 474 ,EMB.'),
(1218, 169, 'KILOMETRO 48 ,EMB.'),
(1219, 181, 'KILOMETRO 518 ,DV.'),
(1220, 182, 'KILOMETRO 520 ,EMB.'),
(1221, 181, 'KILOMETRO 522 ,DV.'),
(1222, 182, 'KILOMETRO 53 ,AP.'),
(1223, 183, 'KILOMETRO 59 ,EMB.'),
(1224, 164, 'KILOMETRO 596 ,DV.'),
(1225, 165, 'KILOMETRO 602 ,AP.'),
(1226, 169, 'KILOMETRO 75'),
(1227, 184, 'KILOMETRO 841 ,EMB.'),
(1228, 184, 'KILOMETRO 855 ,EMB.'),
(1229, 184, 'KILOMETRO 884 ,EMB.'),
(1230, 173, 'LA CHIQUITA ,EMB.'),
(1231, 185, 'LA CLOTILDE'),
(1232, 169, 'LA EDUVIGIS'),
(1233, 181, 'LA ESCONDIDA'),
(1234, 181, 'LA ESCONDIDA ,EMB.'),
(1235, 166, 'LA FIDELIDAD'),
(1236, 176, 'LA LEONESA'),
(1237, 165, 'LA PASTORIL ,DV.'),
(1238, 167, 'LA SABANA'),
(1239, 185, 'LA TIGRA'),
(1240, 181, 'LA VERDE'),
(1241, 167, 'LA VICUÑA'),
(1242, 175, 'LAGUNA BLANCA'),
(1243, 180, 'LAGUNA LIMPIA'),
(1244, 181, 'LAPACHITO'),
(1245, 186, 'LAS BREÑAS'),
(1246, 165, 'LAS GARCITAS'),
(1247, 166, 'LAS HACHERAS'),
(1248, 176, 'LAS PALMAS'),
(1249, 171, 'LAS VIBORAS'),
(1250, 180, 'LOMA FLORIDA'),
(1251, 177, 'LOS FRENTONES'),
(1252, 162, 'LOS PALMARES'),
(1253, 171, 'LOS QUEBRACHITOS'),
(1254, 170, 'MACHAGAI'),
(1255, 181, 'MAKALLE'),
(1256, 166, 'MANANTIALES'),
(1257, 166, 'MIRAFLORES'),
(1258, 170, 'NAPALPI'),
(1259, 161, 'NAPENAY'),
(1260, 166, 'NUEVA POBLACION'),
(1261, 166, 'NUEVA POMPEYA'),
(1262, 166, 'PALO MARCADO'),
(1263, 169, 'PAMPA ALMIRON'),
(1264, 184, 'PAMPA CABA ÑARO'),
(1265, 186, 'PAMPA DEL CIELO'),
(1266, 169, 'PAMPA DEL INDIO'),
(1267, 177, 'PAMPA DEL INFIERNO'),
(1268, 184, 'PAMPA FLORIDA'),
(1269, 177, 'PAMPA GUANACO'),
(1270, 186, 'POZO DEL INDIO ,DV.'),
(1271, 177, 'POZO HONDO'),
(1272, 187, 'PRESIDENCIA ROCA'),
(1273, 172, 'PRESIDENCIA ROQUE SAENZ PEÑA'),
(1274, 176, 'PUERTO BERMEJO'),
(1275, 176, 'PUERTO LAS PALMAS'),
(1276, 175, 'PUERTO TIROL'),
(1277, 162, 'PUERTO VILELAS'),
(1278, 173, 'QUITILIPI'),
(1279, 162, 'RESISTENCIA'),
(1280, 177, 'RIO MUERTO'),
(1281, 167, 'RIO TAPENAGA'),
(1282, 182, 'SAMUHU'),
(1283, 185, 'SAN BERNARDO'),
(1284, 166, 'SAN JUANCITO'),
(1285, 164, 'SANTA SYLVINA'),
(1286, 169, 'SELVAS DEL RIO DE ORO'),
(1287, 166, 'SIMBOLAR'),
(1288, 177, 'TACO POZO'),
(1289, 168, 'TRES ESTACAS'),
(1290, 184, 'TRES ISLETAS'),
(1291, 164, 'TRES MOJONES'),
(1292, 166, 'TUNALES'),
(1293, 174, 'URIEN, ENRIQUE'),
(1294, 164, 'VENADOS GRANDES,EMB.'),
(1295, 174, 'VILLA ANGELA'),
(1296, 182, 'VILLA BERTHET'),
(1297, 176, 'YATAY'),
(1298, 166, 'ZAPARINQUI'),
(1299, 164, 'ZUBERBUHLER'),
(1300, 188, 'ALDEA'),
(1301, 188, 'ALDEA APELEG'),
(1302, 189, 'ALTO DE LAS PLUMAS'),
(1303, 188, 'ALTO RIO MAYO'),
(1304, 188, 'ALTO RIO SENGUERR'),
(1305, 188, 'APELEG'),
(1306, 190, 'ASTRA'),
(1307, 190, 'BAHIA BUSTAMANTE'),
(1308, 191, 'BOCA DE LA ZANJA'),
(1309, 192, 'BUEN PASTO'),
(1310, 193, 'BUENOS AIRES CHICO'),
(1311, 194, 'CABO RASO'),
(1312, 190, 'CALETA CORDOBA'),
(1313, 194, 'CAMARONES'),
(1314, 190, 'CAMPAMENTO I'),
(1315, 191, 'CAMPAMENTO VILLEGAS ,EST.'),
(1316, 190, 'CAMPO ESCALANTE ,AP.'),
(1317, 191, 'CAÑADON IGLESIAS'),
(1318, 192, 'CAÑADON LAGARTO ,EMB.'),
(1319, 195, 'CANQUEL'),
(1320, 190, 'CERRO DRAGON'),
(1321, 196, 'CHASICO'),
(1322, 193, 'CHOLILA'),
(1323, 197, 'COLAN CONHUE'),
(1324, 198, 'COLELACHE'),
(1325, 192, 'COLHUE HUAPI'),
(1326, 190, 'COMODORO RIVADAVIA'),
(1327, 190, 'DIADEMA ARGENTINA'),
(1328, 191, 'DIQUE FLORENTINO AMEGHINO'),
(1329, 188, 'DOCTOR RICARDO ROJAS'),
(1330, 191, 'DOLAVON'),
(1331, 199, 'EL CORCOVADO'),
(1332, 193, 'EL MAITEN'),
(1333, 193, 'EL MAYOCO'),
(1334, 189, 'EL MIRASOL'),
(1335, 200, 'EL MOLLE'),
(1336, 195, 'EL PAJARITO'),
(1337, 195, 'EL SOMBRERO'),
(1338, 190, 'EL TORDILLO'),
(1339, 193, 'EPUYEN'),
(1340, 190, 'ESCALANTE'),
(1341, 199, 'ESQUEL'),
(1342, 188, 'FACUNDO'),
(1343, 191, 'GAIMAN'),
(1344, 196, 'GAN GAN'),
(1345, 194, 'GARAYALDE'),
(1346, 198, 'GASTRE'),
(1347, 190, 'GENERAL MOSCONI'),
(1348, 200, 'GOBERNADOR COSTA'),
(1349, 193, 'GUALJAINA'),
(1350, 192, 'HERMITTE, ENRIQUE ,AP.'),
(1351, 190, 'HOLDICH'),
(1352, 193, 'HOYO DE EPUYEN'),
(1353, 193, 'INGENIERO BRUNO J.THOMAE ,AP.'),
(1354, 191, 'KILOMETR0 81 ,AP.'),
(1355, 190, 'KILOMETRO 11'),
(1356, 191, 'KILOMETRO 141'),
(1357, 191, 'KILOMETRO 161'),
(1358, 192, 'KILOMETRO 191 ,AP.'),
(1359, 189, 'KILOMETRO 192'),
(1360, 201, 'KILOMETRO 35'),
(1361, 201, 'KILOMETRO 78 ,AP.'),
(1362, 201, 'KILOMETRO 82 ,AP.'),
(1363, 201, 'KILOMETRO 87 ,AP.'),
(1364, 191, 'KILOMETRO 95 ,AP.'),
(1365, 188, 'LAGO BLANCO'),
(1366, 193, 'LAGO PUELO'),
(1367, 200, 'LAGO VINTTER'),
(1368, 189, 'LAGUNA GRANDE ,EMB.'),
(1369, 197, 'LANGUIÑEO'),
(1370, 189, 'LAS CHAPAS'),
(1371, 189, 'LAS PLUMAS'),
(1372, 192, 'LAS PULGAS'),
(1373, 193, 'LELEQUE'),
(1374, 193, 'LEPA'),
(1375, 199, 'LOS CIPRESES'),
(1376, 194, 'MALASPINA'),
(1377, 190, 'MANANTIALES BERH'),
(1378, 200, 'NUEVA LUBECKA'),
(1379, 190, 'PAMPA DEL CASTILLO'),
(1380, 195, 'PASO DE INDIOS'),
(1381, 188, 'PASTOS BLANCOS'),
(1382, 190, 'PETROQUIMICA ,EST.COMFERPET'),
(1383, 190, 'PICO DE SALAMANCA'),
(1384, 201, 'PLAYA UNION'),
(1385, 202, 'PUERTO MADRYN'),
(1386, 202, 'PUERTO PIRAMIDE'),
(1387, 201, 'PUERTO RAWSON'),
(1388, 190, 'PUERTO VISSER'),
(1389, 202, 'PUNTA DELGADA'),
(1390, 200, 'PUTRACHOIQUE'),
(1391, 190, 'RADA TILLY'),
(1392, 201, 'RAWSON'),
(1393, 188, 'RIO MAYO'),
(1394, 200, 'RIO PICO'),
(1395, 198, 'SACANANA'),
(1396, 200, 'SAN MARTIN, JOSE DE'),
(1397, 192, 'SARMIENTO'),
(1398, 196, 'SIERRA CHATA'),
(1399, 195, 'SIERRA NEVADA'),
(1400, 196, 'TALAGAPA'),
(1401, 197, 'TECKA'),
(1402, 196, 'TELSEN'),
(1403, 201, 'TRELEW'),
(1404, 199, 'TREVELIN'),
(1405, 194, 'UZCUDUM'),
(1406, 203, 'ACHIRAS'),
(1407, 203, 'ADELIA MARIA'),
(1408, 204, 'AGUA DE LAS PIEDRAS'),
(1409, 205, 'AGUA DE ORO'),
(1410, 206, 'AGUA DEL TALA'),
(1411, 206, 'AGUAS DE RAMON'),
(1412, 207, 'AGUILA BLANCA'),
(1413, 203, 'ALCIRA ,EST.GIGENA'),
(1414, 208, 'ALEJANDRO ROCA ,EST. ALEJANDRO.'),
(1415, 209, 'ALEJO LEDESMA'),
(1416, 210, 'ALICIA'),
(1417, 211, 'ALMAFUERTE'),
(1418, 203, 'ALPA CORRAL'),
(1419, 212, 'ALTA CORDOBA'),
(1420, 213, 'ALTA CORDOBA ,EST.'),
(1421, 214, 'ALTA GRACIA'),
(1422, 215, 'ALTAUTINA'),
(1423, 216, 'ALTO ALEGRE'),
(1424, 217, 'ALTO DEL TALA'),
(1425, 204, 'ALTO FRESCO'),
(1426, 207, 'ALTO SAN PEDRO'),
(1427, 210, 'ALTOS DE CHIPION'),
(1428, 218, 'AMBOY'),
(1429, 215, 'AMBUL'),
(1430, 216, 'ANA ZUMARAN'),
(1431, 219, 'ARBOL BLANCO'),
(1432, 213, 'ARGUELLO'),
(1433, 209, 'ARIAS'),
(1434, 210, 'ARROYITO'),
(1435, 220, 'ARROYO ALGODON'),
(1436, 220, 'ARROYO CABRAL'),
(1437, 205, 'ASCOCHINGA'),
(1438, 208, 'ASSUNTA'),
(1439, 221, 'ATAHONA'),
(1440, 218, 'ATOS PAMPA'),
(1441, 220, 'AUSONIA'),
(1442, 219, 'AVELLANEDA'),
(1443, 214, 'BAJO CHICO'),
(1444, 215, 'BALDE DE LA MORA'),
(1445, 216, 'BALLESTEROS'),
(1446, 216, 'BALLESTEROS SUR'),
(1447, 210, 'BALNEARIA'),
(1448, 222, 'BAÑADO DE SOTO'),
(1449, 204, 'BARRANCA YACO'),
(1450, 208, 'BARRETO'),
(1451, 213, 'BARRIO FLORES ,EMB.'),
(1452, 216, 'BELL VILLE'),
(1453, 208, 'BENGOLEA'),
(1454, 216, 'BENJAMIN GOULD'),
(1455, 203, 'BERROTARAN'),
(1456, 207, 'BIALET MASSE'),
(1457, 205, 'BLAS DE ROSALES'),
(1458, 203, 'BOCA DEL TIGRE'),
(1459, 214, 'BOUWER'),
(1460, 210, 'BRINKMANN'),
(1461, 223, 'BUCHARDO ,EST.HIPOLITO BOUCHARD'),
(1462, 207, 'BUEN RETIRO ,AP.EL VADO'),
(1463, 214, 'BUENA VISTA'),
(1464, 221, 'BUEY MUERTO'),
(1465, 203, 'BULNES'),
(1466, 224, 'BURMEISTER'),
(1467, 205, 'CABANA'),
(1468, 225, 'CACHI YACO'),
(1469, 222, 'CACHIYUYO'),
(1470, 226, 'CALCHIN'),
(1471, 218, 'CALMAYO'),
(1472, 209, 'CAMILO ALDAO'),
(1473, 225, 'CAMINIAGA'),
(1474, 212, 'CAMPO GRANDE'),
(1475, 218, 'CAÑADA DE ALVAREZ'),
(1476, 204, 'CAÑADA DE JUME'),
(1477, 204, 'CAÑADA DE LUQUE'),
(1478, 221, 'CAÑADA DE MACHADO'),
(1479, 219, 'CAÑADA DE RIO PINTO'),
(1480, 217, 'CAÑADA DE SALAS'),
(1481, 207, 'CAÑADA DEL CORO'),
(1482, 221, 'CAÑADA HONDA'),
(1483, 216, 'CANALS'),
(1484, 222, 'CANDELARIA'),
(1485, 212, 'CANDELARIA NORTE'),
(1486, 204, 'CANDELARIA SUD'),
(1487, 205, 'CANDONGA'),
(1488, 205, 'CANTERAS EL SAUCE ,EST.EMP.'),
(1489, 222, 'CANTERAS QUILPO'),
(1490, 221, 'CAPILLA DE LA SAGRADA FAMILIA'),
(1491, 221, 'CAPILLA DE LOS REMEDIOS'),
(1492, 204, 'CAPILLA DE SITON'),
(1493, 226, 'CAPILLA DEL CARMEN'),
(1494, 207, 'CAPILLA DEL MONTE'),
(1495, 209, 'CAPITAN GENERAL BERNARDO O HIGGINS'),
(1496, 216, 'CARCANO, RAMON J.'),
(1497, 208, 'CARNERILLO'),
(1498, 203, 'CAROLINA'),
(1499, 205, 'CAROYA'),
(1500, 226, 'CARRILOBO'),
(1501, 205, 'CASA BAMBA'),
(1502, 207, 'CASA GRANDE'),
(1503, 216, 'CASERIO LA LONJA'),
(1504, 214, 'CASSAFOUSTH'),
(1505, 209, 'CASTRO URDIALES'),
(1506, 207, 'CAVALANGO'),
(1507, 209, 'CAVANAGH'),
(1508, 220, 'CAYUQUEO'),
(1509, 227, 'CERRO COLORADO'),
(1510, 203, 'CHAJAN'),
(1511, 221, 'CHALACEA'),
(1512, 221, 'CHALACEA CENTRO'),
(1513, 217, 'CHAMICO'),
(1514, 212, 'CHAÑAR VIEJO'),
(1515, 203, 'CHAÑARITOS'),
(1516, 217, 'CHANCANI'),
(1517, 207, 'CHARBONIER'),
(1518, 208, 'CHARRAS'),
(1519, 220, 'CHAZON'),
(1520, 216, 'CHILIBROSTE'),
(1521, 228, 'CHUCHIRAS'),
(1522, 203, 'CHUCUL'),
(1523, 219, 'CHUÑA'),
(1524, 225, 'CHUÑA HUASI'),
(1525, 227, 'CHURQUI CAÑADA'),
(1526, 215, 'CIENAGA DE ALLENDE'),
(1527, 206, 'CIENAGA DE BRITOS'),
(1528, 206, 'CIENAGA DEL CORO'),
(1529, 216, 'CINTRA'),
(1530, 226, 'COLAZO'),
(1531, 210, 'COLONIA 10 DE JULIO'),
(1532, 211, 'COLONIA ALMADA'),
(1533, 211, 'COLONIA ALMADA'),
(1534, 210, 'COLONIA ANITA'),
(1535, 210, 'COLONIA ANITA'),
(1536, 216, 'COLONIA BISMARCK'),
(1537, 216, 'COLONIA BREMEN'),
(1538, 205, 'COLONIA CAROYA'),
(1539, 210, 'COLONIA COYUNDA'),
(1540, 203, 'COLONIA EL CARMEN'),
(1541, 210, 'COLONIA LA TORDILLA'),
(1542, 221, 'COLONIA LAS CUATRO ESQUINAS'),
(1543, 212, 'COLONIA MACKINLAY'),
(1544, 210, 'COLONIA MALBERTINA ,EMB.KILOMETRO 531'),
(1545, 210, 'COLONIA MARINA'),
(1546, 210, 'COLONIA PROSPERIDAD'),
(1547, 205, 'COLONIA RIO CHICO'),
(1548, 210, 'COLONIA SAN BARTOLOME'),
(1549, 210, 'COLONIA SAN PEDRO'),
(1550, 210, 'COLONIA SAN RAFAEL'),
(1551, 216, 'COLONIA SANTA MARIA'),
(1552, 210, 'COLONIA SANTA MARIA'),
(1553, 205, 'COLONIA TIROLESA ,EST.'),
(1554, 209, 'COLONIA VEINTICINCO'),
(1555, 226, 'COLONIA VIDELA'),
(1556, 210, 'COLONIA VIGNAUD'),
(1557, 210, 'COLONIA WALTELINA'),
(1558, 228, 'CONLARA'),
(1559, 219, 'COPACABANA'),
(1560, 213, 'CORDOBA'),
(1561, 203, 'CORONEL BAIGORRIA'),
(1562, 203, 'CORONEL MOLDES'),
(1563, 213, 'CORONEL OLMEDO'),
(1564, 227, 'CORRAL DE BARRANCA'),
(1565, 209, 'CORRAL DE BUSTOS'),
(1566, 216, 'CORRAL DEL BAJO'),
(1567, 211, 'CORRALITO'),
(1568, 210, 'CORTES, JERONIMO'),
(1569, 214, 'COSME'),
(1570, 207, 'COSQUIN'),
(1571, 226, 'COSTA SACATE'),
(1572, 210, 'COTAGAITA'),
(1573, 211, 'CRAIK, JAMES'),
(1574, 209, 'CRUZ ALTA'),
(1575, 207, 'CRUZ CHICA'),
(1576, 222, 'CRUZ DE CAÑA'),
(1577, 222, 'CRUZ DEL EJE ,EST.NORTE'),
(1578, 204, 'CRUZ DEL QUEMADO'),
(1579, 207, 'CRUZ GRANDE'),
(1580, 219, 'CRUZ MOJADA'),
(1581, 216, 'CUATRO CAMINOS'),
(1582, 203, 'CUATRO VIENTOS'),
(1583, 207, 'CUCHI CORRAL'),
(1584, 207, 'CUEVA DE INDIOS'),
(1585, 207, 'CUEVA DE LOS PAJARITOS'),
(1586, 229, 'CURAPALIGUE'),
(1587, 214, 'DE LA QUINTANA, JOSE'),
(1588, 224, 'DE LA SERNA'),
(1589, 219, 'DEAN FUNES'),
(1590, 224, 'DEL CAMPILLO'),
(1591, 214, 'DESPEÑADEROS ,EST.DR.LUCAS A.DE OLMOS'),
(1592, 210, 'DEVOTO'),
(1593, 205, 'DIQUE SAN ROQUE'),
(1594, 204, 'DOCTOR NICASIO SALAS OROÑO'),
(1595, 207, 'DOLORES'),
(1596, 205, 'DUMESNIL'),
(1597, 210, 'EL ARAÑADO'),
(1598, 217, 'EL BAÑADO'),
(1599, 227, 'EL BAÑADO'),
(1600, 222, 'EL BRETE'),
(1601, 215, 'EL CADILLO'),
(1602, 218, 'EL CANO'),
(1603, 206, 'EL CHACHO'),
(1604, 221, 'EL CRISPIN'),
(1605, 205, 'EL DIQUECITO ,AP.'),
(1606, 207, 'EL DURAZNO'),
(1607, 227, 'EL DURAZNO'),
(1608, 215, 'EL FARO'),
(1609, 216, 'EL FLORENTINO'),
(1610, 210, 'EL FORTIN'),
(1611, 210, 'EL FUERTECITO'),
(1612, 213, 'EL GATEADO'),
(1613, 205, 'EL MANZANO'),
(1614, 215, 'EL MIRADOR'),
(1615, 224, 'EL PAMPERO'),
(1616, 205, 'EL PAYADOR ,AP.'),
(1617, 222, 'EL PERCHEL'),
(1618, 227, 'EL PERCHEL'),
(1619, 215, 'EL PONIENTE'),
(1620, 215, 'EL PORTEZUELO'),
(1621, 221, 'EL QUEBRACHO'),
(1622, 219, 'EL QUEBRACHO'),
(1623, 208, 'EL RASTREADOR'),
(1624, 207, 'EL RETIRO'),
(1625, 207, 'EL ROSARIO'),
(1626, 205, 'EL SAUCE'),
(1627, 221, 'EL SUNCHO'),
(1628, 203, 'EL TAMBO'),
(1629, 210, 'EL TIO'),
(1630, 221, 'EL TOSTADO'),
(1631, 227, 'EL TUSCAL'),
(1632, 227, 'EL VENCE'),
(1633, 205, 'EL ZAINO ,AP.'),
(1634, 207, 'EL ZAPATO'),
(1635, 212, 'ELCANO, SEBASTIAN'),
(1636, 203, 'ELENA'),
(1637, 218, 'EMBALSE MINISTRO JUAN PISTARINI'),
(1638, 212, 'ENCRUCIJADAS'),
(1639, 216, 'ESCALANTE, WENCESLAO'),
(1640, 213, 'ESCUELA PARACAIDISTAS ,AP.'),
(1641, 203, 'ESPINILLO'),
(1642, 217, 'ESQUINA'),
(1643, 206, 'ESTANCIA DE GUADALUPE'),
(1644, 220, 'ETRURIA'),
(1645, 214, 'FALDA DEL CARMEN'),
(1646, 213, 'FERREYRA'),
(1647, 209, 'FLORA'),
(1648, 203, 'FRAGUEIRO'),
(1649, 229, 'FRAY CAYETANO RODRIGUEZ'),
(1650, 210, 'FREYRE'),
(1651, 207, 'FUNES, DOMINGO ,AP.'),
(1652, 208, 'FUNES, PEDRO E.'),
(1653, 214, 'GARCIA, RAFAEL'),
(1654, 229, 'GAVILAN ,EST.'),
(1655, 209, 'GENERAL BALDISSERA'),
(1656, 208, 'GENERAL CABRERA'),
(1657, 208, 'GENERAL DEHEZA'),
(1658, 211, 'GENERAL FOTHERINGHAM'),
(1659, 230, 'GENERAL LEVALLE'),
(1660, 205, 'GENERAL ORTIZ DE OCAMPO ,AP.'),
(1661, 205, 'GENERAL PAZ'),
(1662, 209, 'GENERAL ROCA'),
(1663, 203, 'GENERAL SOLER'),
(1664, 231, 'GIGENA ESTACION'),
(1665, 216, 'GOULD, BENJAMIN'),
(1666, 222, 'GUANACO MUERTO'),
(1667, 230, 'GUARDIA VIEJA'),
(1668, 206, 'GUASAPAMPA'),
(1669, 209, 'GUATIMOZIN'),
(1670, 213, 'GUIÑAZU'),
(1671, 212, 'GUTEMBERG'),
(1672, 211, 'HERNANDO'),
(1673, 208, 'HUANCHILLA'),
(1674, 219, 'HUASCHA'),
(1675, 207, 'HUERTA GRANDE'),
(1676, 224, 'HUINCA RENANCO'),
(1677, 216, 'IDIAZABAL'),
(1678, 222, 'IGLESIA VIEJA'),
(1679, 226, 'IMPIRA'),
(1680, 224, 'INGENIERO MALMEN'),
(1681, 209, 'INRIVILLE'),
(1682, 219, 'ISCHILIN'),
(1683, 219, 'ISCHILIN VIEJO'),
(1684, 227, 'ISLA DE SAN ANTONIO'),
(1685, 209, 'ISLA VERDE'),
(1686, 224, 'ITALO'),
(1687, 210, 'JEANMAIRE'),
(1688, 205, 'JESUS MARIA'),
(1689, 205, 'JUAREZ CELMAN'),
(1690, 209, 'JUAREZ, MARCOS'),
(1691, 213, 'KILOMETRO 1,5 AP.'),
(1692, 203, 'KILOMETRO 136 ,EMP.'),
(1693, 205, 'KILOMETRO 16'),
(1694, 205, 'KILOMETRO 16'),
(1695, 221, 'KILOMETRO 182 ,DV.'),
(1696, 214, 'KILOMETRO 23'),
(1697, 205, 'KILOMETRO 23'),
(1698, 205, 'KILOMETRO 25'),
(1699, 221, 'KILOMETRO 271 ,AP.'),
(1700, 221, 'KILOMETRO 316 ,AP.'),
(1701, 204, 'KILOMETRO 394 ,AP.'),
(1702, 209, 'KILOMETRO 466 ,DV.'),
(1703, 219, 'KILOMETRO 480 ,AP.'),
(1704, 222, 'KILOMETRO 541 ,AP.'),
(1705, 220, 'KILOMETRO 563 ,DV.'),
(1706, 209, 'KILOMETRO 57 ,EST.EMB.'),
(1707, 207, 'KILOMETRO 579 ,AP.'),
(1708, 210, 'KILOMETRO 581 ,EMB.'),
(1709, 207, 'KILOMETRO 608 ,AP.'),
(1710, 210, 'KILOMETRO 618 ,DV.'),
(1711, 206, 'KILOMETRO 636 ,DV.'),
(1712, 206, 'KILOMETRO 651 ,DV.'),
(1713, 214, 'KILOMETRO 679'),
(1714, 221, 'KILOMETRO 691 ,DV.'),
(1715, 213, 'KILOMETRO 7'),
(1716, 213, 'KILOMETRO 730 ,AP.'),
(1717, 205, 'KILOMETRO 745'),
(1718, 219, 'KILOMETRO 859 ,AP.'),
(1719, 219, 'KILOMETRO 865 ,AP.'),
(1720, 219, 'KILOMETRO 881 ,EMB.'),
(1721, 214, 'KILOMETRO 9'),
(1722, 227, 'KILOMETRO 907 ,EST.'),
(1723, 227, 'KILOMETRO 931'),
(1724, 203, 'LA AGUADA'),
(1725, 206, 'LA ARGENTINA'),
(1726, 206, 'LA BISMUTINA'),
(1727, 221, 'LA BUENA PARADA ,EST.COMECHINGONES'),
(1728, 205, 'LA CALERA'),
(1729, 212, 'LA CAÑADA'),
(1730, 227, 'LA CAÑADA'),
(1731, 208, 'LA CARLOTA'),
(1732, 203, 'LA CAUTIVA'),
(1733, 210, 'LA CORTADERA'),
(1734, 218, 'LA CRUZ'),
(1735, 207, 'LA CUESTA'),
(1736, 207, 'LA CUMBRE'),
(1737, 227, 'LA ESPERANZA'),
(1738, 203, 'LA ESQUINA'),
(1739, 214, 'LA ESTANCIA'),
(1740, 207, 'LA FALDA'),
(1741, 210, 'LA FRANCIA'),
(1742, 203, 'LA GILDA'),
(1743, 205, 'LA GRANJA'),
(1744, 220, 'LA HERRADURA'),
(1745, 222, 'LA HIGUERA'),
(1746, 219, 'LA JUANITA'),
(1747, 220, 'LA LAGUNA'),
(1748, 227, 'LA MAJADILLA'),
(1749, 217, 'LA MUDANA'),
(1750, 224, 'LA NACIONAL'),
(1751, 220, 'LA PALESTINA'),
(1752, 204, 'LA PAMPA'),
(1753, 210, 'LA PAQUITA ,EST.PRESIDENTE F.ALCORTA'),
(1754, 221, 'LA PARA'),
(1755, 217, 'LA PATRIA'),
(1756, 228, 'LA PAZ'),
(1757, 224, 'LA PENCA'),
(1758, 206, 'LA PLAYA'),
(1759, 220, 'LA PLAYOSA'),
(1760, 228, 'LA POBLACION'),
(1761, 221, 'LA POSTA'),
(1762, 205, 'LA PUERTA'),
(1763, 221, 'LA PUERTA'),
(1764, 228, 'LA RAMADA'),
(1765, 210, 'LA REPRESA'),
(1766, 212, 'LA RINCONADA'),
(1767, 214, 'LA SERRANITA'),
(1768, 217, 'LA TABLADA'),
(1769, 213, 'LA TABLADA ,AP.'),
(1770, 216, 'LA TIGRA'),
(1771, 207, 'LA TOMA'),
(1772, 227, 'LA TOMA'),
(1773, 216, 'LABORDE'),
(1774, 229, 'LABOULAYE'),
(1775, 229, 'LAGUNA DEL MONTE'),
(1776, 212, 'LAGUNA DEL SUNCHO'),
(1777, 226, 'LAGUNA LARGA'),
(1778, 203, 'LAGUNA OSCURA'),
(1779, 226, 'LAGUNILLA'),
(1780, 224, 'LARSEN'),
(1781, 203, 'LAS ACEQUIAS'),
(1782, 227, 'LAS ARRIAS'),
(1783, 221, 'LAS AVERIAS'),
(1784, 218, 'LAS BAJADAS'),
(1785, 215, 'LAS CALLES'),
(1786, 203, 'LAS CAÑITAS'),
(1787, 205, 'LAS CHACRAS'),
(1788, 217, 'LAS CHACRAS'),
(1789, 207, 'LAS CHACRAS'),
(1790, 232, 'LAS CHACRAS'),
(1791, 215, 'LAS ENSENADAS'),
(1792, 203, 'LAS GAMAS'),
(1793, 203, 'LAS HIGUERAS'),
(1794, 211, 'LAS ISLETILLAS'),
(1795, 226, 'LAS JUNTURAS'),
(1796, 220, 'LAS MOJARRAS'),
(1797, 233, 'LAS MOSTAZAS'),
(1798, 212, 'LAS MOSTAZAS'),
(1799, 217, 'LAS PALMAS'),
(1800, 203, 'LAS PEÑAS'),
(1801, 204, 'LAS PEÑAS'),
(1802, 211, 'LAS PERDICES'),
(1803, 215, 'LAS RABONAS'),
(1804, 221, 'LAS SALADAS'),
(1805, 203, 'LAS TAPIAS'),
(1806, 228, 'LAS TAPIAS'),
(1807, 215, 'LAS TOSCAS'),
(1808, 219, 'LAS TOSCAS'),
(1809, 210, 'LAS VARAS'),
(1810, 210, 'LAS VARILLAS'),
(1811, 203, 'LAS VERTIENTES'),
(1812, 210, 'LASPIUR, SATURNINO M.'),
(1813, 224, 'LECUEDER'),
(1814, 209, 'LEDESMA, ALEJO'),
(1815, 230, 'LEGUIZAMON'),
(1816, 209, 'LEONES'),
(1817, 227, 'LOA ALAMOS'),
(1818, 212, 'LOA ALGARROBOS'),
(1819, 205, 'LOMAS DE SAN JOSE'),
(1820, 224, 'LOS ALFALFARES'),
(1821, 205, 'LOS ALTOS'),
(1822, 219, 'LOS CADILLOS'),
(1823, 215, 'LOS CALLEJONES'),
(1824, 228, 'LOS CERRILLOS'),
(1825, 212, 'LOS CERRILLOS'),
(1826, 204, 'LOS CHAÑARES'),
(1827, 226, 'LOS CHAÑARITOS'),
(1828, 208, 'LOS CISNES'),
(1829, 207, 'LOS COCOS'),
(1830, 204, 'LOS COMETIERRA'),
(1831, 218, 'LOS CONDORES'),
(1832, 207, 'LOS GIGANTES'),
(1833, 228, 'LOS HORNILLOS'),
(1834, 212, 'LOS HOYOS'),
(1835, 203, 'LOS JAGUELES'),
(1836, 228, 'LOS MANANTIALES'),
(1837, 217, 'LOS MEDANITOS'),
(1838, 204, 'LOS MISTOLES'),
(1839, 218, 'LOS MOLINOS'),
(1840, 228, 'LOS MOLLES'),
(1841, 205, 'LOS MOLLES'),
(1842, 206, 'LOS MORTERITOS'),
(1843, 212, 'LOS PORONGOS'),
(1844, 219, 'LOS POZOS ,AP.KILOMETRO 827'),
(1845, 217, 'LOS QUEBRACHITOS'),
(1846, 205, 'LOS QUEBRACHITOS'),
(1847, 218, 'LOS REARTES'),
(1848, 222, 'LOS SAUCES'),
(1849, 209, 'LOS SURGENTES'),
(1850, 219, 'LOS TARTAROS'),
(1851, 211, 'LOS ZORROS'),
(1852, 214, 'LOZADA'),
(1853, 220, 'LUCA'),
(1854, 207, 'LUGONES, LEOPOLDO ,AP.'),
(1855, 226, 'LUQUE'),
(1856, 218, 'LUTTI'),
(1857, 210, 'LUXARDO'),
(1858, 228, 'LUYABA'),
(1859, 204, 'MACHA'),
(1860, 217, 'MAGIGASTA'),
(1861, 222, 'MAJADA DE SANTIAGO'),
(1862, 214, 'MALAGUENO'),
(1863, 203, 'MALENA'),
(1864, 207, 'MALLIN'),
(1865, 205, 'MALVINAS ARGENTINAS ,EST.KILOMETRO 711'),
(1866, 208, 'MANANTIALES'),
(1867, 226, 'MANFREDI'),
(1868, 227, 'MANSILLA, LUCIO V.'),
(1869, 221, 'MAQUINISTA GALLINI'),
(1870, 210, 'MARULL'),
(1871, 226, 'MATORRALES'),
(1872, 224, 'MATTALDI'),
(1873, 205, 'MEDIA LUNA'),
(1874, 222, 'MEDIA NARANJA'),
(1875, 229, 'MELO'),
(1876, 205, 'MENDIOLAZA'),
(1877, 215, 'MINA CLAVERO'),
(1878, 210, 'MIRAMAR'),
(1879, 207, 'MOLINARI'),
(1880, 209, 'MONTE BUEY'),
(1881, 221, 'MONTE CRISTO'),
(1882, 203, 'MONTE DE LOS GAUCHOS'),
(1883, 221, 'MONTE DEL ROSARIO'),
(1884, 216, 'MONTE LEÑA'),
(1885, 216, 'MONTE MAIZ'),
(1886, 214, 'MONTE RALO'),
(1887, 210, 'MONTE REDONDO ,EST.'),
(1888, 216, 'MORRISON'),
(1889, 210, 'MORTEROS'),
(1890, 204, 'MULA MUERTA'),
(1891, 215, 'MUSSI'),
(1892, 213, 'NARVAJA, TRISTAN ,AP.'),
(1893, 224, 'NAZCA'),
(1894, 206, 'NINALQUIN'),
(1895, 216, 'NOETINGER'),
(1896, 215, 'NONO'),
(1897, 221, 'NUEVA ALDALUCIA'),
(1898, 205, 'NUÑEZ DEL ORADO'),
(1899, 221, 'OBISPO TREJO'),
(1900, 206, 'OJO DE AGUA'),
(1901, 206, 'OJO DE AGUA'),
(1902, 207, 'OLAEN'),
(1903, 208, 'OLAETA'),
(1904, 234, 'OLIVA'),
(1905, 208, 'OLMOS'),
(1906, 224, 'ONAGOITY'),
(1907, 226, 'ONCATIVO'),
(1908, 219, 'ONGAMIRA'),
(1909, 216, 'ORDOÑEZ'),
(1910, 222, 'ORO GRUESO'),
(1911, 215, 'PACHANGO'),
(1912, 208, 'PACHECO DE MELO'),
(1913, 205, 'PAJAS BLANCAS'),
(1914, 211, 'PAMPAYASTA NORTE'),
(1915, 211, 'PAMPAYASTA SUR'),
(1916, 207, 'PAN DE AZUCAR ,AP.KILOMETRO 592');
INSERT INTO `localidades` (`id`, `departamento_id`, `descripcion`) VALUES
(1917, 215, 'PANAHOLMA'),
(1918, 216, 'PASCANAS'),
(1919, 220, 'PASCO'),
(1920, 203, 'PASO DEL RIO SECO'),
(1921, 222, 'PASO VIEJO'),
(1922, 203, 'PAUNERO'),
(1923, 208, 'PAVIN'),
(1924, 224, 'PEGASANO'),
(1925, 220, 'PELLICO, SILVIO'),
(1926, 219, 'PETER, JAIME'),
(1927, 222, 'PICHANAS'),
(1928, 203, 'PIEDRA BLANCA'),
(1929, 206, 'PIEDRAS ANCHAS'),
(1930, 222, 'PIEDRAS BLANCAS'),
(1931, 206, 'PIEDRITA BLANCA'),
(1932, 217, 'PIEDRITAS ROSADAS'),
(1933, 226, 'PILAR'),
(1934, 206, 'PINAS'),
(1935, 224, 'PINCEN'),
(1936, 207, 'PINTOS'),
(1937, 221, 'PIQUILLIN'),
(1938, 224, 'PIZARRO, MODESTINO'),
(1939, 210, 'PLAYA GRANDE'),
(1940, 210, 'PLAZA BRUNO'),
(1941, 226, 'PLAZA COLAZO'),
(1942, 221, 'PLAZA DE MERCEDES'),
(1943, 210, 'PLAZA DEHEZA'),
(1944, 210, 'PLAZA LUXARDO'),
(1945, 210, 'PLAZA SAN FRANCISCO'),
(1946, 226, 'PLAZA VIDELA'),
(1947, 217, 'POCHO'),
(1948, 210, 'PORTEÑA'),
(1949, 216, 'POSSE, JUSTINIANO'),
(1950, 221, 'POZO DE LA LOMA'),
(1951, 215, 'POZO DE LA PAMPA'),
(1952, 212, 'POZO DE LAS OLLAS'),
(1953, 228, 'POZO DEL CHAÑAR'),
(1954, 226, 'POZO DEL MOLLE'),
(1955, 221, 'POZO DEL MORO'),
(1956, 205, 'POZO DEL TIGRE'),
(1957, 203, 'PRETOT FREYRE'),
(1958, 216, 'PUEBLO ITALIANO'),
(1959, 216, 'PUEBLO VIEJO'),
(1960, 203, 'PUERTA COLORADA'),
(1961, 221, 'PUESTO DE AFUERA ,AP.'),
(1962, 212, 'PUESTO DE CASTRO'),
(1963, 204, 'PUESTO DEL ROSARIO'),
(1964, 221, 'PUESTO PUCHETA'),
(1965, 227, 'PUESTO SAN JOSE'),
(1966, 207, 'PUNILLA ,AP.'),
(1967, 203, 'PUNTA DEL AGUA'),
(1968, 211, 'PUNTA DEL AGUA'),
(1969, 221, 'PUNTA DEL AGUA'),
(1970, 210, 'QUEBRACHO HERRADO'),
(1971, 228, 'QUEBRADA DE LOS POZOS'),
(1972, 219, 'QUILINO'),
(1973, 213, 'QUISQUIZACATE ,AP.'),
(1974, 221, 'RANGEL'),
(1975, 224, 'RANQUELES'),
(1976, 206, 'RARA FORTUNA'),
(1977, 212, 'RAYO CORTADO'),
(1978, 226, 'RINCON'),
(1979, 218, 'RINCON DE LUNA'),
(1980, 229, 'RIO BAMBA'),
(1981, 205, 'RIO CEBALLOS'),
(1982, 203, 'RIO CUARTO'),
(1983, 203, 'RIO CUARTO NORTE ,AP.'),
(1984, 218, 'RIO DE LOS MOLINOS ,PDA.'),
(1985, 218, 'RIO DE LOS SAUCES'),
(1986, 217, 'RIO HONDO'),
(1987, 221, 'RIO PRIMERO'),
(1988, 226, 'RIO SEGUNDO'),
(1989, 211, 'RIO TERCERO'),
(1990, 213, 'RIVERA INDARTE'),
(1991, 208, 'ROCA, ALEJANDRO ,EST.ALEJANDRO'),
(1992, 206, 'RODEO GRANDE'),
(1993, 203, 'RODEO VIEJO'),
(1994, 213, 'RODRIGUEZ DEL BUSTO'),
(1995, 221, 'ROJAS, DIEGO DE'),
(1996, 229, 'ROSALES'),
(1997, 205, 'ROSALES, BLAS DE'),
(1998, 229, 'RUIZ DIAZ DE GUZMAN'),
(1999, 206, 'RUMIYACO'),
(2000, 210, 'SACANTA'),
(2001, 219, 'SAGUION'),
(2002, 209, 'SAIRA'),
(2003, 209, 'SALADILLO'),
(2004, 230, 'SALAS, MIGUEL'),
(2005, 205, 'SALDAN'),
(2006, 229, 'SALGUERO'),
(2007, 217, 'SALSACATE'),
(2008, 205, 'SALSIPUEDES'),
(2009, 203, 'SAMPACHO'),
(2010, 210, 'SAN AGUSTIN'),
(2011, 218, 'SAN AGUSTIN'),
(2012, 203, 'SAN AMBROSIO'),
(2013, 210, 'SAN ANTINIO'),
(2014, 214, 'SAN ANTONIO'),
(2015, 222, 'SAN ANTONIO'),
(2016, 207, 'SAN ANTONIO DE ARREDONDO'),
(2017, 216, 'SAN ANTONIO DE LITIN'),
(2018, 203, 'SAN BARTOLOME'),
(2019, 203, 'SAN BASILIO'),
(2020, 207, 'SAN BUENAVENTURA'),
(2021, 207, 'SAN BUENAVENTURA ,AP.'),
(2022, 206, 'SAN CARLOS'),
(2023, 227, 'SAN CARLOS'),
(2024, 214, 'SAN CLEMENTE'),
(2025, 207, 'SAN ESTEBAN'),
(2026, 205, 'SAN FERNANDO'),
(2027, 210, 'SAN FRANCISCO'),
(2028, 225, 'SAN FRANCISCO DEL CHAÑAR'),
(2029, 217, 'SAN GERONIMO'),
(2030, 218, 'SAN IGNACIO'),
(2031, 222, 'SAN IGNACIO'),
(2032, 228, 'SAN JAVIER'),
(2033, 230, 'SAN JOAQUIN'),
(2034, 228, 'SAN JOSE'),
(2035, 207, 'SAN JOSE'),
(2036, 227, 'SAN JOSE DE LA DORMIDA'),
(2037, 227, 'SAN JOSE DE LAS SALINAS ,EST.SAN JOSE'),
(2038, 209, 'SAN JOSE DEL SALTEÑO'),
(2039, 215, 'SAN LORENZO'),
(2040, 212, 'SAN LUIS'),
(2041, 216, 'SAN MARCOS'),
(2042, 222, 'SAN MARCOS SIERRA'),
(2043, 212, 'SAN MIGUEL'),
(2044, 215, 'SAN PEDRO'),
(2045, 214, 'SAN PEDRO'),
(2046, 212, 'SAN PEDRO'),
(2047, 219, 'SAN PEDRO DE TOYOS'),
(2048, 227, 'SAN PEDRO NORTE'),
(2049, 215, 'SAN RAFAEL'),
(2050, 207, 'SAN ROQUE'),
(2051, 216, 'SAN SEVERO'),
(2052, 215, 'SAN VICENTE'),
(2053, 220, 'SANABRIA'),
(2054, 222, 'SANTA ANA'),
(2055, 215, 'SANTA CATALINA'),
(2056, 203, 'SANTA CATALINA ,EST.HOLMBERG'),
(2057, 227, 'SANTA CRUZ'),
(2058, 208, 'SANTA EUFEMIA'),
(2059, 213, 'SANTA ISABEL'),
(2060, 224, 'SANTA MAGDALENA ,EST.JOVITA'),
(2061, 204, 'SANTA MARIA'),
(2062, 207, 'SANTA MARIA DE PUNILLA ,EST.SANTA MARIA'),
(2063, 215, 'SANTA ROSA'),
(2064, 218, 'SANTA ROSA DE CALAMUCHITA'),
(2065, 221, 'SANTA ROSA DE RIO PRIMERO ,EST.V.S.ROSA'),
(2066, 204, 'SANTA SABINA'),
(2067, 205, 'SANTA TERESA'),
(2068, 220, 'SANTA VICTORIA'),
(2069, 204, 'SARMIENTO'),
(2070, 206, 'SAUCE DE LOS QUEVEDOS'),
(2071, 210, 'SEEBER'),
(2072, 229, 'SERRANO'),
(2073, 222, 'SERREZUELA'),
(2074, 204, 'SIMBOLAR'),
(2075, 204, 'SINSACATE'),
(2076, 218, 'SOCONCHO'),
(2077, 222, 'SOTO'),
(2078, 203, 'SUCO'),
(2079, 213, 'SUQUIA ,AP.'),
(2080, 220, 'SVILLA NUEVA'),
(2081, 222, 'TABAQUILLO'),
(2082, 217, 'TALA CAÑADA'),
(2083, 218, 'TALA CRUZ'),
(2084, 221, 'TALA NORTE ,EST.EL ALCALDE'),
(2085, 206, 'TALAINI'),
(2086, 211, 'TANCACHA'),
(2087, 207, 'TANTI'),
(2088, 207, 'TANTI NUEVO'),
(2089, 215, 'TASMA'),
(2090, 203, 'TEGUA'),
(2091, 226, 'TEMPLE, SANTIAGO'),
(2092, 207, 'THEA'),
(2093, 220, 'TICINO'),
(2094, 228, 'TILQUICHO'),
(2095, 205, 'TINOCO'),
(2096, 220, 'TIO PUJIO'),
(2097, 214, 'TOLEDO'),
(2098, 206, 'TOSNO'),
(2099, 203, 'TOSQUITA'),
(2100, 227, 'TOTORALEJOS'),
(2101, 210, 'TRANSITO'),
(2102, 228, 'TRAVESIA'),
(2103, 222, 'TRES ARBOLES'),
(2104, 210, 'TRINCHERA'),
(2105, 222, 'TUCLAME'),
(2106, 208, 'UCACHA'),
(2107, 205, 'UNQUILLO'),
(2108, 207, 'VALLE HERMOSO'),
(2109, 211, 'VELEZ SARSFIELD, DALMACIO'),
(2110, 213, 'VELEZ SARSFIELD, DALMACIO ,AP.'),
(2111, 216, 'VIAMONTE'),
(2112, 203, 'VICUÑA MACKENNA'),
(2113, 214, 'VILLA AIZACATE'),
(2114, 219, 'VILLA ALICIA'),
(2115, 205, 'VILLA ALLENDE'),
(2116, 211, 'VILLA ASCASUBI'),
(2117, 207, 'VILLA BUSTOS'),
(2118, 212, 'VILLA CANDELARIA'),
(2119, 207, 'VILLA CARLOS PAZ'),
(2120, 205, 'VILLA CERRO AZUL'),
(2121, 205, 'VILLA COLANCHANGA'),
(2122, 209, 'VILLA COLONIA ITALIANA'),
(2123, 210, 'VILLA CONCEPCION DEL TIO'),
(2124, 205, 'VILLA CORAZON DE MARIA'),
(2125, 215, 'VILLA CURA BROCHERO'),
(2126, 228, 'VILLA DE LAS ROSAS'),
(2127, 212, 'VILLA DE MARIA'),
(2128, 222, 'VILLA DE SOTO'),
(2129, 218, 'VILLA DEL DIQUE'),
(2130, 207, 'VILLA DEL LAGO'),
(2131, 226, 'VILLA DEL ROSARIO'),
(2132, 204, 'VILLA DEL TOTORAL'),
(2133, 210, 'VILLA DEL TRANSITO'),
(2134, 228, 'VILLA DOLORES'),
(2135, 209, 'VILLA ELISA'),
(2136, 213, 'VILLA ESQUIU'),
(2137, 221, 'VILLA FONTANA'),
(2138, 207, 'VILLA GARCIA'),
(2139, 218, 'VILLA GENERAL BELGRANO'),
(2140, 207, 'VILLA GIARDINO'),
(2141, 219, 'VILLA GUTIERREZ ,EMB. KM. 807'),
(2142, 224, 'VILLA HUIDOBRO ,EST.CAÑADA VERDE'),
(2143, 207, 'VILLA ICHO CRUZ'),
(2144, 207, 'VILLA INDEPENDENCIA'),
(2145, 218, 'VILLA LOS MOLINOS'),
(2146, 220, 'VILLA MARIA'),
(2147, 224, 'VILLA MODERNA'),
(2148, 205, 'VILLA ÑU PORA'),
(2149, 219, 'VILLA QUILINO'),
(2150, 215, 'VILLA RAFAEL BENEGAS'),
(2151, 208, 'VILLA REDUCCION'),
(2152, 227, 'VILLA ROSARIO DEL SALADILLO'),
(2153, 229, 'VILLA ROSSI'),
(2154, 218, 'VILLA RUMIPAL'),
(2155, 221, 'VILLA SAN ANTONIO'),
(2156, 210, 'VILLA SAN ESTEBAN'),
(2157, 224, 'VILLA SARMIENTO'),
(2158, 227, 'VILLA TULUMBA'),
(2159, 224, 'VILLA VALERIA'),
(2160, 210, 'VILLA VAUDAGNA'),
(2161, 217, 'VILLA VISO'),
(2162, 221, 'VIVAS, PEDRO E. ,EMB.KILOMETRO 658'),
(2163, 229, 'VIVERO'),
(2164, 203, 'WASHINGTON'),
(2165, 224, 'WATT ,EST.MELIDEO'),
(2166, 228, 'YACANTO'),
(2167, 235, 'YACANTO DE CALAMUCHITA'),
(2168, 214, 'YOCSINA'),
(2169, 216, 'ZUMARAN, ANA'),
(2170, 236, '9 DE JULIO ,EST.PUEBLO DE JULIO'),
(2171, 237, 'ACUÑA'),
(2172, 238, 'AGUAPEY'),
(2173, 239, 'AGUAY'),
(2174, 240, 'ALEM CUE'),
(2175, 241, 'ALFONSO LOMA'),
(2176, 238, 'ALVEAR'),
(2177, 242, 'ANGUA'),
(2178, 243, 'APIPE'),
(2179, 244, 'ARERUNGUA'),
(2180, 245, 'ARROYITO'),
(2181, 242, 'ARROYO AMBROSIO ,AP.'),
(2182, 236, 'ARROYO GONZALEZ'),
(2183, 246, 'ARROYO PONTON'),
(2184, 239, 'BAIBIENE'),
(2185, 247, 'BAÑADO SUR'),
(2186, 248, 'BATEL'),
(2187, 245, 'BELLA VISTA'),
(2188, 244, 'BERON DE ASTRADA'),
(2189, 249, 'BONPLAND'),
(2190, 241, 'BOQUERON'),
(2191, 250, 'BUENA VISTA'),
(2192, 241, 'CAA GUAZU ,AP.'),
(2193, 249, 'CABRED'),
(2194, 251, 'CAMPO GRANDE'),
(2195, 246, 'CAMPO GRANDE'),
(2196, 252, 'CAÑADITAS'),
(2197, 253, 'CAPILLITAS'),
(2198, 239, 'CAPITAN JOAQUIN MADARIAGA'),
(2199, 254, 'CAZA PAVA'),
(2200, 239, 'CAZADORES CORRENTINOS'),
(2201, 253, 'CERRITO'),
(2202, 246, 'CERRUDO CUE'),
(2203, 236, 'CHAVARRIA'),
(2204, 245, 'COLONIA 3 DE ABRIL'),
(2205, 239, 'COLONIA BARRIENTOS'),
(2206, 237, 'COLONIA BUEN RETIRO'),
(2207, 240, 'COLONIA CARLOS PELLEGRINI'),
(2208, 250, 'COLONIA CAROLINA'),
(2209, 250, 'COLONIA CAROLINA ,AP.'),
(2210, 254, 'COLONIA GARABI'),
(2211, 250, 'COLONIA ISABEL VICTORIA'),
(2212, 255, 'COLONIA MADARIAGA'),
(2213, 236, 'COLONIA PANDO'),
(2214, 250, 'COLONIA PORVENIR'),
(2215, 245, 'COLONIA PROGRESO'),
(2216, 250, 'COLONIA PUCHETA'),
(2217, 253, 'COLONIA ROMERO'),
(2218, 253, 'COLONIA SAN MARTIN'),
(2219, 242, 'COLONIA SARGENTO JUAN B. CABRAL'),
(2220, 256, 'COLONIA TATACUA'),
(2221, 248, 'COLONIA YATAYTI CALLE'),
(2222, 256, 'CONCEPCION'),
(2223, 239, 'CONI, EMILIO R.'),
(2224, 257, 'CORONEL ABRAHAM SCHWEIZER'),
(2225, 254, 'CORONEL DESIDERIO SOSA'),
(2226, 247, 'CORRIENTES'),
(2227, 246, 'COSTA GRANDE'),
(2228, 248, 'CRUCESITA'),
(2229, 248, 'CRUZ DE LOS MILAGROS'),
(2230, 254, 'CUAY GRANDE'),
(2231, 239, 'CURUZU CUATIA'),
(2232, 251, 'DERQUI, MANUEL'),
(2233, 245, 'DESMOCHADO'),
(2234, 239, 'DIAZ COLODRERO,PEDRO'),
(2235, 247, 'DOCTOR FELIX MARIA GOMEZ ,AP.'),
(2236, 241, 'EJERCITO ARGENTINO ,DV.'),
(2237, 251, 'EL SOMBRERO ,EMB.'),
(2238, 246, 'EMPEDRADO LIMPIO'),
(2239, 258, 'ENSENADA GRANDE'),
(2240, 257, 'ESQUINA'),
(2241, 250, 'FANEGAS'),
(2242, 236, 'FERNANDEZ, PEDRO R.,EST.M.F.MANSILLA'),
(2243, 254, 'GALARZA'),
(2244, 254, 'GARRUCHOS'),
(2245, 254, 'GDOR.IGR.VALENTIN VIRASORO.GDOR.VIRASORO'),
(2246, 248, 'GOBERNADOR JUAN E.MARTINEZ'),
(2247, 250, 'GOYA'),
(2248, 240, 'GUAVIRAVI ,EST.25 DE FEBRERO'),
(2249, 257, 'GUAYQUIRARO'),
(2250, 246, 'HERLITKZA'),
(2251, 254, 'HORMIGUERO'),
(2252, 253, 'IBAHAY'),
(2253, 250, 'IFRAN'),
(2254, 258, 'INGENIO PRIMER CORRENTINO'),
(2255, 240, 'ISOQUI'),
(2256, 253, 'ITA IBATE'),
(2257, 259, 'ITATI'),
(2258, 243, 'ITUZAINGO'),
(2259, 245, 'KILOMETR 402 ,AP.'),
(2260, 237, 'KILOMETR0 167 ,AP.'),
(2261, 249, 'KILOMETR0 301 ,AP.'),
(2262, 237, 'KILOMETRO 104 ,AP.'),
(2263, 237, 'KILOMETRO 120 ,AP.'),
(2264, 237, 'KILOMETRO 161 ,PDA.'),
(2265, 237, 'KILOMETRO 173 ,EMB'),
(2266, 237, 'KILOMETRO 182 ,AP.'),
(2267, 249, 'KILOMETRO 204 ,AP.'),
(2268, 236, 'KILOMETRO 374 ,AP.'),
(2269, 236, 'KILOMETRO 382 ,AP.'),
(2270, 236, 'KILOMETRO 387 ,AP.'),
(2271, 238, 'KILOMETRO 394 ,AP.'),
(2272, 254, 'KILOMETRO 396 ,AP.'),
(2273, 239, 'KILOMETRO 405 .AP.'),
(2274, 245, 'KILOMETRO 406 ,AP.'),
(2275, 248, 'KILOMETRO 410 ,AP.'),
(2276, 248, 'KILOMETRO 416 ,AP.'),
(2277, 242, 'KILOMETRO 431 ,AP.'),
(2278, 254, 'KILOMETRO 442 ,AP.'),
(2279, 251, 'KILOMETRO 451 ,AP.'),
(2280, 254, 'KILOMETRO 459 ,AP.'),
(2281, 254, 'KILOMETRO 470 ,AP.'),
(2282, 251, 'KILOMETRO 476 ,AP.'),
(2283, 254, 'KILOMETRO 479 ,AP.'),
(2284, 251, 'KILOMETRO 485 ,AP.'),
(2285, 254, 'KILOMETRO 489 ,AP.'),
(2286, 251, 'KILOMETRO 492 ,AP.'),
(2287, 251, 'KILOMETRO 501 ,AP.'),
(2288, 247, 'KILOMETRO 504 ,AP.'),
(2289, 254, 'KILOMETRO 506 ,AP.'),
(2290, 247, 'KILOMETRO 512 ,AP.'),
(2291, 247, 'KILOMETRO 516 ,AP.'),
(2292, 254, 'KILOMETRO 517 ,AP.'),
(2293, 257, 'LA CASUALIDAD'),
(2294, 240, 'LA CRUZ'),
(2295, 237, 'LABOUGLE'),
(2296, 247, 'LAGUNA BRAVA'),
(2297, 245, 'LAS LOMAS'),
(2298, 238, 'LAS PALMITAS'),
(2299, 248, 'LAVALLE'),
(2300, 237, 'LIBERTAD'),
(2301, 237, 'LIBERTAD ,EST.'),
(2302, 246, 'LOMAS DE GALARZA'),
(2303, 253, 'LOMAS DE VALLEJOS'),
(2304, 255, 'LORETO'),
(2305, 241, 'LOZA, MARIANO I. ,EST.JUSTINO SOLARI'),
(2306, 246, 'MALOYAS'),
(2307, 257, 'MALVINAS'),
(2308, 260, 'MANANTIALES'),
(2309, 260, 'MBURUCUYA'),
(2310, 241, 'MERCEDES'),
(2311, 239, 'MINUANES ,AP.'),
(2312, 237, 'MONTE CASEROS'),
(2313, 246, 'MONTE GRANDE'),
(2314, 250, 'MORA'),
(2315, 245, 'MUCHAS ISLAS'),
(2316, 241, 'NARANJITO'),
(2317, 253, 'NUESTRA SEÑORA DEL ROSARIO DE CAA CATI'),
(2318, 249, 'OMBUCITO'),
(2319, 239, 'PAGO LARGO'),
(2320, 250, 'PAGO REDONDO'),
(2321, 253, 'PALMAR GRANDE'),
(2322, 238, 'PANCHO CUE'),
(2323, 250, 'PARAJE SAN ISIDRO'),
(2324, 258, 'PASO DE LA PATRIA'),
(2325, 249, 'PASO DE LOS LIBRES'),
(2326, 253, 'PASO FLORENTIN'),
(2327, 238, 'PASO ITU'),
(2328, 247, 'PASO PESOA'),
(2329, 239, 'PERUGORRIA'),
(2330, 243, 'PLAYADITO'),
(2331, 249, 'PUCHETA ,PDA.'),
(2332, 257, 'PUEBLO LIBERTADOR'),
(2333, 248, 'PUENTE BATEL'),
(2334, 251, 'PUERTO EMPEDRADO'),
(2335, 250, 'PUERTO GOYA'),
(2336, 248, 'PUERTO LAVALLE'),
(2337, 253, 'PUISOYE'),
(2338, 237, 'PUJOL, JUAN'),
(2339, 260, 'PUNTA GRANDE'),
(2340, 259, 'RAMADA PASO'),
(2341, 246, 'RAMONES'),
(2342, 247, 'RIACHUELO'),
(2343, 237, 'SAENZ VALIENTE'),
(2344, 242, 'SALADAS'),
(2345, 253, 'SALDAÑA'),
(2346, 249, 'SAN ANTONIO'),
(2347, 243, 'SAN CARLOS'),
(2348, 258, 'SAN COSME'),
(2349, 240, 'SAN GABRIEL'),
(2350, 242, 'SAN LORENZO'),
(2351, 246, 'SAN LUIS DEL PALMAR'),
(2352, 255, 'SAN MIGUEL'),
(2353, 236, 'SAN ROQUE'),
(2354, 249, 'SAN SALVADOR'),
(2355, 258, 'SANTA ANA'),
(2356, 248, 'SANTA LUCIA'),
(2357, 256, 'SANTA ROSA'),
(2358, 250, 'SANTILLAN'),
(2359, 254, 'SANTO TOME'),
(2360, 252, 'SAUCE'),
(2361, 256, 'TABAY'),
(2362, 253, 'TACUARAL'),
(2363, 236, 'TACUARITAS'),
(2364, 249, 'TAPEBICUA'),
(2365, 241, 'TIMBOCITO'),
(2366, 238, 'TORRENT'),
(2367, 241, 'UGUAY'),
(2368, 239, 'VACA CUA'),
(2369, 248, 'VILLA CORDOBA'),
(2370, 244, 'YAHAPE'),
(2371, 240, 'YAPEYU'),
(2372, 249, 'YAPEYU ,AP.'),
(2373, 241, 'YOFRE, FELIPE'),
(2374, 241, 'YUQUERI'),
(2375, 261, '1° DE MAYO'),
(2376, 262, '20 DE SEPTIEMBRE'),
(2377, 263, 'ACHAGUE'),
(2378, 261, 'ALBERTO GERCHUNOF ,PDA.'),
(2379, 264, 'ALDEA ASUNCION'),
(2380, 265, 'ALDEA BRASILERA'),
(2381, 266, 'ALDEA CUESTA'),
(2382, 266, 'ALDEA MARIA LUISA'),
(2383, 265, 'ALDEA PROTESTANTE'),
(2384, 267, 'ALDEA SAN ANTONIO'),
(2385, 268, 'ALDEA SAN GREGORIO'),
(2386, 267, 'ALDEA SAN JUAN'),
(2387, 266, 'ALDEA SANTA MARIA'),
(2388, 265, 'ALDEA SPATZENKUTTER'),
(2389, 265, 'ALDEA VALLE MARIA'),
(2390, 262, 'ALGARROBITOS'),
(2391, 263, 'ALTAMIRANO NORTE'),
(2392, 263, 'ALTAMIRANO SUR'),
(2393, 269, 'ANTELO'),
(2394, 269, 'ARANGUREN'),
(2395, 268, 'ARROYO BARU'),
(2396, 263, 'ARROYO CLE'),
(2397, 270, 'ARROYO DEL MEDIO'),
(2398, 268, 'ARROYO PALMAR ,EST.'),
(2399, 261, 'ARROYO URQUIZA'),
(2400, 271, 'ATENCIO'),
(2401, 266, 'BAJADA GRANDE'),
(2402, 261, 'BASAVILBASO'),
(2403, 265, 'BELGRANO'),
(2404, 272, 'BENITO LEGEREN ,AP.'),
(2405, 268, 'BERDUC ,EST.MARTINIANO LEGUIZAMON'),
(2406, 267, 'BERISSO ,EMB.'),
(2407, 262, 'BETBEDER'),
(2408, 266, 'BOCA DEL TIGRE ,AP.'),
(2409, 273, 'BOVRIL'),
(2410, 272, 'CALABACILLAS'),
(2411, 265, 'CAMPS'),
(2412, 267, 'CARBO, ENRIQUE'),
(2413, 267, 'CEIBAS'),
(2414, 266, 'CERRITO ,EST.COLONIA CERRITO'),
(2415, 274, 'CHAJARI'),
(2416, 275, 'CHAÑAR'),
(2417, 270, 'CLARA'),
(2418, 268, 'COLON'),
(2419, 274, 'COLONIA ARGENTINA'),
(2420, 266, 'COLONIA ARGENTINA'),
(2421, 274, 'COLONIA ARRUABARRENA'),
(2422, 273, 'COLONIA AVIGDOR'),
(2423, 270, 'COLONIA BELEZ'),
(2424, 273, 'COLONIA BUENA VISTA'),
(2425, 261, 'COLONIA CASEROS ,EST.CASEROS'),
(2426, 266, 'COLONIA CENTENARIO ,AP.'),
(2427, 267, 'COLONIA DELTA'),
(2428, 268, 'COLONIA EL CARMEN'),
(2429, 261, 'COLONIA EL SAUCE'),
(2430, 261, 'COLONIA ELIA'),
(2431, 274, 'COLONIA ENSANCHE SAUCE'),
(2432, 268, 'COLONIA HAMBIS'),
(2433, 268, 'COLONIA HOCKER'),
(2434, 268, 'COLONIA HUGHES'),
(2435, 270, 'COLONIA NUEVA ALEMANIA'),
(2436, 268, 'COLONIA SAN ERNESTO'),
(2437, 268, 'COLONIA SAN MIGUEL'),
(2438, 270, 'COLONIA SAN VICENTE'),
(2439, 261, 'CONCEPCION DEL URUGUAY'),
(2440, 272, 'CONCORDIA'),
(2441, 275, 'CONSCRIPTO BERNARDI'),
(2442, 265, 'COSTA GRANDE'),
(2443, 266, 'CRESPO'),
(2444, 267, 'CUCHILLA REDONDA'),
(2445, 266, 'CURTIEMBRE'),
(2446, 265, 'DIAMANTE'),
(2447, 262, 'DON CRISTOBAL'),
(2448, 275, 'DON GONZALO ,AP.'),
(2449, 263, 'DURAZNO'),
(2450, 268, 'EL BRILLANTE'),
(2451, 275, 'EL CIMARRON'),
(2452, 272, 'EL GUALEGUAY ,AP.'),
(2453, 275, 'EL MOCHO ,AP.'),
(2454, 275, 'EL PAGO ,AP.'),
(2455, 266, 'EL PALENQUE ,AP.'),
(2456, 266, 'EL PINGO'),
(2457, 272, 'EL REDOMON'),
(2458, 267, 'ESCRIÑA'),
(2459, 273, 'ESTACAS'),
(2460, 268, 'FABRICA COLON'),
(2461, 262, 'FEBRE'),
(2462, 274, 'FEDERACION'),
(2463, 275, 'FEDERAL'),
(2464, 267, 'FERNANDEZ ,EMB.'),
(2465, 274, 'FORTUNA'),
(2466, 271, 'GARAT, JUAN ,EST.GARAT'),
(2467, 267, 'GENERAL ALMADA'),
(2468, 265, 'GENERAL ALVEAR'),
(2469, 272, 'GENERAL CAMPOS'),
(2470, 264, 'GENERAL GALARZA'),
(2471, 266, 'GENERAL GUEMES'),
(2472, 265, 'GENERAL RACEDO'),
(2473, 265, 'GENERAL RAMIREZ ,EST.RAMIREZ'),
(2474, 267, 'GILBERT'),
(2475, 263, 'GOBERNADOR MANSILLA'),
(2476, 264, 'GONZALEZ CALDERON'),
(2477, 262, 'GONZALEZ, LUCAS'),
(2478, 264, 'GUALEGUAY'),
(2479, 267, 'GUALEGUAYCHU'),
(2480, 263, 'GUARDAMONTE'),
(2481, 266, 'HASENKAMP'),
(2482, 262, 'HERNANDEZ'),
(2483, 261, 'HERRERA'),
(2484, 267, 'HOLT ,EST'),
(2485, 267, 'IBICUY'),
(2486, 267, 'IRAZUSTA'),
(2487, 268, 'JUAN JORGE'),
(2488, 270, 'JUBILEO'),
(2489, 273, 'KILOMETRO 160 ,AP.'),
(2490, 263, 'KILOMETRO 180 ,AP.'),
(2491, 263, 'KILOMETRO 183,AP.'),
(2492, 263, 'KILOMETRO 200 ,AP.'),
(2493, 261, 'KILOMETRO 208 ,AP.'),
(2494, 263, 'KILOMETRO 213 ,AP.'),
(2495, 270, 'KILOMETRO 306 ,AP.'),
(2496, 270, 'KILOMETRO 325 ,AP.'),
(2497, 272, 'KILOMETRO 33 ,AP.'),
(2498, 267, 'KILOMETRO 340 ,PDA.'),
(2499, 267, 'KILOMETRO 361 ,EMB.'),
(2500, 267, 'KILOMETRO 389 ,AP.'),
(2501, 268, 'KILOMETRO 45 ,AP.'),
(2502, 267, 'LA ARGENTINA'),
(2503, 275, 'LA CALANDRIA'),
(2504, 268, 'LA CLARITA'),
(2505, 272, 'LA CRIOLLA'),
(2506, 271, 'LA ESMERALDA'),
(2507, 272, 'LA GRANJA'),
(2508, 271, 'LA HIERRA'),
(2509, 262, 'LA LLAVE'),
(2510, 273, 'LA PAZ'),
(2511, 266, 'LA PICADA'),
(2512, 272, 'LA QUERENCIA'),
(2513, 275, 'LA VIRGEN ,AP.'),
(2514, 270, 'LAGUNA LARGA'),
(2515, 267, 'LARROQUE'),
(2516, 265, 'LAS CUEVAS'),
(2517, 266, 'LAS DELICIAS'),
(2518, 266, 'LAS GARZAS'),
(2519, 267, 'LAS MERCEDES'),
(2520, 261, 'LAS MOSCAS'),
(2521, 271, 'LAS MULITAS'),
(2522, 264, 'LAZO'),
(2523, 272, 'LEDESMA, CLODOMIRO'),
(2524, 273, 'LEGUIZAMON'),
(2525, 261, 'LIBAROS'),
(2526, 268, 'LIEBIG'),
(2527, 272, 'LOS CHARRUAS'),
(2528, 274, 'LOS CONQUISTADORES'),
(2529, 263, 'MACIA'),
(2530, 272, 'MAGNASCO, OSVALDO'),
(2531, 274, 'MANDISOVI'),
(2532, 267, 'MAZARUCA'),
(2533, 267, 'MEDANOS'),
(2534, 275, 'MIÑONES'),
(2535, 270, 'MOJONES NORTE'),
(2536, 270, 'MOJONES SUR'),
(2537, 269, 'MOLINO DOLL'),
(2538, 273, 'MONTIEL'),
(2539, 269, 'MONTOYA'),
(2540, 275, 'MOREIRA'),
(2541, 262, 'NOGOYA'),
(2542, 272, 'NUEVA ESCOCIA'),
(2543, 275, 'NUEVA VIZCAYA'),
(2544, 266, 'ORO VERDE'),
(2545, 267, 'PALAVECINO'),
(2546, 268, 'PALMAR'),
(2547, 271, 'PALO A PIQUE'),
(2548, 266, 'PARANA'),
(2549, 267, 'PARANACITO ,EST.LIB.GRL.SAN MARTIN'),
(2550, 267, 'PARERA, FAUSTINO M.'),
(2551, 266, 'PARERA, RAMONA A. ,EMB.'),
(2552, 270, 'PASO DE LA LAGUNA'),
(2553, 267, 'PASTOR BRITOS'),
(2554, 272, 'PEDERNAL'),
(2555, 267, 'PERDICES'),
(2556, 273, 'PIEDRAS BLANCAS'),
(2557, 273, 'PILOTO AVILA'),
(2558, 273, 'PRIMER CONGRESO ,AP.'),
(2559, 261, 'PRONUNCIAMIENTO'),
(2560, 273, 'PUEBLO ARRUA ,EST.ALCARAZ'),
(2561, 266, 'PUEBLO BRUGO'),
(2562, 272, 'PUEBLO FERRE'),
(2563, 266, 'PUEBLO GENERAL PAZ'),
(2564, 266, 'PUEBLO MORENO'),
(2565, 261, 'PUERTO CUPALEN'),
(2566, 267, 'PUERTO IBICUY'),
(2567, 267, 'PUERTO UNZUE'),
(2568, 265, 'PUIGGARI'),
(2569, 270, 'RAICES'),
(2570, 269, 'RINCON DE NOGOYA'),
(2571, 261, 'ROCAMORA'),
(2572, 263, 'ROSARIO DE TALA ,EST.TALA'),
(2573, 266, 'SAN BENITO'),
(2574, 273, 'SAN GUSTAVO'),
(2575, 271, 'SAN JAIME'),
(2576, 270, 'SAN JORGE'),
(2577, 271, 'SAN JOSE DE FELICIANO'),
(2578, 261, 'SAN JUSTO'),
(2579, 274, 'SAN RAMON'),
(2580, 268, 'SAN SALVADOR'),
(2581, 271, 'SAN VICTOR'),
(2582, 274, 'SANTA ANA'),
(2583, 261, 'SANTA ANITA'),
(2584, 273, 'SANTA ELENA'),
(2585, 275, 'SAUCE DE LUNA'),
(2586, 266, 'SAUCE PINTO'),
(2587, 266, 'SEGUI'),
(2588, 263, 'SOLA'),
(2589, 266, 'SOSA'),
(2590, 265, 'STROBEL'),
(2591, 266, 'TABOSSI'),
(2592, 261, 'TALITA'),
(2593, 273, 'TALITAS ,AP.'),
(2594, 275, 'TENIENTE 1° BRIGIDO CAINZO ,AP.'),
(2595, 266, 'TEZANOS PINTO'),
(2596, 264, 'TRES BOCAS'),
(2597, 268, 'UBAJAY'),
(2598, 267, 'URDINARRAIN'),
(2599, 266, 'VIALE'),
(2600, 269, 'VICTORIA'),
(2601, 274, 'VILLA DEL ROSARIO'),
(2602, 270, 'VILLA DOMINGUEZ ,EST.DOMINGUEZ'),
(2603, 268, 'VILLA ELISA'),
(2604, 266, 'VILLA HERNANDARIAS'),
(2605, 261, 'VILLA MANTERO'),
(2606, 266, 'VILLA MARIA GRANDE'),
(2607, 267, 'VILLA NUEVA MONTEVIDEO'),
(2608, 267, 'VILLA PARANACITO'),
(2609, 268, 'VILLA SAN JOSE'),
(2610, 276, 'VILLA SAN JOSE'),
(2611, 261, 'VILLA SAN MARCIAL ,EST.GDR.URQUIZA'),
(2612, 266, 'VILLA URQUIZA'),
(2613, 272, 'VILLA ZORRAQUIN'),
(2614, 270, 'VILLAGUAY'),
(2615, 272, 'YAROS'),
(2616, 272, 'YERUA'),
(2617, 273, 'YESO'),
(2618, 272, 'YUQUERI'),
(2619, 277, 'APAYEREY'),
(2620, 278, 'BARTOLOME DE LAS CASAS'),
(2621, 279, 'BOUVIER'),
(2622, 278, 'BRUCHARD'),
(2623, 280, 'BUENA VISTA'),
(2624, 278, 'CABO 1RO. LUGONES'),
(2625, 278, 'CAMPO ALEGRE'),
(2626, 279, 'CLORINDA'),
(2627, 278, 'COLONIA ALTO ALEGRE'),
(2628, 277, 'COLONIA BUENA VISTA'),
(2629, 281, 'COLONIA CAMPO VILLAFAÑE'),
(2630, 282, 'COLONIA PASTORIL'),
(2631, 278, 'COLONIA PERIN'),
(2632, 278, 'COMANDANTE FONTANA'),
(2633, 278, 'CORONEL ARGENTINO LARRABURE'),
(2634, 278, 'DE LAS CASAS, BARTOLOME'),
(2635, 278, 'DEL CAMPO, ESTANISLAO'),
(2636, 278, 'DOCTOR CARLOS MONTAG'),
(2637, 280, 'DOCTOR E.RAMOS MEJIAS ,EST.CHIRIGUANOS'),
(2638, 280, 'DOCTOR GUMERSINDO SAYAGO'),
(2639, 280, 'DOCTOR JOSE DE GASPRI'),
(2640, 283, 'DOCTOR LUIS AGOTE'),
(2641, 284, 'EL CHAÑARAL'),
(2642, 281, 'EL COATI'),
(2643, 281, 'EL COLORADO'),
(2644, 278, 'EL PERDIDO'),
(2645, 284, 'EL TOTORAL'),
(2646, 285, 'ESPINILLO'),
(2647, 281, 'ESTERO PATIÑO ,AP.'),
(2648, 282, 'FORMOSA'),
(2649, 280, 'FORTIN PILCOMAYO'),
(2650, 278, 'FORTIN SARGENTO 1º LEYES'),
(2651, 280, 'FORTIN SOLEDAD'),
(2652, 284, 'GENERAL ENRIQUE MOSCONI'),
(2653, 280, 'GENERAL FRANCISCO BASILIANO BOSCH'),
(2654, 282, 'GRAN GUARDIA'),
(2655, 280, 'GUADALCAZAR'),
(2656, 286, 'HERRADURA'),
(2657, 278, 'IBARRETA'),
(2658, 280, 'INGENIERO ENRIQUE H.FAURE'),
(2659, 283, 'INGENIERO GUILLERMO N.JUAREZ'),
(2660, 278, 'KILOMETRO 1769'),
(2661, 281, 'KILOMETRO 1895 ,AP.'),
(2662, 281, 'KILOMETRO 213'),
(2663, 283, 'LA ESPERANZA'),
(2664, 283, 'LA FLORENCIA'),
(2665, 279, 'LA FRONTERA'),
(2666, 278, 'LA ISLETA'),
(2667, 280, 'LA PRIMAVERA'),
(2668, 280, 'LA SIRENA'),
(2669, 279, 'LAGUNA BLANCA'),
(2670, 279, 'LAGUNA NAICK-NECK'),
(2671, 280, 'LAGUNA YEMA'),
(2672, 284, 'LAPRIDA, FRANCISCO NARCISO DE'),
(2673, 278, 'LAS LOMITAS'),
(2674, 281, 'LOA MATACOS'),
(2675, 282, 'LOS PILAGAS ,EMB.'),
(2676, 284, 'MEDIA LUNA'),
(2677, 277, 'MISION TACAAGLE'),
(2678, 283, 'MISION YACARE'),
(2679, 279, 'MONTE LINDO CHICO'),
(2680, 279, 'PALMA SOLA'),
(2681, 280, 'PALMA SOLA'),
(2682, 284, 'PALMARCITO'),
(2683, 281, 'PALO SANTO'),
(2684, 278, 'PASO, JUAN JOSE'),
(2685, 281, 'PIRANE'),
(2686, 278, 'PORTEÑO VIEJO'),
(2687, 278, 'POSTA CAMBIO A ZALAZAR'),
(2688, 278, 'POSTA KILOMETRO 45'),
(2689, 278, 'POZO DEL TIGRE'),
(2690, 282, 'PRESIDENTE YRIGOYEN'),
(2691, 280, 'PUERTO CABO IRIGOYEN'),
(2692, 282, 'PUERTO DALMACIA'),
(2693, 279, 'PUERTO PILCOMAYO'),
(2694, 286, 'PUERTO VELAZ'),
(2695, 280, 'SAN CAMILO'),
(2696, 286, 'SAN FRANCISCO DE LAISHI'),
(2697, 282, 'SAN HILARIO'),
(2698, 278, 'SAN MARTIN 1'),
(2699, 278, 'SAN MARTIN 2'),
(2700, 278, 'SAN RAMON'),
(2701, 278, 'SARGENTO AYUDANTE VICTOR SANABRIA'),
(2702, 284, 'SELVA MARIA'),
(2703, 279, 'SIETE PALMAS'),
(2704, 278, 'TENIENTE BROWN'),
(2705, 279, 'TENIENTE GENERAL JUAN CARLOS SANCHEZ'),
(2706, 283, 'TENIENTE GENERAL ROSENDO M FRAGA'),
(2707, 277, 'TRES LAGUNAS'),
(2708, 286, 'VILLA ESCOLAR'),
(2709, 287, '23 DE AGOSTO'),
(2710, 288, 'ABDON CASTRO TOLAY'),
(2711, 288, 'ABRA LAITE'),
(2712, 288, 'ABRA PAMPA'),
(2713, 289, 'AGUA CALIENTE'),
(2714, 288, 'AGUA CALIENTE'),
(2715, 288, 'AGUA CHICA'),
(2716, 290, 'AGUADITA'),
(2717, 289, 'AGUAS CALIENTES'),
(2718, 291, 'ALTO LA TORRE'),
(2719, 291, 'ALTO LA VIÑA'),
(2720, 289, 'BORDO LA ISLA'),
(2721, 287, 'CAIMANCITO'),
(2722, 287, 'CALILEGUA'),
(2723, 292, 'CANGREJILLOS'),
(2724, 293, 'CAPLA'),
(2725, 292, 'CARACARA'),
(2726, 294, 'CARAHUASI'),
(2727, 288, 'CASABINDO'),
(2728, 295, 'CASPALA'),
(2729, 288, 'CASTRO TOLAY, ABDON'),
(2730, 296, 'CATUA'),
(2731, 292, 'CERRILLOS'),
(2732, 287, 'CHALICAN'),
(2733, 291, 'CHAÑI ,AP.'),
(2734, 293, 'CHAUPI RODERO'),
(2735, 297, 'CHURQUI'),
(2736, 297, 'CIENAGUILLAS'),
(2737, 288, 'COCHINOCA'),
(2738, 293, 'CONDOR'),
(2739, 296, 'CORANZULI'),
(2740, 293, 'CORAYA'),
(2741, 292, 'CORRAL BLANCO'),
(2742, 293, 'EL AGUILAR'),
(2743, 291, 'EL BRETE'),
(2744, 289, 'EL CARMEN'),
(2745, 298, 'EL CARRIL'),
(2746, 298, 'EL CEIBAL'),
(2747, 290, 'EL MORENO'),
(2748, 291, 'EL PARQUE'),
(2749, 299, 'EL PIQUETE'),
(2750, 296, 'EL PORVENIR'),
(2751, 300, 'EL QUEMADO'),
(2752, 291, 'EL REMATE'),
(2753, 289, 'EL SUNCHAL'),
(2754, 292, 'ESCAYA'),
(2755, 287, 'FRAILE PINTADO'),
(2756, 291, 'GALAN, JUAN'),
(2757, 291, 'GUERRERO'),
(2758, 297, 'HORNILLOS'),
(2759, 301, 'HUACALERA'),
(2760, 293, 'HUMAHUACA'),
(2761, 300, 'INGENIO LA ESPERANZA'),
(2762, 292, 'INTI CANCHA'),
(2763, 293, 'ITURBE'),
(2764, 291, 'KILOMETRO 1129 ,DV.'),
(2765, 300, 'KILOMETRO 1137 ,EST.'),
(2766, 291, 'KILOMETRO 1149 ,AP.'),
(2767, 291, 'KILOMETRO 1183 ,AP.'),
(2768, 302, 'KILOMETRO 1210 ,DV.'),
(2769, 301, 'KILOMETRO 1243 ,AP.'),
(2770, 302, 'KILOMETRO 1247'),
(2771, 293, 'KILOMETRO 1278'),
(2772, 293, 'KILOMETRO 1289 ,AP.'),
(2773, 293, 'KILOMETRO 1321 ,DV.'),
(2774, 296, 'KILOMETRO 1373 ,AP.'),
(2775, 291, 'LA ALMONA'),
(2776, 288, 'LA CAPILLA'),
(2777, 293, 'LA CUEVA'),
(2778, 300, 'LA MENDIETA'),
(2779, 292, 'LA QUIACA'),
(2780, 298, 'LA TOMA'),
(2781, 292, 'LAGUNA'),
(2782, 291, 'LAS CUEVAS'),
(2783, 291, 'LEON'),
(2784, 287, 'LIBERTADOR GRL.SAN MARTIN, EST.LEDESMA'),
(2785, 298, 'LOS ALISOS'),
(2786, 291, 'LOS BLANCOS'),
(2787, 291, 'LOS CHANCHILLOS'),
(2788, 289, 'LOS LAPACHOS ,EST.MAQUINISTA VERON'),
(2789, 291, 'LOS PERALES'),
(2790, 291, 'MADREJON'),
(2791, 301, 'MAIMARA'),
(2792, 296, 'MEDANITOS'),
(2793, 294, 'MINA AJEDREZ'),
(2794, 294, 'MINA PIRQUITAS'),
(2795, 289, 'MONTE RICO'),
(2796, 289, 'MONTE RICO ,AP.'),
(2797, 296, 'OLACAPATO ,EST.'),
(2798, 296, 'OLAROZ CHICO'),
(2799, 296, 'OLAROZ GRANDE'),
(2800, 297, 'ORATORIO'),
(2801, 294, 'OROSMAYO'),
(2802, 296, 'PAIRIQUE CHICO'),
(2803, 296, 'PAIRIQUE GRANDE'),
(2804, 293, 'PALCA DE APARZO'),
(2805, 299, 'PALMA SOLA'),
(2806, 291, 'PALPALA ,EST.GRL.MANUEL N.SAVIO'),
(2807, 289, 'PAMPA BLANCA'),
(2808, 295, 'PAMPICHUELA'),
(2809, 289, 'PERICO'),
(2810, 287, 'PUEBLO LEDESMA'),
(2811, 293, 'PUEBLO VIEJO'),
(2812, 288, 'PUESTO DEL MARQUES'),
(2813, 297, 'PUESTO GRANDE'),
(2814, 292, 'PUMAHUASI'),
(2815, 290, 'PURMAMARCA'),
(2816, 288, 'QUICHAGUA'),
(2817, 291, 'REYES'),
(2818, 294, 'RINCONADA'),
(2819, 288, 'RINCONADILLAS'),
(2820, 291, 'RIO BLANCO ,AP.'),
(2821, 288, 'RIO GRANDE'),
(2822, 293, 'RODERO'),
(2823, 294, 'ROSARIO'),
(2824, 294, 'ROSARIO'),
(2825, 298, 'SAN ANTONIO'),
(2826, 290, 'SAN BERNARDO'),
(2827, 290, 'SAN JAVIER'),
(2828, 300, 'SAN JUAN DE DIOS'),
(2829, 297, 'SAN JUAN DE ORO'),
(2830, 297, 'SAN JUAN DE PALCA'),
(2831, 289, 'SAN JUANCITO'),
(2832, 292, 'SAN JUANCITO'),
(2833, 291, 'SAN PEDRITO'),
(2834, 300, 'SAN PEDRO ,EST.SAN PEDRO DE JUJUY'),
(2835, 291, 'SAN SALVADOR DE JUJUY ,EST.JUJUY'),
(2836, 295, 'SANTA ANA'),
(2837, 295, 'SANTA BARBARA'),
(2838, 297, 'SANTA CATALINA'),
(2839, 299, 'SANTA CLARA'),
(2840, 294, 'SANTO DOMINGO'),
(2841, 288, 'SAYATE'),
(2842, 293, 'SENADOR PEREZ'),
(2843, 296, 'SEY'),
(2844, 296, 'SIBERIA'),
(2845, 292, 'SOL DE MAYO'),
(2846, 292, 'SURIPUGIO'),
(2847, 296, 'SUSQUES'),
(2848, 288, 'TABLADITAS'),
(2849, 292, 'TAFNA'),
(2850, 291, 'TERMAS DE REYES'),
(2851, 301, 'TILCARA'),
(2852, 297, 'TIMON CRUZ'),
(2853, 294, 'TIOMAYO'),
(2854, 293, 'TIONSO'),
(2855, 293, 'TRES CRUCES'),
(2856, 290, 'TRES MORROS'),
(2857, 290, 'TUMBAYA'),
(2858, 296, 'TURU TARI'),
(2859, 288, 'TUSAQUILLA'),
(2860, 293, 'UQUIA'),
(2861, 295, 'VALLE COLORADO'),
(2862, 295, 'VALLE GRANDE'),
(2863, 291, 'VILLA ACHAVAL'),
(2864, 290, 'VOLCAN'),
(2865, 291, 'YALA'),
(2866, 292, 'YAVI'),
(2867, 297, 'YOSCABA'),
(2868, 287, 'YUTO'),
(2869, 291, 'ZAPLA'),
(2870, 303, 'ABRAMO'),
(2871, 304, 'ADOLFO VAN PRAET'),
(2872, 305, 'AGUSTONI'),
(2873, 306, 'ALFREDO PEÑA'),
(2874, 307, 'ALGARROBO DEL AGUILA'),
(2875, 308, 'ALPACHIRI'),
(2876, 304, 'ALTA ITALIA'),
(2877, 309, 'ANGUIL'),
(2878, 310, 'ANZOATEGUI'),
(2879, 308, 'APUYACO'),
(2880, 311, 'ARATA'),
(2881, 312, 'ATALIVA ROCA'),
(2882, 313, 'ATREUCO'),
(2883, 314, 'BAJO DE LAS PALOMAS'),
(2884, 315, 'BERNARDO LARROUDE'),
(2885, 303, 'BERNASCONI'),
(2886, 316, 'BOEUF'),
(2887, 317, 'BUTA RANQUIL'),
(2888, 314, 'CACHIRULO'),
(2889, 318, 'CALEUFU'),
(2890, 319, 'CANE, MIGUEL'),
(2891, 320, 'CARRO QUEMADO'),
(2892, 321, 'CASTEX, EDUARDO'),
(2893, 322, 'CATRILO'),
(2894, 323, 'CEBALLOS'),
(2895, 313, 'CEREALES'),
(2896, 324, 'CHACHARRAMENDI'),
(2897, 318, 'CHAMAICO'),
(2898, 307, 'CHICAL CO'),
(2899, 317, 'COLONIA 25 DE MAYO'),
(2900, 319, 'COLONIA BARON'),
(2901, 325, 'COLONIA EMILIO MITRE'),
(2902, 309, 'COLONIA INES Y CARLOTA'),
(2903, 325, 'COLONIA LA PASTORIL'),
(2904, 319, 'COLONIA SAN JOSE'),
(2905, 308, 'COLONIA SANTA TERESA'),
(2906, 321, 'CONHELO'),
(2907, 323, 'CORONEL HILARIO LAGOS'),
(2908, 303, 'COTITA'),
(2909, 326, 'CUCHILLO-CO'),
(2910, 313, 'DOBLAS'),
(2911, 327, 'DORILA'),
(2912, 320, 'EL DURAZNO'),
(2913, 304, 'EMBAJADOR MARTINI'),
(2914, 312, 'EPU-PEL'),
(2915, 304, 'FALUCHO'),
(2916, 324, 'GAMAY'),
(2917, 328, 'GAVIOTAS'),
(2918, 324, 'GENERAL ACHA'),
(2919, 308, 'GENERAL MANUEL CAMPOS'),
(2920, 327, 'GENERAL PICO'),
(2921, 303, 'GENERAL SAN MARTIN'),
(2922, 317, 'GOBERNADOR AYALA'),
(2923, 329, 'GOBERNADOR DUVAL'),
(2924, 308, 'GUATRACHE'),
(2925, 313, 'HIDALGO'),
(2926, 303, 'HUCAL'),
(2927, 319, 'HUELEN'),
(2928, 318, 'INGENIERO FOSTER'),
(2929, 304, 'INGENIERO LUIGGI'),
(2930, 323, 'INTENDENTE ALVEAR'),
(2931, 322, 'IVANOWSKY'),
(2932, 328, 'KILOMETRO 755 ,DV.'),
(2933, 328, 'LA ADELA'),
(2934, 326, 'LA ASTURIANA'),
(2935, 317, 'LA COPELINA'),
(2936, 330, 'LA ESTRELLA'),
(2937, 322, 'LA GLORIA'),
(2938, 318, 'LA MARUJA'),
(2939, 330, 'LA PRIMAVERA'),
(2940, 330, 'LA REFORMA'),
(2941, 323, 'LARROUDE, BERNARDO'),
(2942, 304, 'LAVALLE, RICARDO'),
(2943, 326, 'LIHUEL CALEL'),
(2944, 330, 'LIMAY MAHUIDA'),
(2945, 322, 'LONQUIMAY'),
(2946, 320, 'LOVENTUE'),
(2947, 320, 'LUAN TORO'),
(2948, 313, 'MACACHIN'),
(2949, 304, 'MAISONAVE, DAMIAN ,EST.SIMSON'),
(2950, 321, 'MAYER, MAURICIO'),
(2951, 311, 'METILEO'),
(2952, 321, 'MONTE NIEVAS'),
(2953, 314, 'NAICO'),
(2954, 304, 'OJEDA'),
(2955, 324, 'OLONIA SANTA MARIA'),
(2956, 318, 'PARERA'),
(2957, 325, 'PASO DE LOS ALGARROBOS'),
(2958, 319, 'PEÑA, ALFREDO'),
(2959, 308, 'PERU'),
(2960, 318, 'PICHI HUINCA'),
(2961, 329, 'PUELCHES'),
(2962, 317, 'PUELEN'),
(2963, 324, 'QUEHUE'),
(2964, 319, 'QUEMU QUEMU'),
(2965, 318, 'QUETREQUEN'),
(2966, 318, 'RANCUL'),
(2967, 304, 'REALICO'),
(2968, 319, 'RELMO'),
(2969, 308, 'REMECO'),
(2970, 313, 'RIGLOS, MIGUEL'),
(2971, 324, 'ROCA, ATALIVA'),
(2972, 313, 'ROLON'),
(2973, 321, 'RUCANELO'),
(2974, 325, 'SANTA ISABEL'),
(2975, 309, 'SANTA ROSA'),
(2976, 323, 'SARAH'),
(2977, 327, 'SPELUZZI'),
(2978, 320, 'TELEN'),
(2979, 321, 'TENIENTE GENERAL EMILIO MITRE'),
(2980, 314, 'TOAY'),
(2981, 327, 'TREBOLARES'),
(2982, 311, 'TRENEL'),
(2983, 327, 'TRILI'),
(2984, 324, 'UNANJE'),
(2985, 322, 'URIBURU'),
(2986, 324, 'UTRACAN'),
(2987, 304, 'VAN PRAET, ADOLFO'),
(2988, 323, 'VERTIZ'),
(2989, 320, 'VICTORICA'),
(2990, 319, 'VILLA MIRASOL'),
(2991, 321, 'WINIFREDA'),
(2992, 331, 'AGUA BLANCA'),
(2993, 332, 'AGUAYO'),
(2994, 333, 'AICUÑA'),
(2995, 334, 'AIMOGASTA'),
(2996, 335, 'ALCAZAR'),
(2997, 336, 'ALPASINCHE'),
(2998, 337, 'AMANA'),
(2999, 338, 'AMBIL'),
(3000, 331, 'AMINGA'),
(3001, 336, 'ANDALUCAS'),
(3002, 339, 'ANGUINAN'),
(3003, 340, 'ANGULOS'),
(3004, 331, 'ANILLACO'),
(3005, 331, 'ANIMAN'),
(3006, 331, 'ANJULLON'),
(3007, 340, 'ANTINACO'),
(3008, 334, 'ARAUCO'),
(3009, 341, 'ATILES'),
(3010, 342, 'BAJO DEL GALLO'),
(3011, 343, 'BAJO GRANDE'),
(3012, 344, 'BAJO HONDO'),
(3013, 333, 'BANDA FLORIDA'),
(3014, 345, 'BAZAN'),
(3015, 346, 'BELLA VISTA'),
(3016, 345, 'CABOLLAR'),
(3017, 340, 'CAMPANAS'),
(3018, 347, 'CARRIZAL'),
(3019, 345, 'CARRIZAL'),
(3020, 340, 'CARRIZAL'),
(3021, 343, 'CASTRO BARROS'),
(3022, 339, 'CATINZACO'),
(3023, 348, 'CHAMICAL ,EST.GOBERNADOR GORDILLO'),
(3024, 343, 'CHAÑAR'),
(3025, 340, 'CHAÑARMUYO'),
(3026, 332, 'CHELCOS'),
(3027, 349, 'CHEPES'),
(3028, 349, 'CHEPES VIEJO'),
(3029, 339, 'CHILECITO'),
(3030, 331, 'CHUQUIS'),
(3031, 345, 'COCHANGASTA'),
(3032, 338, 'COMANDANTE LEAL'),
(3033, 332, 'CORRAL DE ISAAC'),
(3034, 343, 'CORTADERAS'),
(3035, 332, 'CUATRO ESQUINAS'),
(3036, 347, 'EL ALTO'),
(3037, 345, 'EL BARREAL'),
(3038, 350, 'EL CALDEN'),
(3039, 337, 'EL CHIFLON'),
(3040, 351, 'EL CONDADO'),
(3041, 348, 'EL MOLLAR'),
(3042, 352, 'EL PORTEZUELO'),
(3043, 340, 'EL POTRERILLO'),
(3044, 345, 'EL QUEBRACHO'),
(3045, 349, 'EL RODEO'),
(3046, 345, 'EL SUNCHAL'),
(3047, 349, 'EL TALA'),
(3048, 337, 'EL VILGO'),
(3049, 340, 'FAMATINA'),
(3050, 333, 'GUANDACOL'),
(3051, 349, 'ILISCA'),
(3052, 344, 'JAGUE'),
(3053, 345, 'KILOMETRO 875 ,DV.'),
(3054, 345, 'KILOMETRO 891 ,AP.'),
(3055, 347, 'LA AGUADITA'),
(3056, 345, 'LA AGUADITA DE LOS BRIZUELA'),
(3057, 344, 'LA BANDA'),
(3058, 345, 'LA CALERA'),
(3059, 344, 'LA CIENAGA'),
(3060, 343, 'LA CIENAGA'),
(3061, 347, 'LA FALDA DE CITAN'),
(3062, 332, 'LA ISLA ,EST.'),
(3063, 349, 'LA JARILLA'),
(3064, 347, 'LA MERCED'),
(3065, 345, 'LA PERSEGUIDA'),
(3066, 339, 'LA PUERTA'),
(3067, 332, 'LA REPRESA'),
(3068, 345, 'LA RIOJA'),
(3069, 345, 'LAS CLOACAS'),
(3070, 337, 'LAS COLORADAS'),
(3071, 345, 'LAS PADERCITAS'),
(3072, 349, 'LAS TOSCAS'),
(3073, 343, 'LOMA BLANCA'),
(3074, 352, 'LOMA LARGA'),
(3075, 353, 'LOS AGUIRRES'),
(3076, 338, 'LOS ALANICES'),
(3077, 348, 'LOS BALDES'),
(3078, 337, 'LOS MOGOTES'),
(3079, 331, 'LOS MOLINOS'),
(3080, 333, 'LOS PALACIOS'),
(3081, 339, 'LOS SARMIENTOS'),
(3082, 333, 'LOS TAMBILLOS'),
(3083, 334, 'MACHIGASTA'),
(3084, 351, 'MAJADITA'),
(3085, 352, 'MALANZAN'),
(3086, 339, 'MALLIGASTA'),
(3087, 349, 'MASCASIN'),
(3088, 334, 'MAZAN ,EST.'),
(3089, 338, 'MILAGRO'),
(3090, 339, 'MINA LA MEJICANA'),
(3091, 339, 'MIRANDA'),
(3092, 352, 'MOLLACO'),
(3093, 352, 'NACATE'),
(3094, 339, 'NONOGASTA'),
(3095, 349, 'ÑOQUEBE'),
(3096, 345, 'OBRAJE DE TOSCANO'),
(3097, 338, 'OLPAS'),
(3098, 343, 'OLTA'),
(3099, 333, 'PAGANCILLO'),
(3100, 337, 'PAGANZO'),
(3101, 337, 'PATQUIA'),
(3102, 331, 'PINCHAS'),
(3103, 340, 'PITUIL'),
(3104, 332, 'PORTEZUELO DE ARCE'),
(3105, 345, 'POZO DE AVILA'),
(3106, 332, 'POZO DE PIEDRA'),
(3107, 345, 'PUERTO ALEGRE'),
(3108, 333, 'PUERTO ALEGRE'),
(3109, 347, 'PUNTA DE LOS LLANOS'),
(3110, 349, 'REAL DEL CADILLO ,DV.'),
(3111, 352, 'RETAMAL'),
(3112, 351, 'RIVADAVIA'),
(3113, 345, 'SALADILLO'),
(3114, 349, 'SAN ANTONIO'),
(3115, 345, 'SAN ANTONIO'),
(3116, 336, 'SAN BLAS'),
(3117, 349, 'SAN ISIDRO'),
(3118, 345, 'SAN JUAN'),
(3119, 331, 'SAN PEDRO'),
(3120, 352, 'SAN RAMON'),
(3121, 352, 'SAN ROQUE'),
(3122, 332, 'SAN SOLANO'),
(3123, 339, 'SANOGASTA'),
(3124, 333, 'SANTA CLARA'),
(3125, 340, 'SANTA CRUZ'),
(3126, 349, 'SANTA CRUZ ,DV.'),
(3127, 345, 'SANTO DOMINGO'),
(3128, 336, 'SCHAQUI'),
(3129, 345, 'SIERRA BRAVA'),
(3130, 352, 'SOLCA'),
(3131, 345, 'TALAMUYUNA'),
(3132, 343, 'TALVA'),
(3133, 347, 'TAMA'),
(3134, 347, 'TASQUIN'),
(3135, 332, 'TELLO, DESIDERIO'),
(3136, 334, 'TERMAS SANTA TERESITA'),
(3137, 349, 'TOTORAL'),
(3138, 347, 'TUIZON'),
(3139, 332, 'ULAPES'),
(3140, 339, 'VICHIGASTA'),
(3141, 349, 'VILLA CASANA'),
(3142, 351, 'VILLA CASTELLI'),
(3143, 334, 'VILLA MAZAN'),
(3144, 354, 'VILLA SANAGASTA'),
(3145, 338, 'VILLA SANTA RITA'),
(3146, 333, 'VILLA UNION'),
(3147, 344, 'VINCHINA'),
(3148, 355, '25 DE MAYO'),
(3149, 356, 'AGRELO'),
(3150, 357, 'AGUA ESCONDIDA'),
(3151, 355, 'AGUA NUEVA ,EMB.CAÑADA AMARILLA'),
(3152, 358, 'ALDEA LA PRIMAVERA'),
(3153, 359, 'ALGARROBITO'),
(3154, 360, 'ALTO VERDE'),
(3155, 359, 'ALTOS DEL OLVIDO'),
(3156, 361, 'ANCHORIS'),
(3157, 361, 'ANCON'),
(3158, 362, 'ANDRADE'),
(3159, 355, 'ARISTIDES VILLANUEVA'),
(3160, 359, 'ARROYITO'),
(3161, 363, 'BAJO LUNLUNTA'),
(3162, 356, 'BAÑOS LUNLUNTA'),
(3163, 363, 'BARCALA'),
(3164, 357, 'BARDAS BLANCAS'),
(3165, 363, 'BARRANCAS'),
(3166, 364, 'BARRAQUERO'),
(3167, 358, 'BERMEJO'),
(3168, 365, 'BOWEN'),
(3169, 358, 'BUENA NUEVA'),
(3170, 356, 'CACHEUTA'),
(3171, 366, 'CADETES DE CHILE'),
(3172, 357, 'CALMUCO'),
(3173, 367, 'CAMPO LOS ANDES'),
(3174, 365, 'CAMPOS, GASPAR'),
(3175, 355, 'CAÑADA SECA'),
(3176, 365, 'CANALEJAS'),
(3177, 368, 'CAPACHO'),
(3178, 369, 'CAPDEVILLE'),
(3179, 358, 'CAPILLA DEL ROSARIO'),
(3180, 359, 'CAPILLA DEL ROSARIO'),
(3181, 365, 'CARMENSA'),
(3182, 370, 'CHACRAS DE CORIA ,EST.PASO DE LOS ANDES'),
(3183, 371, 'CHAPANAY'),
(3184, 368, 'CHILECITO'),
(3185, 357, 'COEHUE-CO'),
(3186, 359, 'COLONIA 3 DE MAYO'),
(3187, 365, 'COLONIA ALVEAR'),
(3188, 367, 'COLONIA LAS ROSAS'),
(3189, 372, 'COLONIA SUR'),
(3190, 372, 'COMANDANTE SALAS'),
(3191, 363, 'COQUIMBITO'),
(3192, 365, 'CORRAL DE LORCA'),
(3193, 358, 'CORRALITOS'),
(3194, 359, 'COSTA DE ARAUJO'),
(3195, 363, 'CRUZ DE PIEDRA'),
(3196, 355, 'CUADRO NACIONAL'),
(3197, 366, 'DESAGUADERO'),
(3198, 372, 'EL ALGARROBO'),
(3199, 359, 'EL ALPERO ,EMB.'),
(3200, 369, 'EL BORBOLLON'),
(3201, 370, 'EL CARRIZAL ABAJO'),
(3202, 370, 'EL CARRIZAL DE ARRIBA'),
(3203, 371, 'EL CENTRAL'),
(3204, 369, 'EL CHALLAO'),
(3205, 359, 'EL FORZADO'),
(3206, 357, 'EL MANZANO'),
(3207, 362, 'EL MIRADOR'),
(3208, 355, 'EL NIHUIL'),
(3209, 355, 'EL NIHUIL ,EST.'),
(3210, 363, 'EL PARAISO'),
(3211, 369, 'EL PASTAL'),
(3212, 369, 'EL PLUMERILLO'),
(3213, 369, 'EL RESGUARDO'),
(3214, 359, 'EL RETAMO'),
(3215, 358, 'EL SAUCE'),
(3216, 355, 'EL SOSNEADO'),
(3217, 359, 'EL VERGEL'),
(3218, 369, 'ESPEJO'),
(3219, 358, 'ESQUINA PESCADERO'),
(3220, 367, 'ESTANCIA LA PAMPA'),
(3221, 363, 'FRAY LUIS BELTRAN'),
(3222, 365, 'GENERAL ALVEAR ,EST.COLONIA ALVEAR NORTE'),
(3223, 358, 'GENERAL AMIGORENA ,EMB.'),
(3224, 363, 'GENERAL GUTIERREZ'),
(3225, 359, 'GENERAL LAVALLE'),
(3226, 363, 'GENERAL ORTEGA'),
(3227, 369, 'GERMANIA'),
(3228, 364, 'GOBERNADOR BENEGAS'),
(3229, 372, 'GOBERNADOR CIVIT'),
(3230, 364, 'GODOY CRUZ'),
(3231, 365, 'GOICO'),
(3232, 355, 'GOUDGE'),
(3233, 355, 'GUADALES'),
(3234, 369, 'GUIDO'),
(3235, 369, 'HORNITO DEL GRINGO'),
(3236, 371, 'INGENIERO GIAGNONI'),
(3237, 359, 'INGENIERO GUSTAVO ANDRE'),
(3238, 355, 'ISELIN, RODOLFO'),
(3239, 369, 'JOCOLI'),
(3240, 359, 'JOCOLI VIEJO'),
(3241, 360, 'JUNIN'),
(3242, 358, 'JUSUS NAZARENO'),
(3243, 359, 'KILOMETRO 976 ,EST.'),
(3244, 361, 'LA ARBOLEDA'),
(3245, 370, 'LA CARRODILLA'),
(3246, 366, 'LA CAUTIVA'),
(3247, 369, 'LA CIENAGUITA'),
(3248, 368, 'LA CONSULTA'),
(3249, 372, 'LA COSTA'),
(3250, 372, 'LA DORMIDA'),
(3251, 365, 'LA ESCANDINAVA'),
(3252, 359, 'LA HOLANDA'),
(3253, 369, 'LA HULLERA'),
(3254, 365, 'LA MARZOLINA'),
(3255, 365, 'LA MORA'),
(3256, 366, 'LA PAZ'),
(3257, 359, 'LA PEGA'),
(3258, 369, 'LA UNION'),
(3259, 357, 'LA VALENCIANA'),
(3260, 358, 'LAGUNITA'),
(3261, 372, 'LAS CATITAS ,EST.JOSE NESTOR LENCINAS'),
(3262, 357, 'LAS CHACRAS'),
(3263, 369, 'LAS CUEVAS'),
(3264, 369, 'LAS HERAS ,EST.CABINA TAMARINDOS'),
(3265, 355, 'LAS MALVINAS'),
(3266, 355, 'LAS PAREDES ,EST.CAPITAN MONTOYA'),
(3267, 368, 'LOA ALAMITOS'),
(3268, 372, 'LOMAS BLANCAS'),
(3269, 367, 'LOS ARBOLES'),
(3270, 362, 'LOS ARBOLES'),
(3271, 365, 'LOS HUARPES ,AP.'),
(3272, 357, 'LOS MOLLES'),
(3273, 367, 'LOS SAUCES'),
(3274, 355, 'LOS TERNEROS ,DV.'),
(3275, 370, 'LUJAN DE CUYO'),
(3276, 363, 'LUNLUNTA'),
(3277, 363, 'LUZURIAGA'),
(3278, 363, 'MAIPU'),
(3279, 357, 'MALARGUE'),
(3280, 366, 'MAQUINISTA LEVET'),
(3281, 370, 'MAYOR DRUMMOND'),
(3282, 365, 'MEDIA LUNA'),
(3283, 360, 'MEDRANO'),
(3284, 373, 'MENDOZA'),
(3285, 357, 'MINACAR'),
(3286, 369, 'MINAS SALAGASTA'),
(3287, 355, 'MONTE COMAN'),
(3288, 369, 'MOYANO, FEDERICO J.'),
(3289, 372, 'ÑACUNAN'),
(3290, 355, 'NEGRO QUEMADO'),
(3291, 360, 'NEWBERY, JORGE'),
(3292, 357, 'ÑIRE-CO'),
(3293, 371, 'NUEVA CALIFORNIA ,EST.MOLUCHES'),
(3294, 365, 'OVEJERIA'),
(3295, 371, 'PALMIRA'),
(3296, 365, 'PAMPA DEL TIGRE'),
(3297, 366, 'PAMPITA'),
(3298, 369, 'PANQUEUA'),
(3299, 359, 'PARAMILLO ,AP.'),
(3300, 368, 'PAREDITAS'),
(3301, 363, 'PEDREGAL'),
(3302, 370, 'PERDRIEL'),
(3303, 360, 'PHILIPPS'),
(3304, 372, 'PICHI CIEGO'),
(3305, 366, 'PIRQUITA'),
(3306, 369, 'POLVAREDAS'),
(3307, 370, 'POTRERILLOS'),
(3308, 355, 'PRATS, JAIME'),
(3309, 358, 'PUEBLO NUEVO (KM.ONCE)'),
(3310, 369, 'PUENTE DEL INCA'),
(3311, 369, 'PUNTA DE VACA'),
(3312, 355, 'PUNTA DEL AGUA'),
(3313, 370, 'PUNTILLA'),
(3314, 355, 'RAMA CAIDA'),
(3315, 357, 'RANQUIL DEL NORTE'),
(3316, 355, 'REAL DEL PADRE'),
(3317, 355, 'RESOLANA'),
(3318, 355, 'RINCON DEL ATUEL ,EST.ING.BALLOFFET'),
(3319, 362, 'RIVADAVIA'),
(3320, 358, 'RODEO DE LA CRUZ'),
(3321, 363, 'RODEO DEL MEDIO'),
(3322, 360, 'RODRIGUEZ PEÑA'),
(3323, 363, 'RUSSELL'),
(3324, 355, 'SALINAS DEL DIAMANTE ,EST.'),
(3325, 355, 'SALTO DE LAS ROSAS'),
(3326, 368, 'SAN CARLOS'),
(3327, 361, 'SAN JOSE'),
(3328, 359, 'SAN JOSE'),
(3329, 371, 'SAN MARTIN ,EST.LIB.GRL.SAN MARTIN'),
(3330, 359, 'SAN MIGUEL'),
(3331, 355, 'SAN RAFAEL'),
(3332, 363, 'SAN ROQUE'),
(3333, 362, 'SANTA MARIA DE ORO'),
(3334, 372, 'SANTA ROSA'),
(3335, 355, 'SOITUE'),
(3336, 369, 'TERMAS VILLAVICENCIO'),
(3337, 368, 'TRES ESQUINAS'),
(3338, 371, 'TRES PORTEÑAS'),
(3339, 369, 'TROPERO SOSA ,EMP.'),
(3340, 367, 'TUNUYAN'),
(3341, 361, 'TUPUNGATO'),
(3342, 370, 'UGARTECHE'),
(3343, 369, 'USPALLATA'),
(3344, 370, 'USPALLATA ,EST.'),
(3345, 355, 'VARGAS, PEDRO'),
(3346, 355, 'VILLA ATUEL'),
(3347, 361, 'VILLA BASTIA'),
(3348, 363, 'VILLA EDELMIRA'),
(3349, 364, 'VILLA HIPODROMO'),
(3350, 366, 'VILLA LA PAZ'),
(3351, 358, 'VILLA NUEVA'),
(3352, 367, 'VILLA SECA'),
(3353, 355, 'VILLANUEVA, ARISTIDES'),
(3354, 367, 'VISTA FLORES'),
(3355, 370, 'VISTALBA'),
(3356, 361, 'ZAPATA'),
(3357, 374, '25 DE MAYO'),
(3358, 375, '25 DE MAYO'),
(3359, 376, '9 DE JULIO'),
(3360, 374, 'ALBA POSE'),
(3361, 377, 'ALMAFUERTE'),
(3362, 378, 'APOSTOLES'),
(3363, 379, 'ARISTOBULO DEL VALLE'),
(3364, 380, 'ARROYO DEL MEDIO'),
(3365, 378, 'AZARA'),
(3366, 374, 'BARRA BONITA'),
(3367, 381, 'BARRA CONCEPCION'),
(3368, 382, 'BARRANCON SAN PEDRO'),
(3369, 383, 'BELLA VISTA'),
(3370, 384, 'BERNARDO DE IRIGOYEN'),
(3371, 383, 'BONPLAND'),
(3372, 380, 'CAA YARI'),
(3373, 385, 'CAMPANA'),
(3374, 384, 'CAMPIÑAS DE AMERICA'),
(3375, 379, 'CAMPO GRANDE'),
(3376, 385, 'CAMPO RAMON'),
(3377, 385, 'CAMPO VIERA'),
(3378, 383, 'CANDELARIA'),
(3379, 386, 'CAPIOVI'),
(3380, 386, 'CAPIOVICINO'),
(3381, 375, 'CATARATAS DEL IGUAZU'),
(3382, 377, 'CERRO AZUL'),
(3383, 383, 'CERRO CORA'),
(3384, 378, 'COLONIA APOSTOLES'),
(3385, 379, 'COLONIA ARISTOBULO DEL VALLE'),
(3386, 374, 'COLONIA AURORA'),
(3387, 386, 'COLONIA MBOPICUA'),
(3388, 387, 'COLONIA NARANJITO'),
(3389, 388, 'COLONIA SANTA TERESA'),
(3390, 385, 'COLONIA YABEBIRY'),
(3391, 381, 'CONCEPCION DE LA SIERRA'),
(3392, 387, 'CORPUS'),
(3393, 386, 'CUÑAPIRU'),
(3394, 379, 'DEL VALLE, ARISTOBULO'),
(3395, 389, 'DESEADO'),
(3396, 380, 'DOS ARROYOS'),
(3397, 379, 'DOS DE MAYO'),
(3398, 390, 'EL ALCAZAR'),
(3399, 378, 'EL PARAISO'),
(3400, 391, 'EL SOBERBIO'),
(3401, 379, 'EL TIGRE'),
(3402, 392, 'ELDORADO'),
(3403, 393, 'FACHINAL'),
(3404, 394, 'FRACRAN'),
(3405, 393, 'GARUPA'),
(3406, 385, 'GENERAL ALVEAR'),
(3407, 380, 'GENERAL GUEMES'),
(3408, 375, 'GOBERNADOR JUAN J.LANUSSE'),
(3409, 380, 'GOBERNADOR LOPEZ'),
(3410, 387, 'GOBERNADOR ROCA'),
(3411, 385, 'GUARANI'),
(3412, 395, 'INVERNADA DE ITACARUARE'),
(3413, 389, 'IRIGOYEN, BERNARDO DE'),
(3414, 395, 'ITACARUARE'),
(3415, 387, 'JARDIN AMERICA'),
(3416, 388, 'KILOMETRO 18'),
(3417, 378, 'KILOMETRO 538 ,AP.'),
(3418, 378, 'KILOMETRO 546 ,AP.'),
(3419, 393, 'KILOMETRO 577'),
(3420, 382, 'LA GRUTA'),
(3421, 388, 'LAHARRAGE'),
(3422, 393, 'LANUS, MIGUEL'),
(3423, 378, 'LAS TUNAS'),
(3424, 393, 'LEIS ,PDA.'),
(3425, 383, 'LORETO'),
(3426, 385, 'LOS HELECHOS'),
(3427, 381, 'MACHADINO'),
(3428, 383, 'MARTIRES'),
(3429, 395, 'MOJON GRANDE'),
(3430, 394, 'MONTEAGUDO'),
(3431, 388, 'MONTECARLO'),
(3432, 387, 'ÑACANGUAZU'),
(3433, 385, 'OBERA'),
(3434, 385, 'PANAMBI'),
(3435, 382, 'PIÑALITO'),
(3436, 378, 'PINDAPOY ,EST.'),
(3437, 393, 'POSADAS'),
(3438, 383, 'PROFUNDIDAD'),
(3439, 388, 'PUEBLO TARUMA'),
(3440, 386, 'PUERTO 3 DE MAYO'),
(3441, 388, 'PUERTO AVELLANEDA'),
(3442, 375, 'PUERTO BOSSETTI'),
(3443, 388, 'PUERTO CARAGUATAY'),
(3444, 381, 'PUERTO CONCEPCION'),
(3445, 392, 'PUERTO DELICIA'),
(3446, 392, 'PUERTO ELDORADO'),
(3447, 375, 'PUERTO ELVECIA'),
(3448, 375, 'PUERTO ERRECABORDE'),
(3449, 387, 'PUERTO ESPAÑA'),
(3450, 375, 'PUERTO ESPERANZA'),
(3451, 386, 'PUERTO GARUHAPE'),
(3452, 387, 'PUERTO GISELA'),
(3453, 375, 'PUERTO IGUAZU'),
(3454, 386, 'PUERTO INGENIERO MORANDI'),
(3455, 386, 'PUERTO LEONI'),
(3456, 375, 'PUERTO LIBERTAD'),
(3457, 374, 'PUERTO LONDERO'),
(3458, 376, 'PUERTO MADO'),
(3459, 387, 'PUERTO MENOCCHIO'),
(3460, 387, 'PUERTO NARANJITO'),
(3461, 386, 'PUERTO OASIS'),
(3462, 386, 'PUERTO ORO VERDE'),
(3463, 394, 'PUERTO PARAISO'),
(3464, 386, 'PUERTO PARANAY'),
(3465, 375, 'PUERTO PAULITO'),
(3466, 375, 'PUERTO PENINSULA'),
(3467, 392, 'PUERTO PINARES'),
(3468, 388, 'PUERTO PIRAY'),
(3469, 396, 'PUERTO RICO'),
(3470, 395, 'PUERTO ROSARIO'),
(3471, 374, 'PUERTO SAN ANTONIO'),
(3472, 381, 'PUERTO SAN ISIDRO'),
(3473, 381, 'PUERTO SAN LUCAS'),
(3474, 374, 'PUERTO SAN MARTIN'),
(3475, 375, 'PUERTO SEGUNDO'),
(3476, 392, 'PUERTO VICTORIA'),
(3477, 375, 'PUERTO YRIGOYEN'),
(3478, 386, 'PURTO MINERAL'),
(3479, 386, 'RUIZ DE MONTOYA'),
(3480, 385, 'SALTO'),
(3481, 389, 'SAN ANTONIO'),
(3482, 374, 'SAN FRANCISCO DE ASIS'),
(3483, 387, 'SAN IGNACIO'),
(3484, 395, 'SAN JAVIER'),
(3485, 378, 'SAN JOSE'),
(3486, 382, 'SAN PEDRO'),
(3487, 394, 'SAN VICENTE'),
(3488, 383, 'SANTA ANA'),
(3489, 381, 'SANTA MARIA'),
(3490, 374, 'SANTA RITA'),
(3491, 374, 'SANTA RITA'),
(3492, 387, 'SANTO PIPO'),
(3493, 383, 'TACUARUZU'),
(3494, 382, 'TOBUNA'),
(3495, 378, 'TRES CAPONES'),
(3496, 393, 'VILLA LONCA'),
(3497, 375, 'WANDA'),
(3498, 387, 'YRIGOYEN, HIPOLITO'),
(3499, 397, 'ACHICO'),
(3500, 398, 'ALUMINE'),
(3501, 399, 'ANDACOLLO'),
(3502, 400, 'AÑELO'),
(3503, 401, 'ARROYITO CHALLACO'),
(3504, 402, 'ARROYO BLANCO'),
(3505, 401, 'ASTRA'),
(3506, 400, 'AUCA MAHUIDA'),
(3507, 397, 'BAJADA COLORADA'),
(3508, 403, 'BAJADA DEL AGRIO'),
(3509, 404, 'BAÑOS LAS MAQUINITAS'),
(3510, 405, 'BARRANCAS'),
(3511, 399, 'BELLA VISTA'),
(3512, 399, 'BOTE'),
(3513, 404, 'BUTA MALLIN'),
(3514, 405, 'BUTA RANQUIL'),
(3515, 405, 'BUTACO'),
(3516, 406, 'CAJON DE ALMANZA'),
(3517, 406, 'CAJON DEL MANZANO'),
(3518, 401, 'CALIFORNIA'),
(3519, 406, 'CAMPANA MAHUIDA'),
(3520, 407, 'CAMPO GRANDE'),
(3521, 408, 'CASTRO, RAMON M.'),
(3522, 409, 'CATAN LIL'),
(3523, 401, 'CENTENARIO'),
(3524, 409, 'CHACAICO SUR'),
(3525, 401, 'CHALLACO'),
(3526, 402, 'CHOS MALAL'),
(3527, 403, 'CODIHUE'),
(3528, 406, 'COIHUECO'),
(3529, 410, 'COLIPILLI'),
(3530, 397, 'COLLON CURA'),
(3531, 407, 'COLLON-CO'),
(3532, 410, 'COPAHUE'),
(3533, 411, 'CORRENTOSO'),
(3534, 405, 'CORTADERA'),
(3535, 403, 'COVUNCO'),
(3536, 401, 'CUTRAL-CO'),
(3537, 410, 'EL CHOLAR'),
(3538, 410, 'EL HUECU'),
(3539, 409, 'EL MARUCHO'),
(3540, 409, 'ESPINAZO DEL ZORRO'),
(3541, 409, 'FORTIN 1º DE MAYO'),
(3542, 399, 'HUINGANCO'),
(3543, 407, 'JUNIN DE LOS ANDES'),
(3544, 403, 'LA BUITRERA'),
(3545, 411, 'LA LIPELA'),
(3546, 409, 'LA NEGRA'),
(3547, 409, 'LA PICAZA'),
(3548, 409, 'LAS COLORADAS'),
(3549, 403, 'LAS LAJAS'),
(3550, 399, 'LAS OVEJAS'),
(3551, 399, 'LILEO'),
(3552, 406, 'LONCOPUE'),
(3553, 407, 'LOS HELECHOS'),
(3554, 409, 'LOS MOLLES'),
(3555, 407, 'MALLEO'),
(3556, 408, 'MORENO, MARIANO'),
(3557, 406, 'MULICHINCO'),
(3558, 411, 'NAHUEL HUAPI'),
(3559, 410, 'NAUNAUCO'),
(3560, 401, 'NEUQUEN'),
(3561, 410, 'ÑORQUIN'),
(3562, 408, 'PASO DE LOS INDIOS'),
(3563, 412, 'PICUN LEUFU'),
(3564, 397, 'PIEDRA DEL AGUILA'),
(3565, 409, 'PILOLIL'),
(3566, 403, 'PINO HACHADO'),
(3567, 401, 'PLAZA HUINCUL'),
(3568, 401, 'PLOTTIER'),
(3569, 413, 'PUERTO HUA-HUM'),
(3570, 411, 'PUERTO HUEMUL'),
(3571, 411, 'PUERTO MANZANO'),
(3572, 398, 'QUILACHANQUIL'),
(3573, 403, 'QUILI MALAL'),
(3574, 398, 'RAHUE'),
(3575, 414, 'RANQUILCO'),
(3576, 407, 'SAN IGNACIO'),
(3577, 413, 'SAN MARTIN DE LOS ANDES'),
(3578, 397, 'SANICO'),
(3579, 401, 'SENILLOSA'),
(3580, 411, 'TRAFUL'),
(3581, 410, 'TRES CHORROS'),
(3582, 402, 'TRICAO MALAL'),
(3583, 399, 'VARVARCI'),
(3584, 401, 'VILLA EL CHOCON'),
(3585, 411, 'VILLA LA ANGOSTURA'),
(3586, 411, 'VILLA TRAFUL'),
(3587, 401, 'VISTA ALEGRE'),
(3588, 408, 'ZAPALA'),
(3589, 415, 'AGUADA CECILIO'),
(3590, 416, 'AGUADA DE GUERRA'),
(3591, 417, 'AGUADA DE GUZMAN'),
(3592, 418, 'AGUADA TRONCOSO'),
(3593, 419, 'ALLEN'),
(3594, 415, 'ARROYO DE LA VENTANA'),
(3595, 415, 'ARROYO VERDE'),
(3596, 419, 'BARDA DEL MEDIO ,EST.KM 1218'),
(3597, 420, 'BENJAMIN ZORRILLA'),
(3598, 421, 'BOCA DE LA TRAVESIA'),
(3599, 422, 'BUENA PARADA'),
(3600, 419, 'CATRIEL'),
(3601, 416, 'CERRO ABANICO ,AP.'),
(3602, 417, 'CERRO POLICIA'),
(3603, 419, 'CERVANTES'),
(3604, 418, 'CHACAY HUARRUCA'),
(3605, 417, 'CHASICO'),
(3606, 420, 'CHELFORO'),
(3607, 419, 'CHICHINALES'),
(3608, 420, 'CHIMPAY'),
(3609, 420, 'CHOELE CHOEL'),
(3610, 423, 'CINCO CHAÑARES'),
(3611, 419, 'CINCO SALTOS'),
(3612, 419, 'CIPOLLETTI'),
(3613, 420, 'COLONIA JOSEFA'),
(3614, 422, 'COLONIA JULIA Y ECHARREN'),
(3615, 424, 'COMALLO'),
(3616, 425, 'CONA NIYEU'),
(3617, 419, 'CONTRALMIRANTE CORDERO'),
(3618, 419, 'CONTRALMIRANTE MARTIN GUERRICO'),
(3619, 420, 'CORONEL BELISLE'),
(3620, 422, 'CORONEL EUGENIO DEL BUSTO'),
(3621, 421, 'CORONEL FRANCISCO SOSA'),
(3622, 419, 'CORONEL JUAN JOSE GOMEZ'),
(3623, 426, 'CUBANEA'),
(3624, 420, 'DARWIN'),
(3625, 423, 'DOCTOR ROGELIO CORTIZO ,EMP.'),
(3626, 427, 'EL BOLSON'),
(3627, 416, 'EL CAIN'),
(3628, 417, 'EL CUY'),
(3629, 421, 'EL PORVENIR ,EMB.'),
(3630, 425, 'FALKNER'),
(3631, 418, 'FITALANCAO'),
(3632, 420, 'FORTIN UNO'),
(3633, 420, 'FRAY LUIS BELTRAN'),
(3634, 418, 'FUTA RUIN'),
(3635, 425, 'GANZU LAUQUEN ,AP.'),
(3636, 422, 'GARAY, JUAN DE'),
(3637, 421, 'GENERAL CONESA'),
(3638, 419, 'GENERAL ENRIQUE GODOY'),
(3639, 419, 'GENERAL FERNANDEZ ORO'),
(3640, 426, 'GENERAL LIBORIO BERNAL'),
(3641, 426, 'GENERAL LORENZO VINTTER'),
(3642, 426, 'GENERAL NICOLAS H.PALACIOS'),
(3643, 419, 'GENERAL ROCA'),
(3644, 426, 'GUARDIA MITRE'),
(3645, 416, 'INGENIERO JACOBACCI'),
(3646, 419, 'INGENIERO JULIAN ROMERO ,EST'),
(3647, 419, 'INGENIERO LUIS A.HUERGO'),
(3648, 419, 'INGENIERO OTTO KRAUSE'),
(3649, 424, 'INGENIERO ZIMMERMANN RESTA ,AP.'),
(3650, 420, 'KILOMETRO 1013'),
(3651, 420, 'KILOMETRO 1040'),
(3652, 419, 'KILOMETRO 1071'),
(3653, 426, 'KILOMETRO 21'),
(3654, 421, 'KILOMETRO 38'),
(3655, 418, 'KILOMETRO 39'),
(3656, 421, 'KILOMETRO 57'),
(3657, 416, 'KILOMETRO 648'),
(3658, 422, 'KILOMETRO 829'),
(3659, 422, 'KILOMETRO 839'),
(3660, 422, 'KILOMETRO 867'),
(3661, 422, 'KILOMETRO 875'),
(3662, 422, 'KILOMETRO 899'),
(3663, 420, 'KILOMETRO 966'),
(3664, 420, 'KILOMETRO 995'),
(3665, 426, 'LA ENSENADA'),
(3666, 416, 'LA ESPERANZA'),
(3667, 426, 'LA LOBERIA'),
(3668, 424, 'LAGUNA BLANCA'),
(3669, 420, 'LAMARQUE'),
(3670, 418, 'LAS BAYAS'),
(3671, 427, 'LLAO LLAO'),
(3672, 417, 'LONCO VACA'),
(3673, 416, 'LOS JUNCOS'),
(3674, 416, 'LOS MENUCOS'),
(3675, 427, 'LOS REPOLLOS'),
(3676, 419, 'MAINQUE'),
(3677, 418, 'MAMUEL CHOIQUE'),
(3678, 423, 'MANCHA BLANCA ,EST.'),
(3679, 416, 'MAQUINCHAO'),
(3680, 417, 'MENCUE'),
(3681, 420, 'MENUCOS'),
(3682, 425, 'MINISTRO RAMOS MEXIA'),
(3683, 415, 'MUSTERS ,EST.'),
(3684, 415, 'NAHUEL NIYEU'),
(3685, 420, 'NEGRO MUERTO'),
(3686, 424, 'NENEO RUCA'),
(3687, 424, 'ÑIRIHUAU'),
(3688, 418, 'ÑORQUINCO'),
(3689, 426, 'NUEVO LEON'),
(3690, 418, 'OJOS DE AGUA'),
(3691, 416, 'ONELLI, CLEMENTE'),
(3692, 419, 'PADRE ALEJANDRO STEFENELLI'),
(3693, 415, 'PAJALTA'),
(3694, 424, 'PASO CHACABUCO'),
(3695, 424, 'PASO FLORES'),
(3696, 424, 'PASO LIMAY'),
(3697, 427, 'PERITO MORENO'),
(3698, 424, 'PERITO MORENO ,EST.'),
(3699, 424, 'PICHI LEUFU'),
(3700, 422, 'PICHI MAHUIDA'),
(3701, 424, 'PILCANIYEU'),
(3702, 420, 'POMONA'),
(3703, 427, 'PUERTO BLEST'),
(3704, 418, 'RIO CHICO ,EST.CERRO MESA'),
(3705, 422, 'RIO COLORADO'),
(3706, 428, 'RIO COLORADO'),
(3707, 423, 'SAN ANTONIO OESTE'),
(3708, 427, 'SAN CARLOS DE BARILOCHE'),
(3709, 421, 'SAN LORENZO'),
(3710, 415, 'SANTA ROSA'),
(3711, 423, 'SCOTT, PERCY H. ,AP.'),
(3712, 425, 'SIERRA COLORADA'),
(3713, 423, 'SIERRA GRANDE'),
(3714, 415, 'SIERRA PAILEMAN'),
(3715, 425, 'TALCAHUALA ,AP.'),
(3716, 415, 'TENIENTE MAZA ,EST.'),
(3717, 420, 'TRAPALCO'),
(3718, 417, 'TRICA CO'),
(3719, 415, 'VALCHETA'),
(3720, 426, 'VICEALMIRANTE EDUARDO O''CONNOR'),
(3721, 426, 'VIEDMA'),
(3722, 426, 'VIEDMA ,EST.'),
(3723, 427, 'VILLA MASCARDI'),
(3724, 419, 'VILLA REGINA');
INSERT INTO `localidades` (`id`, `departamento_id`, `descripcion`) VALUES
(3725, 426, 'ZANJON DE OYUELA'),
(3726, 420, 'ZORRILLA, BENJAMIN'),
(3727, 429, '20 DE FEBRERO'),
(3728, 430, 'ACAMBUCO'),
(3729, 431, 'AGUA BLANCA'),
(3730, 432, 'AGUA SUCIA'),
(3731, 433, 'AGUARAY ,EST.'),
(3732, 434, 'ALEMANIA'),
(3733, 432, 'ALGARROBAL'),
(3734, 435, 'ALMIRANTE BROWN'),
(3735, 436, 'ALTO DE FLORES'),
(3736, 437, 'ALTO DEL MISTOL'),
(3737, 438, 'AMBLAYO'),
(3738, 429, 'AMPASCACHI'),
(3739, 438, 'ANGASTACO'),
(3740, 438, 'ANGOSTURA'),
(3741, 438, 'ANIMANA'),
(3742, 432, 'ANTA'),
(3743, 435, 'ANTILLA'),
(3744, 430, 'ANTONIO QUIJARRO'),
(3745, 432, 'APOLINARIO SARAVIA'),
(3746, 435, 'ARENAL'),
(3747, 437, 'BAJO GRANDE'),
(3748, 435, 'BALBOA'),
(3749, 435, 'BELLA VISTA'),
(3750, 439, 'BETANIA'),
(3751, 439, 'CABEZA DE BUEY'),
(3752, 440, 'CACHI'),
(3753, 441, 'CACHIÑAL'),
(3754, 440, 'CACHIPAMPA'),
(3755, 442, 'CAFAYATE'),
(3756, 443, 'CAIPE ,EST.'),
(3757, 444, 'CAMPICHUELO'),
(3758, 432, 'CAMPO ALEGRE'),
(3759, 445, 'CAMPO CASEROS'),
(3760, 446, 'CAMPO DURAN'),
(3761, 444, 'CAMPO GRANDE'),
(3762, 441, 'CAMPO QUIJANO'),
(3763, 447, 'CAMPO SANTO'),
(3764, 436, 'CAPITAN JUAN PAGE'),
(3765, 429, 'CASTAÑARES ,EST.'),
(3766, 432, 'CEIBALITO'),
(3767, 448, 'CERRILLOS'),
(3768, 431, 'CHAGUARAL'),
(3769, 432, 'CHAÑAR MUYO ,EST.CNL.OLLEROS'),
(3770, 449, 'CHICOANA'),
(3771, 449, 'CHICOANA ,EST.'),
(3772, 441, 'CHORRILLOS'),
(3773, 432, 'CHORROARIN'),
(3774, 443, 'CHUCULAQUI ,EST.'),
(3775, 450, 'COBRES'),
(3776, 435, 'COCHABAMBA ,AP.'),
(3777, 431, 'COLONIA SANTA ROSA'),
(3778, 435, 'COPO QUILE'),
(3779, 444, 'CORONEL CORNEJO'),
(3780, 436, 'CORONEL JUAN SOLA ,EST.MORILLO'),
(3781, 429, 'CORONEL MOLDES'),
(3782, 432, 'CORONEL MOLLINEDO'),
(3783, 432, 'CORONEL VIDT'),
(3784, 438, 'CORRALITO'),
(3785, 444, 'CORRALITO'),
(3786, 447, 'CRUZ QUEMADA'),
(3787, 441, 'DE ALMAGRO, DIEGO'),
(3788, 449, 'DOCTOR FACUNDO ZUVIRIA'),
(3789, 444, 'DRAGONES'),
(3790, 451, 'EL AIBAL'),
(3791, 441, 'EL ALISAL'),
(3792, 435, 'EL BORDO'),
(3793, 447, 'EL BORDO'),
(3794, 436, 'EL BOTIN'),
(3795, 449, 'EL CARRIL'),
(3796, 434, 'EL CEBILLAR'),
(3797, 448, 'EL CEIBALITO'),
(3798, 451, 'EL DURAZNO'),
(3799, 441, 'EL ENCON'),
(3800, 437, 'EL GALPON ,EST.FOGUISTA JORGE.F.SUAREZ'),
(3801, 435, 'EL NARANJO'),
(3802, 444, 'EL PAJEAL'),
(3803, 432, 'EL PIQUETE'),
(3804, 441, 'EL PUCARA'),
(3805, 432, 'EL QUEBRACHAL'),
(3806, 450, 'EL SALADILLO'),
(3807, 452, 'EL TALA ,EST.RUIZ DE LOS LLANOS'),
(3808, 437, 'EL TUNAL'),
(3809, 441, 'EL TUNAL'),
(3810, 444, 'EMBARCACION'),
(3811, 449, 'ESCOIPE'),
(3812, 447, 'ESQUINA DE QUISTO'),
(3813, 437, 'ESTECO'),
(3814, 432, 'GAONA'),
(3815, 451, 'GENERAL ALVARADO'),
(3816, 444, 'GENERAL BALLIVIAN'),
(3817, 447, 'GENERAL GUEMES ,EST.GUEMES'),
(3818, 444, 'GENERAL MOSCONI ,EST.VESPUCIO'),
(3819, 432, 'GENERAL PIZARRO'),
(3820, 441, 'GOBERNADOR MANUEL SOLA'),
(3821, 432, 'GONZALEZ, °JOAQUIN V.'),
(3822, 434, 'GUACHIPAS'),
(3823, 444, 'GUAYACAN'),
(3824, 444, 'HICKMANN'),
(3825, 435, 'HORCONES'),
(3826, 441, 'INCAHUASI'),
(3827, 453, 'INGENIERO MAURY'),
(3828, 454, 'IRUYA'),
(3829, 438, 'JASIMANA'),
(3830, 437, 'JURAMENTO'),
(3831, 432, 'KILOMETRO 1088 ,DV.'),
(3832, 432, 'KILOMETRO 1104 ,DV.'),
(3833, 455, 'KILOMETRO 1125 ,DV.'),
(3834, 451, 'KILOMETRO 1129 ,DV.'),
(3835, 432, 'KILOMETRO 1152 ,DV.'),
(3836, 441, 'KILOMETRO 1156 ,AP.'),
(3837, 431, 'KILOMETRO 1291'),
(3838, 451, 'KILOMETRO 1291 ,DV.'),
(3839, 441, 'KILOMETRO 1299'),
(3840, 431, 'KILOMETRO 1305 ,DV.'),
(3841, 443, 'KILOMETRO 1357'),
(3842, 443, 'KILOMETRO 1424'),
(3843, 444, 'KILOMETRO 1448'),
(3844, 456, 'KILOMETRO 1506'),
(3845, 455, 'LA CALDERA'),
(3846, 452, 'LA CANDELARIA'),
(3847, 448, 'LA CANDELARIA'),
(3848, 436, 'LA CORZUELA'),
(3849, 431, 'LA ESTRELLA'),
(3850, 448, 'LA FLORIDA'),
(3851, 448, 'LA ISLA'),
(3852, 448, 'LA MERCED'),
(3853, 450, 'LA POMA'),
(3854, 451, 'LA QUESERA'),
(3855, 448, 'LA ROSITA'),
(3856, 441, 'LA SILLETA'),
(3857, 447, 'LA TRAMPA'),
(3858, 436, 'LA UNION'),
(3859, 429, 'LA VIÑA'),
(3860, 441, 'LAS CAPILLAS'),
(3861, 432, 'LAS LAJITAS'),
(3862, 436, 'LAS LLAVES'),
(3863, 435, 'LAS MERCEDES'),
(3864, 447, 'LAS MESITAS ,DV.'),
(3865, 448, 'LAS PALMAS'),
(3866, 435, 'LAS SALADAS'),
(3867, 432, 'LAS TORTUGAS'),
(3868, 436, 'LAS TRES MARIAS'),
(3869, 432, 'LAS VIBORAS'),
(3870, 442, 'LORO HUASI'),
(3871, 435, 'LOS BAÑOS'),
(3872, 436, 'LOS BLANCOS'),
(3873, 452, 'LOS MOGOTES'),
(3874, 432, 'LOS NOGALES'),
(3875, 443, 'LOS PATOS ,AP.'),
(3876, 429, 'LOS SAUCES'),
(3877, 437, 'LUMBRERA'),
(3878, 457, 'LURACATAO'),
(3879, 432, 'MACAPILLO'),
(3880, 431, 'MARTINEZ DEL TINEO'),
(3881, 431, 'MATORRAS, JERONIMO'),
(3882, 441, 'MESETA'),
(3883, 437, 'METAN'),
(3884, 437, 'METAN VIEJO'),
(3885, 443, 'MINA CONCORDIA ,EMB.'),
(3886, 443, 'MINA LA CASUALIDAD'),
(3887, 455, 'MOJOTORO'),
(3888, 457, 'MOLINOS'),
(3889, 438, 'MONTEVERDE'),
(3890, 434, 'MORALES'),
(3891, 435, 'MORENILLO'),
(3892, 450, 'MUÑANO'),
(3893, 458, 'NAZARENO'),
(3894, 432, 'NUESTRA SEÑORA DE TALAVERA'),
(3895, 429, 'OSMA'),
(3896, 449, 'OSMA ,EST.'),
(3897, 435, 'OVANDO'),
(3898, 444, 'PADRE LOZANO'),
(3899, 432, 'PALERMO'),
(3900, 447, 'PALOMITAS'),
(3901, 434, 'PAMPA GRANDE'),
(3902, 448, 'PATRON COSTAS, LUIS'),
(3903, 440, 'PAYOGASTA'),
(3904, 431, 'PICHANAL'),
(3905, 432, 'PIQUETE CABADO'),
(3906, 444, 'PIQUIRENDA'),
(3907, 436, 'PLUMA DEL PATO'),
(3908, 452, 'POTRERILLOS'),
(3909, 437, 'POTRERO'),
(3910, 441, 'POTRERO DE URIBURU'),
(3911, 444, 'POZO BRAVO'),
(3912, 436, 'POZO CERRADO'),
(3913, 431, 'POZO DE LA ESQUINA'),
(3914, 444, 'PROFESOR SALVADOR MAZZA ,EST.POCITOS'),
(3915, 438, 'PUCARA'),
(3916, 450, 'PUEBLO VIEJO'),
(3917, 435, 'PUENTE DE PLATA'),
(3918, 436, 'PUERTA DE DIAZ'),
(3919, 441, 'PUERTA TASTIL'),
(3920, 436, 'PUERTO LA PAZ'),
(3921, 440, 'PUNTA DEL AGUA'),
(3922, 443, 'QUEBRADA DEL AGUA ,EST.'),
(3923, 444, 'QUIJARRO, ANTONIO'),
(3924, 451, 'RIO ANCHO ,AP.'),
(3925, 432, 'RIO DEL VALLE'),
(3926, 431, 'RIO PESCADO'),
(3927, 437, 'RIO PIEDRAS'),
(3928, 444, 'RIO SECO'),
(3929, 435, 'RIO URUEÑA'),
(3930, 436, 'RIVADAVIA'),
(3931, 435, 'ROSARIO DE LA FRONTERA'),
(3932, 441, 'ROSARIO DE LERMA'),
(3933, 432, 'ROSARIO DEL DORADO'),
(3934, 443, 'SALAR DE POCITOS ,EST.'),
(3935, 451, 'SALTA'),
(3936, 436, 'SAN AGUSTIN'),
(3937, 443, 'SAN ANTONIO DE LOS COBRES'),
(3938, 438, 'SAN CARLOS'),
(3939, 440, 'SAN JOSE DE ESCALCHI'),
(3940, 451, 'SAN LORENZO'),
(3941, 429, 'SAN NICOLAS'),
(3942, 454, 'SAN PEDRO'),
(3943, 431, 'SAN RAMON DE LA NUEVA ORAN'),
(3944, 436, 'SANTA MARIA'),
(3945, 443, 'SANTA ROSA DE LOS PASTOS GRANDES'),
(3946, 441, 'SANTA ROSA DE TASTIL'),
(3947, 436, 'SANTA VICTORIA'),
(3948, 458, 'SANTA VICTORIA'),
(3949, 432, 'SANTO DOMINGO'),
(3950, 432, 'SARAVIA, APOLINARIO'),
(3951, 431, 'SAUCELITO'),
(3952, 437, 'SCHNEIDEWIND'),
(3953, 457, 'SECLANTAS'),
(3954, 444, 'SENDA HACHADA'),
(3955, 444, 'SENILLOSA'),
(3956, 443, 'SOCOMPA ,EST.'),
(3957, 436, 'SUNCHAL'),
(3958, 431, 'TABACAL'),
(3959, 443, 'TACA TACA ,EST.'),
(3960, 441, 'TACUARA'),
(3961, 444, 'TACUY'),
(3962, 429, 'TALAPAMPA'),
(3963, 444, 'TARTAGAL'),
(3964, 447, 'TEDIN, VIRGILIO'),
(3965, 444, 'TOBANTIRENDA'),
(3966, 443, 'TOLAR GRANDE'),
(3967, 432, 'TOLLOCHE'),
(3968, 442, 'TOLOMBON'),
(3969, 440, 'TONCO'),
(3970, 444, 'TONONO'),
(3971, 436, 'TRES YUCHANES'),
(3972, 443, 'UNQUILLAL ,EMB.'),
(3973, 431, 'URIZAR, ESTEBAN DE'),
(3974, 431, 'URUNDEL'),
(3975, 455, 'VAQUEROS'),
(3976, 443, 'VEGA DE ARZARO ,EST.'),
(3977, 448, 'VILLA SARMIENTO'),
(3978, 441, 'VIRREY TOLEDO'),
(3979, 436, 'VUELTA DE LOS TOBAS'),
(3980, 444, 'YARIGUARENDA'),
(3981, 437, 'YATASTO'),
(3982, 431, 'YUCHAN'),
(3983, 459, '9 DE JULIO'),
(3984, 460, 'ADAN QUIROGA'),
(3985, 461, 'ALBARDON'),
(3986, 462, 'ALGARROBO VERDE'),
(3987, 463, 'ALTO DE SIERRA'),
(3988, 464, 'ANGACO NORTE ,EST'),
(3989, 465, 'ANGUALASTO'),
(3990, 466, 'BALDE DEL ROSARIO'),
(3991, 465, 'BAÑO CENTENARIO'),
(3992, 467, 'BARREAL'),
(3993, 467, 'BARRIALITO'),
(3994, 468, 'BARRIO RIVADAVIA'),
(3995, 467, 'BELLA VISTA'),
(3996, 465, 'BELLA VISTA'),
(3997, 469, 'BERMEJO'),
(3998, 460, 'BOCA DE LA QUEBRADA'),
(3999, 465, 'BUENA ESPERANZA'),
(4000, 467, 'CALINGASTA'),
(4001, 470, 'CAÑADA HONDA'),
(4002, 471, 'CARPINTERIA'),
(4003, 467, 'CASTAÑO NUEVO'),
(4004, 467, 'CASTAÑO VIEJO'),
(4005, 469, 'CAUCETE'),
(4006, 465, 'CHIGUA'),
(4007, 466, 'CHUCUMA'),
(4008, 470, 'CIENAGUITA'),
(4009, 470, 'COCHAGUAL'),
(4010, 465, 'COLANGUIL'),
(4011, 472, 'COLL'),
(4012, 465, 'COLOLA'),
(4013, 462, 'CUYO ,EST.'),
(4014, 462, 'DIVISORIA'),
(4015, 463, 'ECHAGUE, PEDRO ,EST.'),
(4016, 464, 'EL BOSQUE'),
(4017, 460, 'EL FICAL'),
(4018, 461, 'EL SALADO'),
(4019, 462, 'ENCON'),
(4020, 470, 'GUANACACHE'),
(4021, 460, 'HUACO'),
(4022, 460, 'HUERTA DE HUACHI'),
(4023, 466, 'ICHIGUALASTO'),
(4024, 465, 'IGLESIA'),
(4025, 460, 'INGENIERO MATIAS G.SANCHEZ ,EST.'),
(4026, 469, 'KILOMETRO 810'),
(4027, 462, 'KILOMETRO 936 ,EMB.'),
(4028, 468, 'LA BEBIDA'),
(4029, 465, 'LA CAÑADA'),
(4030, 460, 'LA CIENAGA DE CUMILLANGO'),
(4031, 466, 'LA HUERTA'),
(4032, 467, 'LA ISLA'),
(4033, 461, 'LA LAJA'),
(4034, 471, 'LA RINCONADA'),
(4035, 462, 'LAS CASUARINAS'),
(4036, 473, 'LAS CHIMBAS ,AP.'),
(4037, 466, 'LAS DELICIAS'),
(4038, 474, 'LAS FLORES'),
(4039, 466, 'LAS JUNTAS'),
(4040, 461, 'LAS LOMITAS ,EST.ALBARDON'),
(4041, 469, 'LAS SALINAS ,DV.'),
(4042, 461, 'LAS TAPIAS'),
(4043, 470, 'LOS BERROS'),
(4044, 469, 'LOS PAPAGAYOS'),
(4045, 466, 'LOS RINCONES'),
(4046, 463, 'LOS VIÑEDOS ,AP.'),
(4047, 465, 'MACATACLASTO'),
(4048, 465, 'MALIMAN DE ABAJO'),
(4049, 469, 'MARAYES'),
(4050, 468, 'MARQUESADO'),
(4051, 475, 'MATAGUSANOS'),
(4052, 476, 'MEDANO DE ORO'),
(4053, 460, 'MOGNA'),
(4054, 460, 'NIQUIVIL'),
(4055, 460, 'NIQUIVIL NUEVO'),
(4056, 460, 'NIQUIVIL VIEJO'),
(4057, 469, 'NUEVA CASTILLA ,DV.'),
(4058, 464, 'ORO, DOMINGO DE ,EST.'),
(4059, 460, 'PACHIMOCO'),
(4060, 460, 'PAMPA DEL CHAÑAR'),
(4061, 460, 'PAMPA VIEJA'),
(4062, 460, 'PAMPITA'),
(4063, 460, 'PANACAN'),
(4064, 460, 'PASLEAM'),
(4065, 470, 'PEDERNAL'),
(4066, 469, 'PIE DE PALO'),
(4067, 465, 'PISMANTA'),
(4068, 471, 'POCITO'),
(4069, 467, 'PUCHUZUN'),
(4070, 472, 'PUENTE NACIONAL ,AP.'),
(4071, 460, 'PUNTA DEL AGUA'),
(4072, 472, 'PUNTILLA BLANCA'),
(4073, 465, 'QUILINQUIL'),
(4074, 460, 'QUIROGA, ADAN'),
(4075, 470, 'RAMBLON'),
(4076, 470, 'RETAMITO'),
(4077, 468, 'RIVADAVIA'),
(4078, 465, 'RODEO'),
(4079, 466, 'SAN AGUSTIN DEL VALLE FERTIL'),
(4080, 460, 'SAN JOSE DE JACHAL'),
(4081, 477, 'SAN JUAN'),
(4082, 472, 'SAN MARTIN ,EST.ANGACO SUD'),
(4083, 460, 'SAN ROQUE ,EST.LOS DIAGUITAS'),
(4084, 471, 'SANCHEZ DE LORIA'),
(4085, 463, 'SANTA LUCIA'),
(4086, 466, 'SANTO DOMINGO'),
(4087, 460, 'SLA CIENAGA'),
(4088, 467, 'SOROCAYENSE'),
(4089, 475, 'TALACASTO'),
(4090, 467, 'TAMBERIAS'),
(4091, 465, 'TOCOTA'),
(4092, 476, 'TRINIDAD'),
(4093, 460, 'TUCUNUCO'),
(4094, 460, 'TUCUNUCO ,EMB.'),
(4095, 465, 'TUDCUM'),
(4096, 475, 'ULLUN'),
(4097, 466, 'USNO'),
(4098, 469, 'VALLECITO'),
(4099, 471, 'VILLA ABERASTAIN'),
(4100, 467, 'VILLA CORRAL'),
(4101, 464, 'VILLA DEL SALVADOR'),
(4102, 469, 'VILLA INDEPENDENCIA'),
(4103, 476, 'VILLA KRAUSE'),
(4104, 470, 'VILLA MEDIA AGUA'),
(4105, 460, 'VILLA MERCEDES'),
(4106, 467, 'VILLA NUEVA'),
(4107, 473, 'VILLA PAULA ALBARRACIN DE SARMIENTO'),
(4108, 467, 'VILLA PITUIL'),
(4109, 472, 'VILLA SAN ISIDRO'),
(4110, 462, 'VILLA SANTA ROSA'),
(4111, 466, 'YOCA'),
(4112, 478, 'ZONDA'),
(4113, 479, 'ALGARROBOS GRANDES'),
(4114, 480, 'ALTO LINDO'),
(4115, 481, 'ALTO PELADO'),
(4116, 481, 'ALTO PENCOSO'),
(4117, 482, 'ANCHORENA'),
(4118, 479, 'ARBOL SOLO'),
(4119, 482, 'ARIZONA'),
(4120, 483, 'AVANZADA ,EST.'),
(4121, 482, 'BAGUAL'),
(4122, 482, 'BAJADA NUEVA'),
(4123, 481, 'BAJOS HONDOS'),
(4124, 480, 'BALCARCE'),
(4125, 481, 'BALDE'),
(4126, 484, 'BALDE DE AZCURRA'),
(4127, 485, 'BALDE DE ESCUDERO'),
(4128, 484, 'BALDE DE LOS TORRES'),
(4129, 484, 'BALDE DE PUERTAS'),
(4130, 484, 'BALDE DE QUINES'),
(4131, 484, 'BALDE VIEJO'),
(4132, 481, 'BARRANCA COLORADA'),
(4133, 482, 'BATAVIA'),
(4134, 481, 'BEAZLEY'),
(4135, 479, 'BELLA ESTANCIA'),
(4136, 484, 'BELLA VISTA'),
(4137, 486, 'BUENA ESPERANZA'),
(4138, 483, 'CALDENADAS'),
(4139, 479, 'CAÑADA ANGOSTA'),
(4140, 487, 'CAÑADA HONDA'),
(4141, 484, 'CANDELARIA ,EST.LA CANDELARIA'),
(4142, 487, 'CANTERAS'),
(4143, 487, 'CAROLINA'),
(4144, 485, 'CARPINTERIA'),
(4145, 484, 'CARPINTERIA'),
(4146, 481, 'CAZADOR'),
(4147, 488, 'CHALANTA'),
(4148, 479, 'CHIMBORAZO'),
(4149, 484, 'CHIPISCU'),
(4150, 481, 'CHISCHACA ,DV.'),
(4151, 481, 'CHISCHAQUITA'),
(4152, 481, 'CHOSMES'),
(4153, 482, 'COCHEQUINGAN'),
(4154, 482, 'COLONIA CALZADA'),
(4155, 481, 'COLONIA SANTA VIRGINIA'),
(4156, 482, 'COLONIA URDANIZ'),
(4157, 487, 'COMANDANTE GRANVILLE'),
(4158, 480, 'CONCARAN'),
(4159, 488, 'CORONEL ALZOGARAY'),
(4160, 482, 'CORONEL SEGOVIA'),
(4161, 480, 'CORTADERAS'),
(4162, 488, 'CRAMER'),
(4163, 479, 'CRUZ DE CAÑA'),
(4164, 487, 'CUATRO ESQUINAS'),
(4165, 488, 'DARACT, JUSTO'),
(4166, 482, 'DIXONVILLE ,EST.FORTIN EL PATRIA'),
(4167, 481, 'DONADO'),
(4168, 481, 'DONOVAN, DANIEL'),
(4169, 482, 'EL AGUILA'),
(4170, 487, 'EL AMPARO'),
(4171, 484, 'EL CARMEN'),
(4172, 481, 'EL CHORRILLO'),
(4173, 487, 'EL DURAZNO'),
(4174, 484, 'EL HORMIGUERO'),
(4175, 482, 'EL MARTILLO'),
(4176, 479, 'EL MILAGRO'),
(4177, 479, 'EL MOLLE'),
(4178, 481, 'EL PORTEZUELO'),
(4179, 481, 'EL PORTEZUELO'),
(4180, 482, 'EL PORVENIR'),
(4181, 481, 'EL RECUERDO'),
(4182, 484, 'EL RETAMO'),
(4183, 482, 'EL RODEO'),
(4184, 480, 'EL SAUCE'),
(4185, 481, 'EL VOLCAN'),
(4186, 482, 'FORTUNA'),
(4187, 487, 'FRAGA'),
(4188, 482, 'FRISIA'),
(4189, 481, 'GEZ,JUAN W.'),
(4190, 489, 'GOMEZ, CASIMIRO'),
(4191, 481, 'GORGONTA'),
(4192, 490, 'GUANIZUL'),
(4193, 481, 'HUEJEDA'),
(4194, 481, 'JARILLA'),
(4195, 488, 'JORBA, JUAN'),
(4196, 488, 'KILOMETRO 14 ,DIV.'),
(4197, 488, 'KILOMETRO 731'),
(4198, 481, 'KILOMETRO 757'),
(4199, 488, 'LA ANGELINA'),
(4200, 487, 'LA BAJADA'),
(4201, 491, 'LA COCHA'),
(4202, 481, 'LA COSTA'),
(4203, 488, 'LA ESQUINA'),
(4204, 482, 'LA ESTRELLA'),
(4205, 487, 'LA FLORIDA'),
(4206, 492, 'LA HUERTA'),
(4207, 481, 'LA IRENE'),
(4208, 482, 'LA MAROMA'),
(4209, 482, 'LA MELINA'),
(4210, 481, 'LA NELIDA'),
(4211, 484, 'LA PAMPA GRANDE'),
(4212, 488, 'LA PUNILLA'),
(4213, 481, 'LA SEÑA'),
(4214, 487, 'LA TOMA'),
(4215, 484, 'LA TRANCA'),
(4216, 482, 'LA VERDE'),
(4217, 485, 'LAFINUR'),
(4218, 492, 'LAGUNAS LARGAS'),
(4219, 491, 'LAS AGUADAS'),
(4220, 481, 'LAS BARRANCAS'),
(4221, 487, 'LAS BARRANQUITAS'),
(4222, 481, 'LAS CHACRAS'),
(4223, 492, 'LAS CHACRAS'),
(4224, 484, 'LAS CHIMBAS'),
(4225, 481, 'LAS GAMAS'),
(4226, 488, 'LAS ISLETAS'),
(4227, 485, 'LAS LOMITAS'),
(4228, 485, 'LAS PALOMAS'),
(4229, 493, 'LAS VERTIENTES'),
(4230, 488, 'LAVAISSE'),
(4231, 492, 'LIBERTADOR GENERAL SAN MARTIN'),
(4232, 488, 'LLERENA, JUAN'),
(4233, 487, 'LOBOS, ELEODORO'),
(4234, 479, 'LOMAS BLANCAS'),
(4235, 484, 'LOMAS BLANCAS'),
(4236, 485, 'LOS ARGUELLOS'),
(4237, 481, 'LOS CERRILLOS'),
(4238, 481, 'LOS CERRILLOS'),
(4239, 481, 'LOS COROS'),
(4240, 485, 'LOS MOLLES'),
(4241, 481, 'LOS PUQUIOS'),
(4242, 482, 'LOYOLA, MARTIN DE'),
(4243, 484, 'LUJAN'),
(4244, 488, 'LUNA, LIBORIO'),
(4245, 492, 'MANANTIALES'),
(4246, 488, 'MERCEDES ,EST.VILLA MERCEDES'),
(4247, 485, 'MERLO'),
(4248, 481, 'MOSMOTA'),
(4249, 482, 'NAHUEL MAPA'),
(4250, 480, 'NASCHEL'),
(4251, 482, 'NAVIA'),
(4252, 494, 'NIKIZANGA ,DV.'),
(4253, 482, 'NUEVA CONSTITUCION'),
(4254, 488, 'NUEVA ESCOCIA'),
(4255, 482, 'NUEVA GALIA'),
(4256, 485, 'OJO DEL RIO'),
(4257, 480, 'PAPAGAYO'),
(4258, 487, 'PASO DEL REY'),
(4259, 491, 'PASO GRANDE'),
(4260, 488, 'PEDERNERA'),
(4261, 481, 'PESCADORES'),
(4262, 482, 'POLLEDO'),
(4263, 481, 'POTRERO DE LOS FUNES'),
(4264, 481, 'POZO DEL CARRIL'),
(4265, 479, 'POZO DEL TALA'),
(4266, 481, 'QUEBRADA DE LOS CONDORES'),
(4267, 484, 'QUINES'),
(4268, 482, 'RANQUELCO'),
(4269, 488, 'RIO QUINTO'),
(4270, 485, 'ROSARIO'),
(4271, 487, 'SALADILLO'),
(4272, 481, 'SALINAS DEL BEBEDERO'),
(4273, 487, 'SAN AMBROSIO'),
(4274, 479, 'SAN ANTONIO'),
(4275, 487, 'SAN EDUARDO'),
(4276, 480, 'SAN FELIPE'),
(4277, 484, 'SAN FRANCISCO DEL MONTE DE ORO'),
(4278, 481, 'SAN GERONIMO'),
(4279, 479, 'SAN ISIDRO'),
(4280, 491, 'SAN ISIDRO'),
(4281, 488, 'SAN JOSE DEL MORRO'),
(4282, 481, 'SAN LUIS'),
(4283, 481, 'SAN MARTIN DEL ALTO NEGRO'),
(4284, 487, 'SAN MIGUEL'),
(4285, 480, 'SAN PABLO'),
(4286, 479, 'SAN PEDRO'),
(4287, 481, 'SAN ROQUE'),
(4288, 484, 'SANTA ROSA'),
(4289, 485, 'SANTA ROSA ,EST.ADOLFO RODRIGUEZ ZAA'),
(4290, 481, 'SANTA TERESA'),
(4291, 479, 'SOCOSCORA'),
(4292, 488, 'SOVEN'),
(4293, 481, 'SUYUQUE'),
(4294, 481, 'SUYUQUE NUEVO'),
(4295, 485, 'TALITA'),
(4296, 484, 'TALITA'),
(4297, 480, 'TILISARAO'),
(4298, 479, 'TORO NEGRO'),
(4299, 482, 'TOSCAL'),
(4300, 487, 'TRAPICHE'),
(4301, 481, 'TRAVESIA'),
(4302, 482, 'TRES AMIGOS'),
(4303, 482, 'UNION'),
(4304, 482, 'USIYAL'),
(4305, 481, 'VARELA'),
(4306, 492, 'VILLA DE PRAGA'),
(4307, 480, 'VILLA DEL CARMEN'),
(4308, 479, 'VILLA GENERAL ROCA'),
(4309, 479, 'VILLA LA QUEBRADA'),
(4310, 480, 'VILLA LARCA'),
(4311, 488, 'VILLA REYNOLDS'),
(4312, 479, 'YRIGOYEN, HIPOLITO'),
(4313, 481, 'ZANJITAS'),
(4314, 495, '28 DE NOVIEMBRE'),
(4315, 496, 'AGUADA ALEGRE'),
(4316, 496, 'AGUADA ESCONDIDA'),
(4317, 496, 'AGUADA GRANDE'),
(4318, 496, 'ALMA GAUCHA'),
(4319, 495, 'ALQUINTA'),
(4320, 496, 'ANTONIO DE BIEDMA'),
(4321, 495, 'ARISTIZABAL'),
(4322, 496, 'BAHIA LAURA'),
(4323, 496, 'BAHIA OSO MARINO'),
(4324, 497, 'BAJO DE LOS CARACOLES'),
(4325, 498, 'BAJO FUEGO'),
(4326, 496, 'BAJO PIEDRA'),
(4327, 497, 'BELLA VISTA'),
(4328, 496, 'BELLA VISTA'),
(4329, 495, 'BELLA VISTA ,EST.'),
(4330, 496, 'CABO BLANCO'),
(4331, 495, 'CABO BUEN TIEMPO'),
(4332, 495, 'CABO VIRGENES'),
(4333, 499, 'CALAFATE'),
(4334, 496, 'CALETA OLIVIA'),
(4335, 498, 'CAÑADON 11 DE SEPTIEMBRE'),
(4336, 496, 'CAÑADON SECO'),
(4337, 495, 'CANCHA CARRERAS'),
(4338, 495, 'CAPITAN EYROA ,EST.'),
(4339, 496, 'CERRO BLANCO ,EMB.'),
(4340, 499, 'COLONIA PERITO MORENO'),
(4341, 495, 'COMANDANTE LUIS PIEDRA BUENA'),
(4342, 500, 'COMANDANTE LUIS PIEDRA BUENA'),
(4343, 495, 'COY AIKE'),
(4344, 496, 'DE BIEDMA, ANTONIO'),
(4345, 495, 'DUFOUR, JULIA ,EST.'),
(4346, 499, 'EL CALAFATE'),
(4347, 499, 'EL CERRITO'),
(4348, 495, 'EL CONDOR'),
(4349, 501, 'EL PLUMA'),
(4350, 501, 'EL PORTEZUELO'),
(4351, 498, 'EL SALADO'),
(4352, 495, 'EL TURBIO ,EST.GOBERNADOR MEYER'),
(4353, 497, 'EL VOLCAN'),
(4354, 495, 'EL ZURDO ,EST.'),
(4355, 495, 'ESPERANZA'),
(4356, 496, 'FITZ ROY'),
(4357, 501, 'FLECHA NEGRA'),
(4358, 498, 'FLORIDA NEGRA'),
(4359, 495, 'FUENTES DEL COYLE'),
(4360, 499, 'FUHR, CHARLES'),
(4361, 499, 'GENDARME BARRETO'),
(4362, 497, 'GOBERNADOR GREGORES'),
(4363, 495, 'GOBERNADOR LISTA ,EST.'),
(4364, 495, 'GOBERNADOR MAYER'),
(4365, 496, 'GOBERNADOR MOYANO'),
(4366, 495, 'GOBERNADOR MOYANO ,EST.'),
(4367, 495, 'GUER AIKE'),
(4368, 495, 'HILL STATION'),
(4369, 496, 'JARAMILLO'),
(4370, 495, 'KILOMETRO 199 ,DV.'),
(4371, 496, 'KOLUEL KAYKE'),
(4372, 501, 'LA ARAGONESA'),
(4373, 501, 'LA MARIA'),
(4374, 497, 'LAGO CARDIEL'),
(4375, 497, 'LAGO POSADAS'),
(4376, 499, 'LAGO SAN MARTIN'),
(4377, 499, 'LAGO VIEDMA'),
(4378, 500, 'LAGUNA GRANDE'),
(4379, 498, 'LAI AIKE'),
(4380, 496, 'LAS HERAS ,EST.COLONIA LAS HERAS'),
(4381, 496, 'LAS TRES HERMANAS'),
(4382, 496, 'LISTA, RAMON ,EST.'),
(4383, 501, 'LOS ANTIGUOS'),
(4384, 496, 'LOS MONOS'),
(4385, 499, 'MATA AMARILLA'),
(4386, 498, 'MATA GRANDE'),
(4387, 496, 'MAZARREDO'),
(4388, 496, 'MINERALES ,EST.'),
(4389, 495, 'MONTE AYMOND'),
(4390, 495, 'MONTE DINERO'),
(4391, 500, 'MONTE LEON'),
(4392, 496, 'PAMPA ALTA ,EMB.'),
(4393, 496, 'PASO GREGORES'),
(4394, 501, 'PASO RODOLFO ROBALLOS'),
(4395, 501, 'PERITO MORENO'),
(4396, 496, 'PICO TRUNCADO'),
(4397, 496, 'PIEDRA CLAVADA ,EST.'),
(4398, 499, 'PUERTO BANDERA'),
(4399, 495, 'PUERTO COIG'),
(4400, 496, 'PUERTO DESEADO'),
(4401, 498, 'PUERTO SAN JULIAN'),
(4402, 500, 'PUERTO SANTA CRUZ'),
(4403, 500, 'RINCON'),
(4404, 500, 'RIO CHICO'),
(4405, 495, 'RIO GALLEGOS'),
(4406, 495, 'RIO TURBIO'),
(4407, 497, 'TAMEL AIKE'),
(4408, 495, 'TAPI AIKE'),
(4409, 496, 'TEHUELCHES ,AP.'),
(4410, 496, 'TELLIER'),
(4411, 496, 'TRES CERROS'),
(4412, 499, 'TRES LAGOS'),
(4413, 497, 'TUCU TUCU'),
(4414, 502, 'AARON CASTELLANOS'),
(4415, 503, 'ACEBAL'),
(4416, 504, 'ADELA'),
(4417, 503, 'AERO CLUB ARGENTINO'),
(4418, 503, 'ALBARELLOS'),
(4419, 505, 'ALCORTA'),
(4420, 506, 'ALDAO'),
(4421, 507, 'ALEJANDRA'),
(4422, 508, 'ALTO VERDE'),
(4423, 503, 'ALVAREZ'),
(4424, 503, 'ALVEAR'),
(4425, 509, 'AMBROSETTI'),
(4426, 502, 'AMENABAR'),
(4427, 510, 'ANDINO'),
(4428, 508, 'ANGEL GALLARDO'),
(4429, 511, 'ANGELICA'),
(4430, 503, 'ANTARTIDA ARGENTINA ,EST.'),
(4431, 512, 'ANTONIO PINI'),
(4432, 513, 'AREQUITO'),
(4433, 514, 'ARIJON ,DV.'),
(4434, 503, 'ARMINDA'),
(4435, 515, 'ARMSTRONG'),
(4436, 514, 'AROCENA'),
(4437, 516, 'AROMOS ,EST.'),
(4438, 517, 'ARRASCAETA ,AP.'),
(4439, 508, 'ARROYO AGUIAR ,EST.'),
(4440, 504, 'ARROYO CEIBAL'),
(4441, 504, 'ARROYO DEL REY'),
(4442, 508, 'ARROYO LEYES'),
(4443, 509, 'ARRUFO'),
(4444, 513, 'ARTEAGA'),
(4445, 516, 'ASCOCHINGAS ,DV.'),
(4446, 511, 'ATALIVA'),
(4447, 511, 'AURELIA'),
(4448, 511, 'AURELIA NORTE'),
(4449, 511, 'AURELIA SUR'),
(4450, 518, 'AVELLANEDA ,EST.EWALD'),
(4451, 514, 'BARRANCAS'),
(4452, 511, 'BAUER Y SIGEL'),
(4453, 513, 'BERABEVU'),
(4454, 504, 'BERNA'),
(4455, 514, 'BERNARDO DE IRIGOYEN'),
(4456, 513, 'BIGAND'),
(4457, 505, 'BOMBAL'),
(4458, 515, 'BOUQUET'),
(4459, 510, 'BUSTINZA'),
(4460, 519, 'CABAL'),
(4461, 507, 'CACIQUE ARIACAIQUIN'),
(4462, 520, 'CAFFERATA'),
(4463, 521, 'CALCHAQUI'),
(4464, 522, 'CAMPO GARAY'),
(4465, 518, 'CAMPO REDONDO'),
(4466, 510, 'CAÑADA DE GOMEZ'),
(4467, 502, 'CAÑADA DEL UCLE'),
(4468, 521, 'CAÑADA OMBU'),
(4469, 505, 'CAÑADA RICA ,EST.'),
(4470, 523, 'CAÑADA ROSQUIN'),
(4471, 506, 'CAPITAN BERMUDEZ'),
(4472, 509, 'CAPIVARA'),
(4473, 521, 'CARAGUATAY'),
(4474, 506, 'CARCARAÑA'),
(4475, 502, 'CARMEN'),
(4476, 502, 'CARRERAS'),
(4477, 510, 'CARRIZALES ,EST.CLARKE'),
(4478, 511, 'CASABLANCA ,EST.'),
(4479, 514, 'CASALEGNO'),
(4480, 523, 'CASAS'),
(4481, 513, 'CASILDA'),
(4482, 523, 'CASTELAR'),
(4483, 511, 'CASTELLANOS'),
(4484, 502, 'CASTELLANOS, AARON ,EST.CASTELLANOS'),
(4485, 524, 'CAVOUR'),
(4486, 525, 'CAYASTA'),
(4487, 517, 'CAYASTACITO'),
(4488, 514, 'CENTENO'),
(4489, 509, 'CERES'),
(4490, 521, 'CERRITOS'),
(4491, 513, 'CHABAS'),
(4492, 513, 'CHAÑAR LADEADO'),
(4493, 502, 'CHAPUY'),
(4494, 502, 'CHATEAUBRIAND ,EST.MURPHY'),
(4495, 502, 'CHOVET'),
(4496, 502, 'CHRISTOPHERSEN'),
(4497, 510, 'CLASON'),
(4498, 511, 'CLUCELLAS'),
(4499, 511, 'CLUCELLAS ,EST.'),
(4500, 508, 'COLASTINE'),
(4501, 504, 'COLMENA'),
(4502, 511, 'COLONIA ALDAO'),
(4503, 509, 'COLONIA ANA'),
(4504, 517, 'COLONIA ANGELONI'),
(4505, 523, 'COLONIA BELGRANO'),
(4506, 509, 'COLONIA BOSSI'),
(4507, 511, 'COLONIA CELLO'),
(4508, 517, 'COLONIA DOLORES'),
(4509, 517, 'COLONIA DOLORES'),
(4510, 507, 'COLONIA EL TOBA'),
(4511, 504, 'COLONIA ELLA'),
(4512, 517, 'COLONIA LA CAMILA'),
(4513, 525, 'COLONIA MASCIAS'),
(4514, 510, 'COLONIA MEDICI'),
(4515, 511, 'COLONIA RAQUEL'),
(4516, 509, 'COLONIA ROSA'),
(4517, 517, 'COLONIA SILVA ,EST.ABIPONES'),
(4518, 511, 'COLONIA TACURALES'),
(4519, 509, 'CONSTANZA'),
(4520, 508, 'CONSTITUYENTES'),
(4521, 514, 'CORONDA'),
(4522, 506, 'CORONEL ARNOLD'),
(4523, 503, 'CORONEL BOGADO'),
(4524, 511, 'CORONEL FRAGA'),
(4525, 524, 'CORONEL RODRIGUEZ'),
(4526, 502, 'CORONEL ROSETTI'),
(4527, 510, 'CORREA'),
(4528, 523, 'CRISPI'),
(4529, 506, 'CULLEN ,EST.'),
(4530, 524, 'CULULU'),
(4531, 509, 'CURUPAITY'),
(4532, 522, 'DENIS, GREGORIA PEREZ DE ,EST.EL NOCHERO'),
(4533, 514, 'DIAZ'),
(4534, 502, 'DIEGO DE ALVEAR'),
(4535, 504, 'DOCTOR BARROS PAZOS'),
(4536, 502, 'DURHAM ,AP.'),
(4537, 506, 'ECHEVERRIA, VICENTE A.'),
(4538, 524, 'EDISON, TOMAS A.'),
(4539, 526, 'EGUSQUIZA'),
(4540, 511, 'EL BAYO'),
(4541, 502, 'EL CANTOR ,EST.'),
(4542, 502, 'EL JARDIN'),
(4543, 525, 'EL LAUREL'),
(4544, 504, 'EL RABON'),
(4545, 504, 'EL SOMBRERITO ,EST.PAUL GROUSSAC'),
(4546, 523, 'EL TREBOL'),
(4547, 524, 'ELISA'),
(4548, 502, 'ELORTONDO'),
(4549, 508, 'EMILIA'),
(4550, 505, 'EMPALME VILLA CONSTITUCION'),
(4551, 517, 'ESCALADA, MARCELINO'),
(4552, 517, 'ESCALADA, MIGUEL'),
(4553, 511, 'ESMERALDA'),
(4554, 524, 'ESPERANZA'),
(4555, 521, 'ESPIN'),
(4556, 517, 'ESTHER'),
(4557, 511, 'ESTRADA, JOSE M.'),
(4558, 511, 'EUSEBIA'),
(4559, 524, 'FELICIA'),
(4560, 503, 'FIGHIERA'),
(4561, 502, 'FIRMAT'),
(4562, 504, 'FLOR DE ORO'),
(4563, 504, 'FLORENCIA'),
(4564, 521, 'FLORIDA'),
(4565, 522, 'FORTIN ATAHUALPA'),
(4566, 524, 'FRANCK'),
(4567, 506, 'FRAY LUIS BELTRAN ,EST.TTE.CNL.L.BELTRAN'),
(4568, 511, 'FRONTERA'),
(4569, 506, 'FUENTES'),
(4570, 503, 'FUNES'),
(4571, 511, 'GALISTEO'),
(4572, 508, 'GALLARDO, ANGEL ,EMB.'),
(4573, 514, 'GALVEZ'),
(4574, 521, 'GARABATO'),
(4575, 511, 'GARIBALDI'),
(4576, 505, 'GENERAL GELLY'),
(4577, 503, 'GENERAL LAGOS'),
(4578, 514, 'GESSLER'),
(4579, 508, 'GOBERNADOR CANDIOTI'),
(4580, 517, 'GOBERNADOR CRESPO'),
(4581, 513, 'GODEKEN'),
(4582, 505, 'GODOY'),
(4583, 521, 'GOLONDRINA'),
(4584, 517, 'GOMEZ CELLO, PEDRO'),
(4585, 503, 'GRANADERO BAIGORRIA'),
(4586, 503, 'GRANADERO BLAS BARGAS ,AP.'),
(4587, 506, 'GRANADEROS ,PDA.'),
(4588, 503, 'GRANEROS ,EST.'),
(4589, 524, 'GRUTLY'),
(4590, 524, 'GRUTLY NORTE'),
(4591, 508, 'GUADALUPE ,EST.'),
(4592, 504, 'GUADALUPE NORTE'),
(4593, 504, 'GUASUNCHO'),
(4594, 521, 'GUAYCURU'),
(4595, 513, 'HANSEN'),
(4596, 525, 'HELVECIA'),
(4597, 509, 'HERSILIA'),
(4598, 509, 'HUANQUEROS'),
(4599, 511, 'HUGENTOBLER'),
(4600, 502, 'HUGES'),
(4601, 524, 'HUMBOLDT'),
(4602, 503, 'HUME ,EST.EL GAUCHO'),
(4603, 503, 'IBARLUCEA'),
(4604, 522, 'INDEPENDENCIA'),
(4605, 524, 'INGENIERO BOASI'),
(4606, 504, 'INGENIERO CHANOURDIE'),
(4607, 521, 'INTIYACO'),
(4608, 514, 'IRIGOYEN'),
(4609, 514, 'IRIGOYEN, BERNARDO DE'),
(4610, 508, 'IRIONDO'),
(4611, 515, 'ITURRASPE'),
(4612, 511, 'JOSEFINA'),
(4613, 505, 'JUNCAL'),
(4614, 523, 'KILOMETR 465 ,EST.'),
(4615, 521, 'KILOMETRO 17 ,EMB.'),
(4616, 517, 'KILOMETRO 187 ,EMB.'),
(4617, 521, 'KILOMETRO 213 ,EMB.'),
(4618, 521, 'KILOMETRO 320'),
(4619, 521, 'KILOMETRO 392 ,EMB.'),
(4620, 504, 'KILOMETRO 403 ,EMB.'),
(4621, 515, 'KILOMETRO 405 ,EST.'),
(4622, 504, 'KILOMETRO 408 ,AP.'),
(4623, 508, 'KILOMETRO 41 ,AP.'),
(4624, 504, 'KILOMETRO 41 ,EMB.'),
(4625, 523, 'KILOMETRO 443 ,EMB.'),
(4626, 522, 'KILOMETRO 468 ,EMB.'),
(4627, 511, 'KILOMETRO 483 ,EMB.'),
(4628, 511, 'KILOMETRO 501 ,EMB.'),
(4629, 511, 'KILOMETRO 85 ,AP.'),
(4630, 508, 'KILOMETRO 9 ,AP.'),
(4631, 517, 'LA BLANCA CENTRAL'),
(4632, 507, 'LA BRAVA'),
(4633, 509, 'LA CABRAL'),
(4634, 515, 'LA CALIFORNIA'),
(4635, 502, 'LA CHISPA'),
(4636, 517, 'LA CRIOLLA ,EST.CAÑADITA'),
(4637, 521, 'LA GALLARETA'),
(4638, 508, 'LA GUARDIA'),
(4639, 509, 'LA LUCILA ,EST.LUCILA'),
(4640, 524, 'LA PELADA'),
(4641, 517, 'LA PENCA Y CARAGUATA'),
(4642, 504, 'LA RESERVA'),
(4643, 509, 'LA RUBIA'),
(4644, 505, 'LA VANGUARDIA'),
(4645, 521, 'LA ZULEMA'),
(4646, 502, 'LABORDEBOY'),
(4647, 508, 'LAGUNA PAIVA'),
(4648, 523, 'LANDETA'),
(4649, 504, 'LANTERI'),
(4650, 510, 'LARGUIA'),
(4651, 514, 'LARRECHEA'),
(4652, 509, 'LAS AVISPAS'),
(4653, 523, 'LAS BANDURRIAS'),
(4654, 525, 'LAS CAÑAS'),
(4655, 508, 'LAS FLORES ,EMB.'),
(4656, 521, 'LAS GAMAS'),
(4657, 504, 'LAS GRAZAS'),
(4658, 509, 'LAS PALMERAS'),
(4659, 515, 'LAS PAREJAS'),
(4660, 523, 'LAS PETACAS'),
(4661, 515, 'LAS ROSAS'),
(4662, 504, 'LAS TOSCAS'),
(4663, 510, 'LAS TROJAS ,EST.'),
(4664, 524, 'LAS TUNAS'),
(4665, 502, 'LAZZARINO'),
(4666, 511, 'LEHMANN'),
(4667, 517, 'LEIVA, LUCIANO'),
(4668, 508, 'LLAMBI CAMPBELL'),
(4669, 522, 'LOGROÑO'),
(4670, 514, 'LOMA ALTA'),
(4671, 514, 'LOPEZ ,EST.SAN MARTIN DE TOURS'),
(4672, 510, 'LOPEZ, LUCIO V.'),
(4673, 521, 'LOS AMORES'),
(4674, 523, 'LOS CARDOS'),
(4675, 525, 'LOS CERRILLOS'),
(4676, 522, 'LOS CHARABONES ,EMB.'),
(4677, 513, 'LOS MOLINOS'),
(4678, 513, 'LOS NOGALES'),
(4679, 513, 'LOS QUIRQUINCHOS'),
(4680, 511, 'LOS SEMBRADOS'),
(4681, 521, 'LOS TABANOS ,EMB.'),
(4682, 503, 'LUDUEÑA ,EST.'),
(4683, 514, 'MACIEL'),
(4684, 502, 'MAGGIOLO'),
(4685, 504, 'MALABRIGO'),
(4686, 508, 'MANUCHO'),
(4687, 521, 'MARGARITA'),
(4688, 509, 'MARIA EUGENIA'),
(4689, 511, 'MARIA JUANA'),
(4690, 523, 'MARIA SUSANA'),
(4691, 502, 'MARIA TERESA'),
(4692, 524, 'MATILDE'),
(4693, 511, 'MAUA'),
(4694, 502, 'MELINCUE'),
(4695, 502, 'MERCEDITAS'),
(4696, 504, 'MOCOVI'),
(4697, 505, 'MOLINA, JUAN B.'),
(4698, 504, 'MOLINAS, NICANOR E.'),
(4699, 509, 'MONIGOTES'),
(4700, 514, 'MONJE'),
(4701, 503, 'MONTE FLORES'),
(4702, 508, 'MONTE VERA'),
(4703, 522, 'MONTEFIORE'),
(4704, 515, 'MONTES DE OCA'),
(4705, 504, 'MOUSSY'),
(4706, 509, 'ÑANDUCITA'),
(4707, 517, 'NARE'),
(4708, 508, 'NELSON'),
(4709, 522, 'NUEVA ITALIA'),
(4710, 511, 'NUEVA LEHMANN'),
(4711, 503, 'NUEVO ALBERDI ,EST.'),
(4712, 527, 'NUEVO TORINO'),
(4713, 521, 'OGILVIE'),
(4714, 510, 'OLIVEROS'),
(4715, 524, 'OMBU'),
(4716, 514, 'OROÑO'),
(4717, 509, 'PALACIOS'),
(4718, 506, 'PALACIOS, LUIS ,EST.LA SALADA'),
(4719, 505, 'PAVON'),
(4720, 505, 'PAVON ARRIBA'),
(4721, 505, 'PAZ, FRANCISCO'),
(4722, 505, 'PAZ, MAXIMO ,EST.PAZ'),
(4723, 523, 'PELLEGRINI, CARLOS'),
(4724, 511, 'PEREYRA, ZENON'),
(4725, 503, 'PEREZ'),
(4726, 505, 'PEYRANO'),
(4727, 523, 'PIAMONTE'),
(4728, 524, 'PILAR'),
(4729, 522, 'PINI, ANTONIO'),
(4730, 506, 'PINO DE SAN LORENZO ,EST.'),
(4731, 508, 'PIQUETE'),
(4732, 508, 'POMPEYA ,AP.'),
(4733, 509, 'PORTUGALETTE'),
(4734, 522, 'POZO BORRADO'),
(4735, 511, 'PRESIDENTE ROCA'),
(4736, 524, 'PROGRESO'),
(4737, 524, 'PROVIDENCIA'),
(4738, 510, 'PUEBLO ANDINO'),
(4739, 511, 'PUEBLO MARINI'),
(4740, 503, 'PUEBLO MUÑOZ ,EST.BERNARD'),
(4741, 503, 'PUEBLO NUEVO'),
(4742, 514, 'PUERTO GABOTO'),
(4743, 506, 'PUERTO GENERAL SAN MARTIN'),
(4744, 504, 'PUERTO OCAMPO'),
(4745, 504, 'PUERTO PIRACUACITO'),
(4746, 504, 'PUERTO RECONQUISTA'),
(4747, 506, 'PUERTO SAN LORENZO'),
(4748, 506, 'PUJATO'),
(4749, 511, 'RAFAELA'),
(4750, 517, 'RAMAYON'),
(4751, 511, 'RAMONA'),
(4752, 522, 'RAMS, ESTEBAN'),
(4753, 502, 'RASTREADOR FOURNIER ,EST.'),
(4754, 504, 'RECONQUISTA'),
(4755, 508, 'RECREO'),
(4756, 506, 'RICARDONE'),
(4757, 508, 'RINCON DEL POTRERO'),
(4758, 509, 'RINCON DEL QUEBRACHO ,EMB.'),
(4759, 506, 'ROLDAN'),
(4760, 507, 'ROMANG'),
(4761, 503, 'ROSARIO'),
(4762, 505, 'RUEDA'),
(4763, 502, 'RUFINO'),
(4764, 502, 'RUNCIMAN'),
(4765, 524, 'SA PEREYRA'),
(4766, 524, 'SAAVEDRA, MARIANO'),
(4767, 511, 'SAGUIER'),
(4768, 525, 'SALADERO M.CABAL'),
(4769, 510, 'SALTO GRANDE'),
(4770, 511, 'SAN ANTONIO'),
(4771, 504, 'SAN ANTONIO DE OBLIGADO'),
(4772, 517, 'SAN BERNARDO'),
(4773, 522, 'SAN BERNARDO'),
(4774, 524, 'SAN CARLOS ,EMP.'),
(4775, 524, 'SAN CARLOS CENTRO'),
(4776, 524, 'SAN CARLOS NORTE'),
(4777, 524, 'SAN CARLOS SUR'),
(4778, 509, 'SAN CRISTOBAL'),
(4779, 502, 'SAN EDUARDO'),
(4780, 510, 'SAN ESTANISLAO'),
(4781, 514, 'SAN EUGENIO'),
(4782, 514, 'SAN FABIAN'),
(4783, 502, 'SAN FRANCISCO DE SANTA FE'),
(4784, 514, 'SAN GENARO'),
(4785, 514, 'SAN GENARO NORTE'),
(4786, 502, 'SAN GREGORIO'),
(4787, 509, 'SAN GUILLERMO'),
(4788, 507, 'SAN JAVIER'),
(4789, 524, 'SAN JERONIMO DEL SAUCE'),
(4790, 524, 'SAN JERONIMO NORTE'),
(4791, 506, 'SAN JERONIMO SUR'),
(4792, 523, 'SAN JORGE'),
(4793, 513, 'SAN JOSE DE LA ESQUINA'),
(4794, 508, 'SAN JOSE DEL RINCON'),
(4795, 517, 'SAN JUSTO'),
(4796, 506, 'SAN LORENZO'),
(4797, 523, 'SAN MARTIN DE LAS ESCOBAS'),
(4798, 517, 'SAN MARTIN NORTE'),
(4799, 508, 'SAN PEDRO'),
(4800, 510, 'SAN RICARDO'),
(4801, 511, 'SAN VICENTE'),
(4802, 502, 'SANCTI SPIRITU'),
(4803, 513, 'SANFORD'),
(4804, 524, 'SANTA CLARA DE BUENA VISTA'),
(4805, 511, 'SANTA CLARA DE SAGUIER'),
(4806, 502, 'SANTA EMILIA'),
(4807, 508, 'SANTA FE'),
(4808, 502, 'SANTA ISABEL'),
(4809, 521, 'SANTA LUCIA'),
(4810, 522, 'SANTA MARGARITA'),
(4811, 525, 'SANTA ROSA'),
(4812, 505, 'SANTA TERESA'),
(4813, 524, 'SANTO DOMINGO'),
(4814, 508, 'SANTO TOME'),
(4815, 509, 'SANTURCE'),
(4816, 505, 'SARGENTO CABRAL'),
(4817, 524, 'SARMIENTO'),
(4818, 523, 'SASTRE'),
(4819, 508, 'SAUCE VIEJO'),
(4820, 523, 'SCHIFFNER'),
(4821, 510, 'SERODINO'),
(4822, 503, 'SOLDINI'),
(4823, 509, 'SOLEDAD'),
(4824, 503, 'SORRENTO ,EST.'),
(4825, 524, 'SOUTOMAYOR'),
(4826, 505, 'STEPHENSON ,EST.'),
(4827, 509, 'SUARDI'),
(4828, 511, 'SUNCHALES'),
(4829, 511, 'SUSANA'),
(4830, 504, 'TACUARENDI ,EMB.KILOMETRO 421'),
(4831, 511, 'TACURAL'),
(4832, 502, 'TARRAGONA'),
(4833, 521, 'TARTAGAL ,EST.EL TAJAMAR'),
(4834, 502, 'TEODELINA'),
(4835, 502, 'TEODELINA ,EST.'),
(4836, 505, 'THEOBALD'),
(4837, 506, 'TIMBUES'),
(4838, 521, 'TOBA'),
(4839, 502, 'TORRES, MIGUEL'),
(4840, 515, 'TORTUGAS'),
(4841, 522, 'TOSTADO'),
(4842, 510, 'TOTORAS'),
(4843, 523, 'TRAILL'),
(4844, 511, 'UMBERTO'),
(4845, 503, 'URANGA'),
(4846, 502, 'VENADO TUERTO'),
(4847, 521, 'VERA ,EST.GOBERNADOR VERA'),
(4848, 517, 'VERA MUJICA'),
(4849, 517, 'VERA Y PINTADO ,EST.GUARANIES'),
(4850, 517, 'VIDELA'),
(4851, 511, 'VILA'),
(4852, 503, 'VILLA AMELIA'),
(4853, 503, 'VILLA AMERICA'),
(4854, 504, 'VILLA ANA'),
(4855, 502, 'VILLA CAÑAS'),
(4856, 505, 'VILLA CONSTITUCION'),
(4857, 503, 'VILLA DIEGO'),
(4858, 510, 'VILLA ELOISA'),
(4859, 502, 'VILLA ESTELA'),
(4860, 503, 'VILLA GOBERNADOR GALVEZ'),
(4861, 504, 'VILLA GUILLERMINA'),
(4862, 506, 'VILLA MARGARITA'),
(4863, 522, 'VILLA MINETTI'),
(4864, 506, 'VILLA MUGUETA'),
(4865, 504, 'VILLA OCAMPO'),
(4866, 509, 'VILLA SARALEGUI'),
(4867, 509, 'VILLA TRINIDAD'),
(4868, 513, 'VILLADA'),
(4869, 509, 'VILLE, MOISES'),
(4870, 511, 'VIRGINIA'),
(4871, 508, 'VUELTA DEL PARAGUAYO'),
(4872, 502, 'WHEELWRIGHT'),
(4873, 523, 'WILDERMUTH ,EST.GRANADERO B.BUSTOS'),
(4874, 503, 'ZAVALLA'),
(4875, 528, 'ABRA GRANDE'),
(4876, 529, 'AEROLITO'),
(4877, 530, 'AGUSTINA LIBARONA'),
(4878, 531, 'AHI VEREMOS'),
(4879, 531, 'ALGARROBAL VIEJO'),
(4880, 529, 'ALHUAMPA'),
(4881, 529, 'AMAMA'),
(4882, 532, 'AMBARGASTA'),
(4883, 533, 'AMICHA'),
(4884, 534, 'AÑATUYA'),
(4885, 535, 'ANCAJAN'),
(4886, 532, 'ANIMAN'),
(4887, 528, 'ANTAJE'),
(4888, 536, 'ANTONIO E. TALBOT ,AP.'),
(4889, 533, 'ARAGONES'),
(4890, 529, 'ARBOL BLANCO'),
(4891, 528, 'ARDILES'),
(4892, 537, 'ARGENTINA'),
(4893, 529, 'ARMONIA'),
(4894, 538, 'ARRAGA'),
(4895, 534, 'AVERIAS'),
(4896, 532, 'BAEZ'),
(4897, 530, 'BAJO GRANDE'),
(4898, 539, 'BANDERA'),
(4899, 540, 'BANDERA BAJADA'),
(4900, 541, 'BARRANCAS'),
(4901, 533, 'BARRIALITO'),
(4902, 542, 'BELGRANO'),
(4903, 531, 'BELGRANO'),
(4904, 543, 'BELTRAN'),
(4905, 544, 'BLANCA POZO'),
(4906, 545, 'BOBADAL'),
(4907, 546, 'BOQUERON'),
(4908, 547, 'BREA POZO'),
(4909, 532, 'CAJON'),
(4910, 548, 'CAMPO DEL CIELO'),
(4911, 530, 'CAMPO GALLO'),
(4912, 531, 'CAMPO GRANDE'),
(4913, 528, 'CAÑADA ESCOBAR'),
(4914, 540, 'CARTAVIO'),
(4915, 537, 'CASARES'),
(4916, 529, 'CEJOLAO'),
(4917, 528, 'CHAUPI POZO'),
(4918, 549, 'CHILCA JULIANA'),
(4919, 546, 'CHILCA LA LOMA'),
(4920, 535, 'CHOYA'),
(4921, 528, 'CLODOMIRA'),
(4922, 529, 'COLONIA ARBOL BLANCO'),
(4923, 544, 'COLONIA DORA'),
(4924, 540, 'COLONIA SAN JUAN'),
(4925, 540, 'COLONIA TOTORILLAS'),
(4926, 530, 'CORONEL MANUEL L.RICO'),
(4927, 534, 'CUATRO BOCAS'),
(4928, 542, 'CUCHI CORRAL'),
(4929, 550, 'DOÑA LUISA'),
(4930, 530, 'DONADEU'),
(4931, 551, 'EL CABURE'),
(4932, 531, 'EL CAMBIADO'),
(4933, 551, 'EL CEIBAL'),
(4934, 532, 'EL CERRO'),
(4935, 533, 'EL CHARCO'),
(4936, 552, 'EL COLORADO'),
(4937, 529, 'EL HOYO'),
(4938, 534, 'EL MALACARA'),
(4939, 531, 'EL MOJON'),
(4940, 529, 'EL PERTIGO'),
(4941, 528, 'EL POLEAR'),
(4942, 530, 'EL PORVENIR'),
(4943, 536, 'EL PUESTITO'),
(4944, 530, 'EL SETENTA'),
(4945, 534, 'EL TOBIANO ,EMB.'),
(4946, 536, 'EL ZANJON'),
(4947, 553, 'FERNANDEZ'),
(4948, 543, 'FORRES'),
(4949, 539, 'FORTIN INCA'),
(4950, 535, 'FRIAS'),
(4951, 554, 'GARZA'),
(4952, 529, 'GIRARDET'),
(4953, 533, 'GRAMILLA'),
(4954, 529, 'GRANADERO GATICA'),
(4955, 550, 'GUAMPACHO'),
(4956, 539, 'GUARDIA ESCOLTA'),
(4957, 529, 'HAASE'),
(4958, 544, 'HERRERA'),
(4959, 546, 'HOYON'),
(4960, 530, 'HUACHANA'),
(4961, 536, 'HUAICO HONDO'),
(4962, 540, 'HURITU HUASI'),
(4963, 528, 'HUYAMAMPA'),
(4964, 544, 'ICAÑO'),
(4965, 542, 'INGENIERO CARLOS CHRISTIERNSON ,EMB.'),
(4966, 545, 'ISCA YACU'),
(4967, 532, 'KILOMETR0 80 ,DV.'),
(4968, 529, 'KILOMETR0699 ,EMP.'),
(4969, 532, 'KILOMETRO 101 ,PDA.'),
(4970, 530, 'KILOMETRO 1362 ,EMB.'),
(4971, 530, 'KILOMETRO 1380 ,EMB.'),
(4972, 530, 'KILOMETRO 1391 ,EMB.'),
(4973, 536, 'KILOMETRO 153 ,AP.'),
(4974, 535, 'KILOMETRO 18 ,EMB.'),
(4975, 541, 'KILOMETRO 390 ,DV.'),
(4976, 534, 'KILOMETRO 433 ,EMB.'),
(4977, 546, 'KILOMETRO 436 ,DV.'),
(4978, 534, 'KILOMETRO 454 ,AP.'),
(4979, 555, 'KILOMETRO 473 ,AP.'),
(4980, 552, 'KILOMETRO 494'),
(4981, 552, 'KILOMETRO 499 ,AP.'),
(4982, 552, 'KILOMETRO 546 ,AP.'),
(4983, 552, 'KILOMETRO 546 ,AP.'),
(4984, 535, 'KILOMETRO 55 ,AP.'),
(4985, 529, 'KILOMETRO 606 ,AP.'),
(4986, 540, 'KILOMETRO 613 ,AP.'),
(4987, 528, 'KILOMETRO 645 ,AP.'),
(4988, 528, 'KILOMETRO 659 ,AP.'),
(4989, 535, 'KILOMETRO 969 ,EMB.'),
(4990, 531, 'LA ALOJA ,EMB.'),
(4991, 528, 'LA AURORA'),
(4992, 528, 'LA BANDA'),
(4993, 540, 'LA CAÑADA'),
(4994, 533, 'LA DONOSA'),
(4995, 551, 'LA FIRMEZA'),
(4996, 531, 'LA FRAGUA'),
(4997, 540, 'LA INVERNADA'),
(4998, 532, 'LA ISLA'),
(4999, 534, 'LA NENA'),
(5000, 529, 'LA PALOMA ,EMB.'),
(5001, 535, 'LA PUNTA'),
(5002, 540, 'LA TAPA'),
(5003, 535, 'LAPRIDA'),
(5004, 556, 'LAS ABRAS'),
(5005, 530, 'LAS CARPAS'),
(5006, 536, 'LAS FLORES'),
(5007, 532, 'LAS LOMITAS BLANCAS'),
(5008, 529, 'LAS TINAJAS'),
(5009, 550, 'LAVALLE'),
(5010, 533, 'LEZCANOS'),
(5011, 530, 'LIBARONA, AGUSTINA'),
(5012, 529, 'LIBERTAD'),
(5013, 529, 'LILO VIEJO'),
(5014, 552, 'LLAJTA MAUCA'),
(5015, 534, 'LOS JURIES'),
(5016, 534, 'LOS LINARES'),
(5017, 529, 'LOS MILAGROS'),
(5018, 528, 'LOS NARANJOS'),
(5019, 533, 'LOS NUÑEZ'),
(5020, 551, 'LOS PIRPINTOS'),
(5021, 528, 'LOS QUIROGA'),
(5022, 541, 'LOS TELARES'),
(5023, 551, 'LOS TIGRES'),
(5024, 544, 'LUGONES'),
(5025, 536, 'MACO'),
(5026, 544, 'MAILIN'),
(5027, 536, 'MAL PASO'),
(5028, 537, 'MALBRAN'),
(5029, 552, 'MATARA'),
(5030, 546, 'MEDELLIN'),
(5031, 556, 'MEDIA LUNA'),
(5032, 552, 'MELERO'),
(5033, 529, 'MIRAVAL, HERNAN M.'),
(5034, 529, 'MISTOL PAMPA ,AP.'),
(5035, 529, 'MONTE ALTO ,AP.'),
(5036, 551, 'MONTE QUEMADO'),
(5037, 536, 'MORALES'),
(5038, 552, 'NASALO'),
(5039, 531, 'NUEVA ESPERANZA'),
(5040, 538, 'NUEVA FRANCIA'),
(5041, 531, 'NUEVO SIMBOLAR'),
(5042, 529, 'OTUMPA'),
(5043, 557, 'PALO NEGRO'),
(5044, 551, 'PAMPA DE LOS GUANACOS'),
(5045, 528, 'PAMPA MAYO'),
(5046, 529, 'PAMPA MUYOJ ,EMB.'),
(5047, 531, 'PAMPA POZO'),
(5048, 556, 'PASO DE LOS OSCARES'),
(5049, 529, 'PATAY'),
(5050, 532, 'PIEDRAS BLANCAS'),
(5051, 531, 'POZO BETBEDER'),
(5052, 540, 'POZO DEL CASTAÑO'),
(5053, 552, 'POZO DEL TOBA'),
(5054, 539, 'POZO DULCE'),
(5055, 545, 'POZO HONDO'),
(5056, 550, 'POZO HUASCHO'),
(5057, 533, 'POZUELOS'),
(5058, 555, 'PROVIDENCIA'),
(5059, 529, 'PUNA'),
(5060, 534, 'PUNI TAJO ,DV.'),
(5061, 537, 'QUEBRACHITOS'),
(5062, 531, 'QUEBRACHO COTO'),
(5063, 529, 'QUILUMPA'),
(5064, 529, 'QUIMILI'),
(5065, 542, 'RAMIREZ DE VELAZCO'),
(5066, 531, 'RAPELLI'),
(5067, 544, 'REAL SAYANA'),
(5068, 547, 'ROBLES'),
(5069, 529, 'ROVERSI'),
(5070, 541, 'SABAGASTA'),
(5071, 530, 'SACHAYOJ'),
(5072, 541, 'SALAVINA'),
(5073, 545, 'SAN GREGORIO'),
(5074, 531, 'SAN GREGORIO'),
(5075, 540, 'SAN PABLO'),
(5076, 550, 'SAN PEDRO'),
(5077, 528, 'SAN RAMON'),
(5078, 531, 'SAN RAMON'),
(5079, 555, 'SANTA BARBARA'),
(5080, 550, 'SANTA CATALINA'),
(5081, 535, 'SANTA CRUZ'),
(5082, 529, 'SANTA JUSTINA'),
(5083, 551, 'SANTA MARIA'),
(5084, 536, 'SANTA MARIA ,EST.INGENIERO EZCURRA'),
(5085, 530, 'SANTA MARIA SALOME'),
(5086, 536, 'SANTIAGO DEL ESTERO'),
(5087, 532, 'SANTO DOMINGO'),
(5088, 531, 'SANTO DOMINGO'),
(5089, 530, 'SANTOS LUGARES'),
(5090, 557, 'SELVA'),
(5091, 528, 'SEÑORA PUJIO'),
(5092, 531, 'SIETE ARBOLES'),
(5093, 538, 'SIMBOL'),
(5094, 534, 'SIMBOL BAJO ,EMB.'),
(5095, 528, 'SIMBOLAR'),
(5096, 532, 'SOL DE JULIO'),
(5097, 535, 'SOL DE MAYO'),
(5098, 538, 'SUMAMAO'),
(5099, 542, 'SUMAMPA'),
(5100, 552, 'SUNCHO CORRAL'),
(5101, 529, 'SURIHUAYA ,AP.'),
(5102, 554, 'TABOADA'),
(5103, 534, 'TACANITAS'),
(5104, 530, 'TACO POZO'),
(5105, 533, 'TERMAS DE RIO HONDO'),
(5106, 529, 'TINTINA'),
(5107, 552, 'TIUN PUNCO'),
(5108, 552, 'TOBAS'),
(5109, 529, 'TRES MOJONES'),
(5110, 534, 'TRES POZOS'),
(5111, 551, 'URUTAU'),
(5112, 540, 'VACA HUANUNA'),
(5113, 552, 'VILELAS'),
(5114, 535, 'VILLA ADELA'),
(5115, 546, 'VILLA ATAMISQUI'),
(5116, 529, 'VILLA BRAÑA'),
(5117, 535, 'VILLA ELVIRA'),
(5118, 540, 'VILLA FIGUEROA'),
(5119, 537, 'VILLA GENERAL MITRE ,EST.PINTO'),
(5120, 550, 'VILLA GUASAYAN'),
(5121, 533, 'VILLA JIMENEZ'),
(5122, 535, 'VILLA LA PUNTA'),
(5123, 554, 'VILLA MATARA'),
(5124, 529, 'VILLA MATILDE'),
(5125, 551, 'VILLA MATOQUE'),
(5126, 531, 'VILLA MERCEDES'),
(5127, 532, 'VILLA OJO DE AGUA'),
(5128, 530, 'VILLA PALMAR'),
(5129, 542, 'VILLA QUEBRACHOS'),
(5130, 533, 'VILLA RIO HONDO'),
(5131, 555, 'VILLA SAN MARTIN ,EST.LORETO'),
(5132, 538, 'VILLA SILIPICA'),
(5133, 556, 'VILLA UNION'),
(5134, 543, 'VILMER'),
(5135, 533, 'VINARA'),
(5136, 534, 'YOUNG, TOMAS'),
(5137, 552, 'YUCHAN'),
(5138, 536, 'ZANJON ,EST.'),
(5139, 558, 'ALMIRANTE BROWN'),
(5140, 559, 'BAHIA FOX'),
(5141, 558, 'BAHIA THETIS'),
(5142, 558, 'BARRIO ALMIRANTE BROWN'),
(5143, 560, 'BASE A.C.E. ALFEREZ DE NAVIO SOBRAL'),
(5144, 560, 'BASE AEREA TTE. BENJAMIN MATIENZO'),
(5145, 560, 'BASE DE EJERCITO ESPERANZA'),
(5146, 560, 'BASE DE EJERCITO GRL.BELGRANO'),
(5147, 560, 'BASE DE EJERCITO GRL.SAN MARTIN'),
(5148, 561, 'CARMEN'),
(5149, 561, 'CULLEN'),
(5150, 562, 'DESTACAMENTO NAVAL CORBETA URUGUAY'),
(5151, 563, 'DESTACAMENTO NAVAL DECEPCION'),
(5152, 563, 'DESTACAMENTO NAVAL ESPERANZA'),
(5153, 563, 'DESTACAMENTO NAVAL MELCHIOR'),
(5154, 563, 'DESTACAMENTO NAVAL ORCADAS'),
(5155, 563, 'DESTACAMENTO NAVAL TENIENTE CAMARA'),
(5156, 563, 'ESTACION AERONAVAL PETRIEL'),
(5157, 563, 'ESTACION CIENTIFICA ALMIRANTE BROWN'),
(5158, 563, 'ESTACION CIENTIFICA ELLSWORTH'),
(5159, 563, 'ESTACION DE APOYO Nº 1 FUERZA AEREA ARG.'),
(5160, 562, 'GRYTVIKEN'),
(5161, 561, 'KAIKEN'),
(5162, 561, 'LA MARINA'),
(5163, 558, 'LAPATAIA'),
(5164, 561, 'MARIA LUISA'),
(5165, 561, 'MISION SALESIANA'),
(5166, 562, 'PUERTO ARGENTINO'),
(5167, 558, 'PUERTO HARBERTON'),
(5168, 562, 'PUERTO LEITH'),
(5169, 562, 'PUERTO LUIS'),
(5170, 558, 'PUERTO RANCHO'),
(5171, 558, 'PUERTO REMOLINO'),
(5172, 562, 'PUERTO SAN CARLOS'),
(5173, 558, 'RANCHO HAMBRE'),
(5174, 561, 'RIO GRANDE'),
(5175, 561, 'SAN JULIO'),
(5176, 561, 'SAN JUSTO'),
(5177, 561, 'SAN PABLO'),
(5178, 561, 'SAN SEBASTIAN'),
(5179, 561, 'SARA'),
(5180, 561, 'SARMIENTO'),
(5181, 558, 'USHUAIA'),
(5182, 561, 'VIAMONTE'),
(5183, 561, 'VIEJA CARMEN'),
(5184, 564, '7 DE ABRIL'),
(5185, 565, 'ACEQUIONES'),
(5186, 566, 'ACHERAL'),
(5187, 567, 'AGUA DULCE'),
(5188, 568, 'AGUA DULCE ,EMP.'),
(5189, 569, 'AGUILARES'),
(5190, 568, 'ALDERETES'),
(5191, 570, 'ALPACHIRI'),
(5192, 564, 'ALTA GRACIA'),
(5193, 564, 'ALTO DE MEDINA'),
(5194, 570, 'ALTO VERDE'),
(5195, 571, 'AMAICHA DEL VALLE'),
(5196, 566, 'AMBERES'),
(5197, 570, 'AMPATA'),
(5198, 571, 'ANCAJULI'),
(5199, 571, 'ANFAMA'),
(5200, 567, 'ARAOZ'),
(5201, 572, 'ARBOLES GRANDES'),
(5202, 570, 'ARCADIA'),
(5203, 570, 'ARROYO'),
(5204, 570, 'ATAHONA'),
(5205, 572, 'BAJASTINE'),
(5206, 566, 'BALDERRAMA'),
(5207, 568, 'BANDA DEL RIO SALI'),
(5208, 570, 'BELICHA HUAICO'),
(5209, 573, 'BELLA VISTA'),
(5210, 564, 'BENJAMIN ARAOZ'),
(5211, 565, 'BENJAMIN PAZ'),
(5212, 564, 'BURRUYACU'),
(5213, 568, 'BUSTAMANTE ,AP.'),
(5214, 567, 'CACHI HUASI ,AP.'),
(5215, 567, 'CACHI YACO ,AP.'),
(5216, 572, 'CAMPO BELLO'),
(5217, 568, 'CAÑETE'),
(5218, 568, 'CEVIL POZO'),
(5219, 571, 'CEVIL REDONDO'),
(5220, 564, 'CHABELA'),
(5221, 574, 'CHAÑARITO'),
(5222, 570, 'CHICLIGASTA'),
(5223, 564, 'CHILCAS'),
(5224, 565, 'CHOROMORO'),
(5225, 564, 'CHORRILLOS'),
(5226, 573, 'CHUANTA'),
(5227, 570, 'CIUDACITA'),
(5228, 571, 'CIUDAD HOSPITAL'),
(5229, 571, 'CIUDAD UNIVERSITARIA'),
(5230, 570, 'COCHUNA'),
(5231, 571, 'COLALAO DEL VALLE'),
(5232, 568, 'COLOMBRES'),
(5233, 569, 'COLONIA NUEVA TRINIDAD'),
(5234, 568, 'COLONIA SAN JORGE'),
(5235, 568, 'COLONIA SAN JOSE'),
(5236, 570, 'CONCEPCION'),
(5237, 568, 'CRUZ DEL NORTE'),
(5238, 574, 'DIQUE EL CADILLAL'),
(5239, 564, 'EL ASERRADERO'),
(5240, 571, 'EL BAÑADO'),
(5241, 564, 'EL BARCO'),
(5242, 568, 'EL BRACHO'),
(5243, 571, 'EL CADILLAL'),
(5244, 564, 'EL CHAÑAR'),
(5245, 574, 'EL COLMENAL'),
(5246, 574, 'EL DURAZNITO'),
(5247, 567, 'EL GUARDAMONTE'),
(5248, 566, 'EL JARDIN'),
(5249, 570, 'EL MOLINO'),
(5250, 571, 'EL MOLLAR'),
(5251, 564, 'EL NARANJO'),
(5252, 564, 'EL OJO'),
(5253, 572, 'EL PORVENIR'),
(5254, 564, 'EL SUNCHAL'),
(5255, 572, 'EL ZAPALLAR'),
(5256, 567, 'ENCRUCIJADA'),
(5257, 569, 'ESCABA ABAJO'),
(5258, 569, 'ESCABA ARRIBA'),
(5259, 567, 'ESQUINA'),
(5260, 573, 'FAMAILLA'),
(5261, 568, 'FINCA ELISA'),
(5262, 568, 'GALLO, DELFIN'),
(5263, 573, 'GARCIA FERNANDEZ, MANUEL'),
(5264, 570, 'GASTONA'),
(5265, 564, 'GOBERNADOR GARMENDIA'),
(5266, 574, 'GOBERNADOR NOUGUES'),
(5267, 564, 'GOBERNADOR PIEDRABUENA'),
(5268, 572, 'GRANEROS'),
(5269, 568, 'GUZMAN'),
(5270, 572, 'HUASA PAMPA NORTE ,EST.HUASA PAMPA'),
(5271, 572, 'HUASA PAMPA SUR'),
(5272, 572, 'ICHIPUCA'),
(5273, 574, 'INGENIO AMALIA'),
(5274, 568, 'INGENIO CONCEPCION'),
(5275, 568, 'INGENIO CRUZ ALTA'),
(5276, 570, 'INGENIO LA CORONA'),
(5277, 568, 'INGENIO LA ESPERANZA'),
(5278, 568, 'INGENIO LA FLORIDA'),
(5279, 573, 'INGENIO LA FRONTERITA'),
(5280, 568, 'INGENIO LASTENIA'),
(5281, 573, 'INGENIO LULES'),
(5282, 573, 'INGENIO LULES ,EST.'),
(5283, 571, 'INGENIO SAN JOSE'),
(5284, 568, 'INGENIO SAN MIGUEL'),
(5285, 573, 'INGENIO SAN PABLO'),
(5286, 569, 'INGENIO SANTA ANA'),
(5287, 566, 'INGENIO SANTA LUCIA'),
(5288, 572, 'KILOMETRO 10 ,AP.'),
(5289, 573, 'KILOMETRO 102 ,AP.'),
(5290, 569, 'KILOMETRO 1185 ,AP.'),
(5291, 570, 'KILOMETRO 1194 ,AP.'),
(5292, 570, 'KILOMETRO 1207 ,AP.'),
(5293, 566, 'KILOMETRO 1213 ,AP.'),
(5294, 573, 'KILOMETRO 1235 ,DV.'),
(5295, 573, 'KILOMETRO 1248 ,AP.'),
(5296, 574, 'KILOMETRO 1254 ,AP.'),
(5297, 574, 'KILOMETRO 1256 ,AP.'),
(5298, 572, 'KILOMETRO 29 ,AP.'),
(5299, 569, 'KILOMETRO 36 ,AP.'),
(5300, 569, 'KILOMETRO 46 ,AP.'),
(5301, 573, 'KILOMETRO 5 ,AP.'),
(5302, 569, 'KILOMETRO 55 ,AP.'),
(5303, 564, 'KILOMETRO 770 ,DV.'),
(5304, 568, 'KILOMETRO 781 ,AP.'),
(5305, 568, 'KILOMETRO 784 ,AP.'),
(5306, 568, 'KILOMETRO 794 ,AP.'),
(5307, 574, 'KILOMETRO 808 ,AP.'),
(5308, 574, 'KILOMETRO 810 ,DV.'),
(5309, 574, 'KILOMETRO 825'),
(5310, 565, 'KILOMETRO 847 ,DV.'),
(5311, 573, 'KILOMETRO 99,DV.'),
(5312, 571, 'LA ANGOSTURA'),
(5313, 572, 'LA CAÑADA'),
(5314, 572, 'LA COCHA'),
(5315, 564, 'LA CRUZ'),
(5316, 567, 'LA ENCANTADA'),
(5317, 571, 'LA FALDA'),
(5318, 565, 'LA HIGUERA'),
(5319, 572, 'LA INVERNADA'),
(5320, 572, 'LA MADRID'),
(5321, 572, 'LA POSTA'),
(5322, 564, 'LA RAMADA'),
(5323, 573, 'LA REDUCCION'),
(5324, 571, 'LA RINCONADA'),
(5325, 569, 'LA TIPA'),
(5326, 570, 'LA TRINIDAD'),
(5327, 564, 'LAGUNA DE ROBLES'),
(5328, 568, 'LAS CEJAS'),
(5329, 570, 'LAS GUCHAS'),
(5330, 568, 'LAS PIEDRITAS'),
(5331, 567, 'LEALES'),
(5332, 567, 'LILLO, MIGUEL'),
(5333, 567, 'LOMA VERDE'),
(5334, 568, 'LOPEZ DOMINGUEZ ,AP.'),
(5335, 574, 'LOS AGUIRRE'),
(5336, 571, 'LOS CHAÑARES'),
(5337, 567, 'LOS GOMEZ'),
(5338, 568, 'LOS GUTIERREZ'),
(5339, 568, 'LOS PEREYRA'),
(5340, 567, 'LOS PUESTOS'),
(5341, 568, 'LOS RALOS'),
(5342, 569, 'LOS SARMIENTOS'),
(5343, 566, 'LOS SOSA'),
(5344, 568, 'LUISIANA'),
(5345, 573, 'LULES'),
(5346, 567, 'LUNAREJOS'),
(5347, 566, 'MACIO'),
(5348, 564, 'MACOMITA'),
(5349, 573, 'MALVINAS'),
(5350, 571, 'MANANTIAL'),
(5351, 564, 'MARIÑO'),
(5352, 574, 'MATE DE LUNA'),
(5353, 570, 'MEDINAS'),
(5354, 568, 'MENDEZ, PEDRO G.'),
(5355, 572, 'MILLAN, DOMINGO'),
(5356, 565, 'MIRAFLORES'),
(5357, 567, 'MIXTA'),
(5358, 572, 'MONTE GRANDE'),
(5359, 570, 'MONTEAGUDO'),
(5360, 566, 'MONTEROS'),
(5361, 573, 'MUNDO NUEVO'),
(5362, 574, 'MUÑECAS'),
(5363, 568, 'NARANJITO'),
(5364, 567, 'NUEVA ESPAÑA'),
(5365, 569, 'NUEVA TRINIDAD'),
(5366, 567, 'ORAN'),
(5367, 568, 'PACARA'),
(5368, 573, 'PADILLA'),
(5369, 567, 'PALA PALA'),
(5370, 565, 'PAZ, BENJAMIN'),
(5371, 565, 'PAZ, LEOCADIO'),
(5372, 571, 'PAZ, MARCOS'),
(5373, 566, 'PEDRAZA, MANUELA ,AP.'),
(5374, 568, 'POLITO ,DV.'),
(5375, 573, 'POTRERO DE LAS TABLAS'),
(5376, 568, 'POZO DEL ALTO'),
(5377, 566, 'PUEBLO VIEJO'),
(5378, 571, 'PUERTA DE SAN JAVIER'),
(5379, 571, 'RACO'),
(5380, 568, 'RANCHILLOS'),
(5381, 564, 'REQUELME'),
(5382, 569, 'RIO CHICO'),
(5383, 573, 'RIO COLORADO'),
(5384, 564, 'RIO DEL NIO'),
(5385, 566, 'RIO SECO'),
(5386, 567, 'ROMERO POZO'),
(5387, 566, 'ROUGES, LEON'),
(5388, 572, 'RUMI PUNCO'),
(5389, 568, 'SAN AGUSTIN'),
(5390, 568, 'SAN ANDRES'),
(5391, 574, 'SAN FELIPE'),
(5392, 572, 'SAN IGNACIO'),
(5393, 571, 'SAN JAVIER'),
(5394, 572, 'SAN JOSE'),
(5395, 568, 'SAN MIGUEL'),
(5396, 574, 'SAN MIGUEL DE TUCUMAN ,EST.TUCUMAN'),
(5397, 573, 'SAN PABLO'),
(5398, 564, 'SAN PATRICIO'),
(5399, 565, 'SAN PEDRO DE COLALAO'),
(5400, 573, 'SAN RAFAEL'),
(5401, 568, 'SAN VICENTE'),
(5402, 574, 'SANTA BARBARA'),
(5403, 570, 'SANTA CRUZ'),
(5404, 567, 'SANTA ROSA DE LEALES'),
(5405, 571, 'SIAMBON'),
(5406, 566, 'SIMOCA'),
(5407, 564, 'SINQUIEAL'),
(5408, 572, 'SOL DE MAYO'),
(5409, 567, 'SUELDOS'),
(5410, 567, 'TACANAS ,EST.SUPERINTENDENTE LEDESMA'),
(5411, 564, 'TACO PALTA'),
(5412, 572, 'TACO RALO'),
(5413, 571, 'TAFI DEL VALLE'),
(5414, 571, 'TAFI VIEJO'),
(5415, 571, 'TAFICILLO'),
(5416, 564, 'TALA POZO'),
(5417, 565, 'TAPIA'),
(5418, 564, 'TARUCA PAMPA'),
(5419, 565, 'TICUCHO'),
(5420, 564, 'TIMBO NUEVO'),
(5421, 564, 'TIMBO VIEJO'),
(5422, 564, 'TINAJEROS'),
(5423, 565, 'TRANCAS'),
(5424, 570, 'TREJOS'),
(5425, 567, 'TRES POZOS'),
(5426, 565, 'TUNA SOLA'),
(5427, 567, 'TUSQUITAS'),
(5428, 564, 'URIZAR'),
(5429, 565, 'UTURUNCO'),
(5430, 571, 'VILLA CARMELA'),
(5431, 574, 'VILLA LUJAN'),
(5432, 564, 'VILLA NUEVA'),
(5433, 564, 'VILLA PADRE MONTI'),
(5434, 566, 'VILLA QUINTEROS'),
(5435, 568, 'VILLA RESCATE'),
(5436, 565, 'VIPOS'),
(5437, 566, 'YACUCHINA'),
(5438, 572, 'YANIMAS'),
(5439, 571, 'YERBA BUENA');

-- --------------------------------------------------------

--
-- Estructura de tabla para la tabla `menu`
--

CREATE TABLE IF NOT EXISTS `menu` (
  `id` int(11) NOT NULL AUTO_INCREMENT,
  `id_categoria` int(11) NOT NULL,
  `nombre` varchar(255) CHARACTER SET utf8 COLLATE utf8_spanish2_ci NOT NULL,
  `pagina` varchar(255) CHARACTER SET utf8 COLLATE utf8_spanish2_ci NOT NULL,
  `tipo` varchar(60) CHARACTER SET utf8 COLLATE utf8_spanish2_ci NOT NULL,
  `orden` int(11) NOT NULL,
  `por_defecto` tinyint(1) NOT NULL,
  `atributos` varchar(50) COLLATE utf8_spanish_ci NOT NULL,
  PRIMARY KEY (`id`)
) ENGINE=MyISAM  DEFAULT CHARSET=utf8 COLLATE=utf8_spanish_ci AUTO_INCREMENT=17 ;

--
-- Volcado de datos para la tabla `menu`
--

INSERT INTO `menu` (`id`, `id_categoria`, `nombre`, `pagina`, `tipo`, `orden`, `por_defecto`, `atributos`) VALUES
(1, 2, 'Prohibicion Salida del Pais', 'form.prohibicion.php', '', 1, 0, ''),
(2, 2, 'Pedidos de Captura', 'form.pedidos_captura.php', '', 2, 0, ''),
(3, 2, 'Medidas Restrictivas', 'form.medidas.php', '', 3, 0, ''),
(4, 2, 'Solicitud de Paradero', 'form.solicitud_paradero.php', '', 0, 0, ''),
(5, 2, 'Pedidos de secuestros vehiculares', 'form.vehiculares.php', '', 0, 0, ''),
(6, 3, 'Usuarios', 'usuarios.php', '', 0, 0, ''),
(7, 3, 'Cambiar  Contraseña', 'cambiar_pass.php', '', 0, 0, 'cambiar_contrasenia'),
(8, 3, 'Salir', 'logout.php', '', 0, 1, ''),
(9, 4, 'Listado de Oficios', 'listado.php', '', 0, 0, ''),
(10, 4, '<b style="color:red">Nuevas Personas Buscadas</b>	', 'buscados.php', '', 0, 0, ''),
(11, 1, 'Inicio', 'inicio.php', ' ', 0, 0, ' '),
(12, 2, 'Solicitudes de paradero por requerimiento judicial', 'form.sol_parad_req_judi.php', '', 0, 0, ''),
(13, 4, 'Consultas', 'form.modulo.consultas.php', '', 0, 0, ''),
(14, 1, 'Consultas', 'form.modulo.consultas.php', ' ', 0, 0, ' '),
(15, 1, 'Inicio', 'form.modulo.consultas.php', '', 0, 0, ''),
(16, 2, 'Habeas Corpus', 'form.habeas.php', '', 0, 0, '');

-- --------------------------------------------------------

--
-- Estructura de tabla para la tabla `nacionalidad`
--

CREATE TABLE IF NOT EXISTS `nacionalidad` (
  `id` int(11) NOT NULL AUTO_INCREMENT,
  `descripcion` varchar(255) CHARACTER SET utf8 COLLATE utf8_spanish2_ci NOT NULL,
  PRIMARY KEY (`id`)
) ENGINE=MyISAM  DEFAULT CHARSET=utf8 COLLATE=utf8_spanish_ci AUTO_INCREMENT=149 ;

--
-- Volcado de datos para la tabla `nacionalidad`
--

INSERT INTO `nacionalidad` (`id`, `descripcion`) VALUES
(82, 'Afgana'),
(83, 'Alemana'),
(84, 'Árabe'),
(85, 'Argentina'),
(86, 'Australiana'),
(87, 'Belga'),
(88, 'Boliviana'),
(89, 'Brasilera'),
(90, 'Camboyana'),
(91, 'Canadiense'),
(92, 'Chilena'),
(93, 'China'),
(94, 'Colombiana'),
(95, 'Coreana'),
(96, 'Costarricense'),
(97, 'Cubana'),
(98, 'Danesa'),
(99, 'Ecuatoriana'),
(100, 'Egipcia'),
(101, 'Salvadoreña'),
(102, 'Española'),
(103, 'Estadounidense'),
(104, 'Estonia'),
(105, 'Etiope'),
(106, 'Filipina'),
(107, 'Finlandesa'),
(108, 'Francesa'),
(109, 'Galesa'),
(110, 'Griega'),
(111, 'Guatemalteca'),
(112, 'Haitiana'),
(113, 'Holandesa'),
(114, 'Hondureña'),
(115, 'Indonesa'),
(116, 'Inglesa'),
(117, 'Irlandesa'),
(118, 'Israelí'),
(119, 'Italiana'),
(120, 'Japonesa'),
(121, 'Jordana'),
(122, 'Laosiana'),
(123, 'Letona'),
(124, 'Letonesa'),
(125, 'Malaya'),
(126, 'Marroquí'),
(127, 'Mexicana'),
(128, 'Nicaraguense'),
(129, 'Noruega'),
(130, 'Neocelandesa'),
(131, 'Panameña'),
(132, 'Paraguaya'),
(133, 'Peruana'),
(134, 'Polaca'),
(135, 'Portuguesa'),
(136, 'Puertorriqueño'),
(137, 'Dominicana'),
(138, 'Rumana'),
(139, 'Rusa'),
(140, 'Sueca'),
(141, 'Suiza'),
(142, 'Tailandesa'),
(143, 'Taiwanesa'),
(144, 'Turca'),
(145, 'Ucraniana'),
(146, 'Uruguaya'),
(147, 'Venezolana'),
(148, 'Vietnam');

-- --------------------------------------------------------

--
-- Estructura de tabla para la tabla `oficios`
--

CREATE TABLE IF NOT EXISTS `oficios` (
  `id` int(11) NOT NULL AUTO_INCREMENT,
  `tipo_oficio` int(11) DEFAULT NULL COMMENT 'nro del expediente o causa',
  `nro_oficio` int(11) DEFAULT NULL,
  `juzgado` varchar(200) CHARACTER SET utf8 NOT NULL,
  `secretaria` varchar(200) CHARACTER SET utf8 NOT NULL,
  `caratula_expediente` varchar(200) CHARACTER SET utf8 NOT NULL,
  `causa_medida` text COLLATE utf8_turkish_ci NOT NULL,
  `estado` int(11) NOT NULL DEFAULT '1',
  `expediente` int(11) NOT NULL,
  `fecha` timestamp NOT NULL DEFAULT CURRENT_TIMESTAMP,
  `usuario` int(11) NOT NULL,
  `observaciones` text COLLATE utf8_turkish_ci NOT NULL,
  `estadoOficio` int(11) NOT NULL,
  `cesado` tinyint(4) NOT NULL,
  `hora_denuncia` varchar(255) COLLATE utf8_turkish_ci NOT NULL,
  `nombre_denunciante` varchar(255) COLLATE utf8_turkish_ci NOT NULL,
  `fiscalia` varchar(255) COLLATE utf8_turkish_ci NOT NULL,
  `caratula` varchar(255) COLLATE utf8_turkish_ci NOT NULL,
  `fecha_denuncia` varchar(255) COLLATE utf8_turkish_ci NOT NULL,
  `juzgado_secretaria` varchar(255) COLLATE utf8_turkish_ci NOT NULL,
  `medida_restrictiva` varchar(255) COLLATE utf8_turkish_ci NOT NULL,
  `tipo_medida` varchar(255) COLLATE utf8_turkish_ci NOT NULL,
  PRIMARY KEY (`id`)
) ENGINE=InnoDB  DEFAULT CHARSET=utf8 COLLATE=utf8_turkish_ci AUTO_INCREMENT=19 ;

--
-- Volcado de datos para la tabla `oficios`
--

INSERT INTO `oficios` (`id`, `tipo_oficio`, `nro_oficio`, `juzgado`, `secretaria`, `caratula_expediente`, `causa_medida`, `estado`, `expediente`, `fecha`, `usuario`, `observaciones`, `estadoOficio`, `cesado`, `hora_denuncia`, `nombre_denunciante`, `fiscalia`, `caratula`, `fecha_denuncia`, `juzgado_secretaria`, `medida_restrictiva`, `tipo_medida`) VALUES
(1, 5, 0, '', '', '', '', 1, 0, '2014-02-18 12:53:21', 3, '', 2, 0, '', '', '', '', '', '', '', ''),
(2, 2, 0, '', '', '', '', 1, 0, '2014-03-06 19:29:22', 3, '', 2, 0, '', '', '', '', '', '', '', ''),
(3, 6, 0, '', '', '', '', 1, 0, '2014-03-06 19:33:39', 3, '', 0, 0, '', '', '', '', '', '', '', ''),
(4, 4, 0, '', '', '', '', 1, 0, '2014-03-26 14:24:36', 3, '', 0, 0, '', '', '', '', '', '', '', ''),
(5, 4, 0, '', '', '', '', 1, 0, '2014-03-26 14:24:36', 3, '', 0, 0, '', '', '', '', '', '', '', ''),
(6, 1, 0, '', '', '', '', 1, 0, '2014-04-01 13:22:54', 3, '', 0, 0, '', '', '', '', '', '', '', ''),
(7, 1, 0, '', '', '', '', 1, 0, '2014-04-25 14:54:29', 3, '', 0, 0, '', '', '', '', '', '', '', ''),
(8, 3, 0, '', '', '', '', 1, 0, '2014-04-28 20:06:24', 3, '', 1, 0, '', '', '', '', '', '', '', ''),
(9, 4, 0, '', '', '', '', 1, 0, '2014-04-28 20:16:50', 3, '', 1, 0, '', '', '', '', '', '', '', ''),
(10, 4, 0, '', '', '', '', 1, 0, '2014-04-30 15:14:21', 3, '', 0, 0, '', '', '', '', '', '', '', ''),
(11, 7, 0, '', '', '', '', 1, 0, '2014-04-30 15:15:51', 3, '', 0, 0, '', '', '', '', '', '', '', ''),
(12, 7, 0, '', '', '', '', 1, 0, '2014-04-30 15:40:52', 3, '', 2, 0, '', '', '', '', '', '', '', ''),
(13, 3, 0, '', '', '', '', 1, 0, '2014-05-06 18:30:32', 3, '', 0, 0, '', '', '', '', '', '', '', ''),
(14, 3, 2563, 'Juzgado Federal Numero 3', '5', 'NN S/ ABUSO DE AUTORIDAD', '', 1, 5412, '2014-05-19 17:48:51', 3, '', 0, 0, '', '', '', '', '', '', '', ''),
(15, 1, 0, '', '', '', '', 1, 0, '2014-05-20 16:52:41', 3, '', 0, 0, '', '', '', '', '', '', '', ''),
(16, 6, 0, '', '', '', '', 1, 0, '2014-05-21 13:52:46', 3, '', 0, 0, '', '', '', '', '', '', '', ''),
(17, 1, 0, '', '', '', '', 1, 0, '2014-05-21 15:18:17', 3, '', 0, 0, '', '', '', '', '', '', '', ''),
(18, NULL, NULL, '', '', '', '', 1, 0, '2014-05-24 13:00:49', 0, '', 0, 2, '', '', '', '', '', '', '', '');

-- --------------------------------------------------------

--
-- Estructura de tabla para la tabla `oficios_vistos`
--

CREATE TABLE IF NOT EXISTS `oficios_vistos` (
  `id` int(11) NOT NULL AUTO_INCREMENT,
  `id_usuario` int(11) NOT NULL,
  `id_oficio` int(11) NOT NULL,
  PRIMARY KEY (`id`)
) ENGINE=MyISAM  DEFAULT CHARSET=latin1 AUTO_INCREMENT=8 ;

-- --------------------------------------------------------

--
-- Estructura de tabla para la tabla `oficioscesados`
--

CREATE TABLE IF NOT EXISTS `oficioscesados` (
  `id_oficio` int(11) NOT NULL,
  `fecha_cese` date NOT NULL,
  `tipo_medida` varchar(256) NOT NULL,
  `persona_auto` char(1) DEFAULT NULL,
  `valor` varchar(50) DEFAULT NULL,
  `path` varchar(100) DEFAULT NULL,
  `id_usuario` int(11) DEFAULT NULL,
  PRIMARY KEY (`id_oficio`)
) ENGINE=InnoDB DEFAULT CHARSET=latin1;

-- --------------------------------------------------------

--
-- Estructura de tabla para la tabla `perfil`
--

CREATE TABLE IF NOT EXISTS `perfil` (
  `id` int(11) NOT NULL AUTO_INCREMENT,
  `perfil` varchar(25) NOT NULL,
  PRIMARY KEY (`id`)
) ENGINE=InnoDB  DEFAULT CHARSET=latin1 AUTO_INCREMENT=4 ;

--
-- Volcado de datos para la tabla `perfil`
--

INSERT INTO `perfil` (`id`, `perfil`) VALUES
(1, 'supervisión'),
(2, 'consulta'),
(3, 'carga');

-- --------------------------------------------------------

--
-- Estructura de tabla para la tabla `permisos`
--

CREATE TABLE IF NOT EXISTS `permisos` (
  `id_menu` int(11) NOT NULL,
  `id_perfil` int(11) NOT NULL,
  `mostrar_menu` int(11) NOT NULL,
  UNIQUE KEY `id_menu` (`id_menu`,`id_perfil`)
) ENGINE=MyISAM DEFAULT CHARSET=latin1;

--
-- Volcado de datos para la tabla `permisos`
--

INSERT INTO `permisos` (`id_menu`, `id_perfil`, `mostrar_menu`) VALUES
(1, 2, 0),
(1, 3, 1),
(2, 2, 0),
(2, 3, 1),
(3, 2, 0),
(3, 3, 1),
(4, 2, 0),
(4, 3, 1),
(5, 2, 0),
(5, 3, 1),
(6, 1, 1),
(7, 1, 1),
(7, 2, 1),
(7, 3, 1),
(8, 1, 1),
(8, 2, 1),
(8, 3, 1),
(9, 1, 1),
(9, 3, 1),
(10, 1, 1),
(10, 3, 1),
(11, 1, 1),
(11, 3, 1),
(12, 2, 0),
(12, 3, 1),
(13, 1, 1),
(14, 2, 1),
(16, 3, 1),
(16, 1, 1);

-- --------------------------------------------------------

--
-- Estructura de tabla para la tabla `permisos_categorias`
--

CREATE TABLE IF NOT EXISTS `permisos_categorias` (
  `id` int(11) NOT NULL AUTO_INCREMENT,
  `id_usuario` int(11) NOT NULL,
  `id_categoria` int(11) NOT NULL,
  PRIMARY KEY (`id`)
) ENGINE=MyISAM  DEFAULT CHARSET=latin1 COLLATE=latin1_general_ci AUTO_INCREMENT=13 ;

--
-- Volcado de datos para la tabla `permisos_categorias`
--

INSERT INTO `permisos_categorias` (`id`, `id_usuario`, `id_categoria`) VALUES
(12, 2, 5),
(2, 2, 3),
(3, 3, 1),
(4, 3, 3),
(5, 3, 4),
(6, 1, 1),
(10, 3, 2),
(8, 1, 3);

-- --------------------------------------------------------

--
-- Estructura de tabla para la tabla `persona`
--

CREATE TABLE IF NOT EXISTS `persona` (
  `id_persona` int(11) NOT NULL AUTO_INCREMENT,
  `nombre` varchar(45) DEFAULT NULL,
  `apellido` varchar(45) DEFAULT NULL,
  `sexo` int(11) DEFAULT NULL,
  `nacionalidad` int(11) DEFAULT NULL,
  `tipo_documento` int(11) DEFAULT NULL,
  `provincia` int(11) DEFAULT NULL,
  `descripcion_persona` text,
  `tipo_persona` int(11) DEFAULT NULL COMMENT 'LOS TIPOS \nDE PERSONA QUEDAN\nDEFINIDOS EN LA \nTABLA TIPO_PERSONAS\nSOLO AFECTA \nAL OFICIO MEDIDAS \nRESTRICTIVAS',
  `id_oficio` int(11) NOT NULL,
  `edad` date NOT NULL,
  `edad_anios` int(3) NOT NULL,
  `nro_documento` int(11) NOT NULL,
  `apodos` text NOT NULL,
  `autoridad_documento` varchar(55) NOT NULL,
  `ultimo_calle` varchar(25) NOT NULL,
  `ultimo_numero` int(11) NOT NULL,
  `ultimo_piso` int(11) NOT NULL,
  `ultimo_departamento` int(11) NOT NULL,
  `ultima_localidad` int(11) NOT NULL,
  `ultimo_codigopostal` int(11) NOT NULL,
  `ultima_provincia` int(11) NOT NULL,
  `ocupacion` varchar(25) NOT NULL,
  `empleador` varchar(25) NOT NULL,
  `cuit` int(11) NOT NULL,
  `domicilio_laboral` varchar(25) NOT NULL,
  `telefono_laboral` int(11) NOT NULL,
  `nro_tarjeta` int(11) NOT NULL,
  `banco_tarjeta` varchar(25) NOT NULL,
  `provincia_laboral` int(11) NOT NULL,
  `calle_laboral` varchar(50) NOT NULL,
  `numero_laboral` varchar(50) NOT NULL,
  `piso_laboral` int(11) NOT NULL,
  `departamento_laboral` varchar(50) NOT NULL,
  `codigopostal_laboral` int(11) NOT NULL,
  `ultimo_provincia` int(11) NOT NULL,
  `observaciones` text NOT NULL,
  `telefono` int(11) NOT NULL,
  `domicilio` varchar(255) NOT NULL,
  `ultimo_partido` int(11) NOT NULL,
  `vinculo_vicitma` varchar(25) NOT NULL,
  PRIMARY KEY (`id_persona`)
) ENGINE=InnoDB  DEFAULT CHARSET=latin1 COMMENT='almaceno los datos de las personas relacionandolas con otra' AUTO_INCREMENT=52 ;

--
-- Volcado de datos para la tabla `persona`
--

INSERT INTO `persona` (`id_persona`, `nombre`, `apellido`, `sexo`, `nacionalidad`, `tipo_documento`, `provincia`, `descripcion_persona`, `tipo_persona`, `id_oficio`, `edad`, `edad_anios`, `nro_documento`, `apodos`, `autoridad_documento`, `ultimo_calle`, `ultimo_numero`, `ultimo_piso`, `ultimo_departamento`, `ultima_localidad`, `ultimo_codigopostal`, `ultima_provincia`, `ocupacion`, `empleador`, `cuit`, `domicilio_laboral`, `telefono_laboral`, `nro_tarjeta`, `banco_tarjeta`, `provincia_laboral`, `calle_laboral`, `numero_laboral`, `piso_laboral`, `departamento_laboral`, `codigopostal_laboral`, `ultimo_provincia`, `observaciones`, `telefono`, `domicilio`, `ultimo_partido`, `vinculo_vicitma`) VALUES
(1, '', '', 0, 0, 0, 1, NULL, 3, 1, '0000-00-00', 0, 0, '', '', '', 0, 0, 0, 104, 0, 0, '', '', 0, '', 0, 0, '', 0, '', '', 0, '', 0, 1, '', 0, '', 30, ''),
(2, '', '', 0, 0, 0, 0, NULL, 4, 1, '0000-00-00', 0, 0, '', '', '', 0, 0, 0, 0, 0, 0, '', '', 0, '', 0, 0, '', 0, '', '', 0, '', 0, 0, '', 0, '', 0, ''),
(3, '', '', 0, 0, 0, 0, '', 2, 2, '0000-00-00', 0, 0, '', '', '', 0, 0, 0, 0, 0, 0, '', '', 0, '', 0, 0, '', 0, '', '', 0, '', 0, 0, '', 0, '', 0, ''),
(4, '', '', 0, 0, 0, 1, NULL, 2, 3, '0000-00-00', 0, 0, '', '', '', 0, 0, 0, 128, 0, 0, '', '', 0, '', 0, 0, '', 0, '', '', 0, '', 0, 0, '', 0, '', 76, ''),
(5, '', '', 0, 0, 0, NULL, NULL, 1, 3, '0000-00-00', 0, 0, '', '', '', 0, 0, 0, 0, 0, 0, '', '', 0, '', 0, 0, '', 0, '', '', 0, '', 0, 0, '', 0, '', 0, ''),
(6, '', '', 0, 0, 0, 1, '', 2, 4, '0000-00-00', 0, 0, '', '', '', 0, 0, 0, 346, 0, 0, '', '', 0, '', 0, 0, '', 0, '', '', 0, '', 0, 0, '', 0, '', 7, ''),
(7, '', '', 0, 0, 0, 14, NULL, 2, 5, '0000-00-00', 0, 0, '', '', '', 0, 0, 0, 3514, 0, 0, '', '', 0, '', 0, 0, '', 0, '', '', 0, '', 0, 0, '', 0, '', 405, ''),
(8, '', '', 0, 0, 0, 13, NULL, 5, 6, '0000-00-00', 0, 0, '', '', '', 0, 0, 0, 3469, 0, 0, '', '', 0, '', 0, 0, '', 0, '', '', 0, '', 0, 0, '', 0, '', 396, ''),
(9, '', '', 0, 0, 0, 0, NULL, 5, 7, '0000-00-00', 0, 0, '', '', '', 0, 0, 0, 0, 0, 0, '', '', 0, '', 0, 0, '', 0, '', '', 0, '', 0, 0, '', 0, '', 0, ''),
(10, '', '', 0, 0, 0, 0, NULL, 2, 8, '0000-00-00', 0, 0, '', '', '', 0, 0, 0, 0, 0, 0, '', '', 0, '', 0, 0, '', 0, '', '', 0, '', 0, 0, '', 0, '', 0, ''),
(11, '', '', 0, 0, 0, 0, NULL, 2, 10, '0000-00-00', 0, 0, '', '', '', 0, 0, 0, 0, 0, 0, '', '', 0, '', 0, 0, '', 0, '', '', 0, '', 0, 0, '', 0, '', 0, ''),
(12, '', '', 0, 0, 0, 0, NULL, 3, 11, '0000-00-00', 0, 36528095, '', '', '', 0, 0, 0, 0, 0, 0, '', '', 0, '', 0, 0, '', 0, '', '', 0, '', 0, 0, '', 0, '', 0, ''),
(13, '', '', 0, 0, 0, 0, NULL, 4, 11, '0000-00-00', 0, 0, '', '', '', 0, 0, 0, 0, 0, 0, '', '', 0, '', 0, 0, '', 0, '', '', 0, '', 0, 0, '', 0, '', 0, ''),
(14, '', '', 58, 82, 52, 0, NULL, 3, 12, '0000-00-00', 0, 0, '', '', '', 0, 0, 0, 0, 0, 0, '', '', 0, '', 0, 5343532, 'zvxvxzvzx', 0, '', '', 0, '', 0, 0, '', 0, '', 0, ''),
(15, '', '', 58, 82, 52, 0, NULL, 4, 12, '0000-00-00', 0, 0, '', '', '', 0, 0, 0, 0, 0, 0, '', '', 0, '', 0, 0, '', 0, '', '', 0, '', 0, 0, '', 0, '', 0, ''),
(16, '', '', 58, 82, 52, 0, NULL, 3, 13, '0000-00-00', 0, 0, '', '', '', 0, 0, 0, 0, 0, 0, '', '', 0, '', 0, 0, '', 0, '', '', 0, '', 0, 0, '', 0, '', 0, ''),
(17, '', '', 58, 82, 52, 0, NULL, 4, 13, '0000-00-00', 0, 0, '', '', '', 0, 0, 0, 0, 0, 0, '', '', 0, '', 0, 0, '', 0, '', '', 0, '', 0, 0, '', 0, '', 0, ''),
(18, '', '', 58, 82, 52, 0, NULL, 2, 14, '0000-00-00', 0, 0, '', '', '', 0, 0, 0, 0, 0, 0, '', '', 0, '', 0, 0, '', 0, '', '', 0, '', 0, 0, '', 0, '', 0, ''),
(19, '', '', 58, 82, 52, 0, NULL, 2, 15, '0000-00-00', 0, 0, '', '', '', 0, 0, 0, 0, 0, 0, '', '', 0, '', 0, 0, '', 0, '', '', 0, '', 0, 0, '', 0, '', 0, ''),
(20, '', '', 58, 82, 52, 0, '  ', 2, 16, '1999-11-30', 0, 0, '', '', '', 0, 0, 0, 0, 0, 0, '', '', 0, '', 0, 0, '', 0, '', '', 0, '', 0, 0, '', 0, '', 0, ''),
(21, '', '', 58, 82, 52, 0, NULL, 2, 17, '0000-00-00', 0, 0, '', '', '', 0, 0, 0, 0, 0, 0, '', '', 0, '', 0, 0, '', 0, '', '', 0, '', 0, 0, '', 0, '', 0, ''),
(22, '', '', 58, 82, 52, 0, NULL, 2, 18, '0000-00-00', 0, 0, '', '', '', 0, 0, 0, 0, 0, 0, '', '', 0, '', 0, 0, '', 0, '', '', 0, '', 0, 0, '', 0, '', 0, ''),
(23, '', '', 58, 82, 52, 0, NULL, 2, 19, '0000-00-00', 0, 0, '', '', '', 0, 0, 0, 0, 0, 0, '', '', 0, '', 0, 0, '', 0, '', '', 0, '', 0, 0, '', 0, '', 0, ''),
(24, '', '', 58, 82, 52, 0, NULL, 2, 20, '0000-00-00', 0, 0, '', '', '', 0, 0, 0, 0, 0, 0, '', '', 0, '', 0, 0, '', 0, '', '', 0, '', 0, 0, '', 0, '', 0, ''),
(25, '', '', 58, 82, 52, 0, NULL, 2, 21, '0000-00-00', 0, 0, '', '', '', 0, 0, 0, 0, 0, 0, '', '', 0, '', 0, 0, '', 0, '', '', 0, '', 0, 0, '', 0, '', 0, ''),
(26, '', '', 58, 82, 52, 0, NULL, 3, 22, '0000-00-00', 0, 0, '', '', '', 0, 0, 0, 0, 0, 0, '', '', 0, '', 0, 0, '', 0, '', '', 0, '', 0, 0, '', 0, '', 0, ''),
(27, '', '', 58, 82, 52, 0, NULL, 4, 22, '0000-00-00', 0, 0, '', '', '', 0, 0, 0, 0, 0, 0, '', '', 0, '', 0, 0, '', 0, '', '', 0, '', 0, 0, '', 0, '', 0, ''),
(28, '', '', 58, 82, 52, 0, NULL, 2, 23, '0000-00-00', 0, 0, '', '', '', 0, 0, 0, 0, 0, 0, '', '', 0, '', 0, 0, '', 0, '', '', 0, '', 0, 0, '', 0, '', 0, ''),
(29, 'juan', 'guzman', 0, 0, 0, 0, NULL, 2, 1, '1969-12-31', 0, 0, '', '', '', 0, 0, 0, 0, 0, 0, '', '', 0, '', 0, 0, '', 0, '', '', 0, '', 0, 0, '', 0, '', 0, ''),
(30, '', '', 0, 0, 0, NULL, NULL, 1, 1, '1969-12-31', 0, 0, '', '', '', 0, 0, 0, 0, 0, 0, '', '', 0, '', 0, 0, '', 0, '', '', 0, '', 0, 0, '', 0, '', 0, ''),
(31, '', '', 0, 0, 0, 0, NULL, 5, 2, '0000-00-00', 0, 0, '', '', '', 0, 0, 0, 0, 0, 0, '', '', 0, '', 0, 0, '', 0, '', '', 0, '', 0, 0, '', 0, '', 0, ''),
(32, '', '', 0, 0, 0, 0, NULL, 3, 3, '0000-00-00', 0, 0, '', '', '', 0, 0, 0, 0, 0, 0, '', '', 0, '', 0, 0, '', 0, '', '', 0, '', 0, 0, '', 0, '', 0, ''),
(33, '', '', 0, 0, 0, 0, NULL, 4, 3, '0000-00-00', 0, 0, '', '', '', 0, 0, 0, 0, 0, 0, '', '', 0, '', 0, 0, '', 0, '', '', 0, '', 0, 0, '', 0, '', 0, ''),
(34, '', '', 0, 0, 0, 0, '', 2, 4, '0000-00-00', 0, 0, '', '', '', 0, 0, 0, 0, 0, 0, '', '', 0, '', 0, 0, '', 0, '', '', 0, '', 0, 0, '', 0, '', 0, ''),
(35, '', '', 0, 0, 0, 0, '', 2, 5, '0000-00-00', 0, 0, '', '', '', 0, 0, 0, 0, 0, 0, '', '', 0, '', 0, 0, '', 0, '', '', 0, '', 0, 0, '', 0, '', 0, ''),
(36, '', '', 0, 0, 0, 0, NULL, 3, 6, '0000-00-00', 0, 0, '', '', '', 0, 0, 0, 0, 0, 0, '', '', 0, '', 0, 0, '', 0, '', '', 0, '', 0, 0, '', 0, '', 0, ''),
(37, '', '', 0, 0, 0, 0, NULL, 4, 6, '0000-00-00', 0, 0, '', '', '', 0, 0, 0, 0, 0, 0, '', '', 0, '', 0, 0, '', 0, '', '', 0, '', 0, 0, '', 0, '', 0, ''),
(38, '', '', 0, 0, 0, 0, NULL, 3, 7, '0000-00-00', 0, 0, '', '', '', 0, 0, 0, 0, 0, 0, '', '', 0, '', 0, 0, '', 0, '', '', 0, '', 0, 0, '', 0, '', 0, ''),
(39, '', '', 0, 0, 0, 0, NULL, 4, 7, '0000-00-00', 0, 0, '', '', '', 0, 0, 0, 0, 0, 0, '', '', 0, '', 0, 0, '', 0, '', '', 0, '', 0, 0, '', 0, '', 0, ''),
(40, '', '', 0, 0, 0, 0, NULL, 2, 8, '0000-00-00', 0, 0, '', '', '', 0, 0, 0, 0, 0, 0, '', '', 0, '', 0, 0, '', 0, '', '', 0, '', 0, 0, '', 0, '', 0, ''),
(41, '', '', 0, 0, 0, 0, '', 2, 9, '0000-00-00', 0, 0, '', '', '', 0, 0, 0, 0, 0, 0, '', '', 0, '', 0, 0, '', 0, '', '', 0, '', 0, 0, '', 0, '', 0, ''),
(42, 'HOLA', 'A', 0, 0, 0, 0, '  ', 2, 10, '0000-00-00', 0, 0, '', '', '', 0, 0, 0, 0, 0, 0, '', '', 0, '', 0, 0, '', 0, '', '', 0, '', 0, 0, '', 0, '', 0, ''),
(43, 'sdasdas', '', 0, 0, 0, 0, '  ', 2, 11, '0000-00-00', 0, 0, '', '', '', 0, 0, 0, 0, 0, 0, '', '', 0, '', 0, 0, '', 0, '', '', 0, '', 0, 0, '', 0, '', 0, ''),
(44, 'adsadasd', 'asdasd', 0, 0, 0, 0, '  ', 2, 12, '0000-00-00', 0, 0, 'asdasda', '', '', 0, 0, 0, 0, 0, 0, '', '', 0, '', 0, 0, '', 0, '', '', 0, '', 0, 0, '', 0, '', 0, ''),
(45, '', '', 0, 0, 0, 0, NULL, 2, 13, '0000-00-00', 0, 0, '', '', '', 0, 0, 0, 0, 0, 0, '', '', 0, '', 0, 0, '', 0, '', '', 0, '', 0, 0, '', 0, '', 0, ''),
(46, 'Juan', 'Gomez', 59, 85, 52, 0, NULL, 2, 14, '2014-07-05', 0, 35641478, 'Pucho', '', 'Carlos Calvo', 514, 4, 0, 0, 0, 0, '', '', 0, '', 0, 0, '', 0, '', '', 0, '', 0, 0, '', 0, '', 0, ''),
(47, '', '', 0, 0, 0, 0, NULL, 3, 15, '0000-00-00', 0, 0, '', '', '', 0, 0, 0, 0, 0, 0, '', '', 0, '', 0, 0, '', 0, '', '', 0, '', 0, 0, '', 0, '', 0, ''),
(48, '', '', 0, 0, 0, 0, NULL, 4, 15, '0000-00-00', 0, 0, '', '', '', 0, 0, 0, 0, 0, 0, '', '', 0, '', 0, 0, '', 0, '', '', 0, '', 0, 0, '', 0, '', 0, ''),
(49, '', '', 0, 0, 0, 0, '  ', 2, 16, '0000-00-00', 0, 0, '', '', '', 0, 0, 0, 0, 0, 0, '', '', 0, '', 0, 0, '', 0, '', '', 0, '', 0, 0, '', 0, '', 0, ''),
(50, '', '', 0, 0, 0, 0, NULL, 3, 17, '0000-00-00', 0, 0, '', '', '', 0, 0, 0, 0, 0, 0, '', '', 0, '', 0, 0, '', 0, '', '', 0, '', 0, 0, '', 0, '', 0, ''),
(51, '', '', 0, 0, 0, 0, NULL, 4, 17, '0000-00-00', 0, 0, '', '', '', 0, 0, 0, 0, 0, 0, '', '', 0, '', 0, 0, '', 0, '', '', 0, '', 0, 0, '', 0, '', 0, '');

-- --------------------------------------------------------

--
-- Estructura de tabla para la tabla `provincias`
--

CREATE TABLE IF NOT EXISTS `provincias` (
  `id` int(2) NOT NULL,
  `descripcion` varchar(50) NOT NULL,
  PRIMARY KEY (`id`)
) ENGINE=InnoDB DEFAULT CHARSET=utf8;

--
-- Volcado de datos para la tabla `provincias`
--

INSERT INTO `provincias` (`id`, `descripcion`) VALUES
(0, 'CAPITAL FEDERAL'),
(1, 'BUENOS AIRES'),
(2, 'CATAMARCA'),
(3, 'CHACO'),
(4, 'CHUBUT'),
(5, 'CORDOBA'),
(6, 'CORRIENTES'),
(7, 'ENTRE RIOS'),
(8, 'FORMOSA'),
(9, 'JUJUY'),
(10, 'LA PAMPA'),
(11, 'LA RIOJA'),
(12, 'MENDOZA'),
(13, 'MISIONES'),
(14, 'NEUQUEN'),
(15, 'RIO NEGRO'),
(16, 'SALTA'),
(17, 'SAN JUAN'),
(18, 'SAN LUIS'),
(19, 'SANTA CRUZ'),
(20, 'SANTA FE'),
(21, 'SANTIAGO DEL ESTERO'),
(22, 'TIERRA DEL FUEGO'),
(23, 'TUCUMAN');

-- --------------------------------------------------------

--
-- Estructura de tabla para la tabla `secuestros_vehiculares`
--

CREATE TABLE IF NOT EXISTS `secuestros_vehiculares` (
  `id_secuestro` int(11) NOT NULL AUTO_INCREMENT,
  `dominio` varchar(45) DEFAULT NULL,
  `marca_vehiculo` varchar(255) DEFAULT NULL,
  `modelo_vehiculo` varchar(255) DEFAULT NULL,
  `nro_chasis` varchar(255) DEFAULT NULL,
  `nro_motor` varchar(255) DEFAULT NULL,
  `causa_medida` varchar(45) DEFAULT NULL,
  `id_oficio` int(11) NOT NULL,
  `persona_id_persona` int(11) NOT NULL,
  `radicacion` varchar(25) NOT NULL,
  `juzgado_secretaria` varchar(255) NOT NULL,
  `anio_vehiculo` varchar(30) NOT NULL,
  PRIMARY KEY (`id_secuestro`)
) ENGINE=InnoDB  DEFAULT CHARSET=latin1 AUTO_INCREMENT=2 ;

--
-- Volcado de datos para la tabla `secuestros_vehiculares`
--

INSERT INTO `secuestros_vehiculares` (`id_secuestro`, `dominio`, `marca_vehiculo`, `modelo_vehiculo`, `nro_chasis`, `nro_motor`, `causa_medida`, `id_oficio`, `persona_id_persona`, `radicacion`, `juzgado_secretaria`, `anio_vehiculo`) VALUES
(1, '', '', '', '', '', NULL, 2, 0, '', '', '');

-- --------------------------------------------------------

--
-- Estructura de tabla para la tabla `solicitud_paradero`
--

CREATE TABLE IF NOT EXISTS `solicitud_paradero` (
  `id_paradero` int(11) NOT NULL AUTO_INCREMENT,
  `primera_desaparece` tinyint(1) DEFAULT NULL,
  `enfermedad` tinyint(1) DEFAULT NULL,
  `drogadiccion` tinyint(1) DEFAULT NULL,
  `internado_institucion` tinyint(1) DEFAULT NULL,
  `descripcion_caso` text,
  `novedades` varchar(200) DEFAULT NULL,
  `id_persona` int(11) NOT NULL,
  `difusion` int(11) NOT NULL,
  `resumen` text NOT NULL,
  `id_oficio` int(11) NOT NULL,
  `enfermedades` text NOT NULL,
  `concurrencia` text NOT NULL,
  `descripcion_persona` text NOT NULL,
  `lugar_visto` text NOT NULL,
  `fecha_visto` date NOT NULL,
  `hora_visto` int(2) NOT NULL,
  `minuto_visto` int(2) NOT NULL,
  `medicacion` varchar(255) NOT NULL,
  `caratula` varchar(255) NOT NULL,
  `vinculo_desaparecido` varchar(255) NOT NULL,
  `lugar_concurrencia` varchar(255) NOT NULL,
  `pertenencia_referencia` varchar(255) NOT NULL,
  `sobrenombre_apodo` varchar(255) NOT NULL,
  PRIMARY KEY (`id_paradero`)
) ENGINE=InnoDB  DEFAULT CHARSET=latin1 AUTO_INCREMENT=6 ;

--
-- Volcado de datos para la tabla `solicitud_paradero`
--

INSERT INTO `solicitud_paradero` (`id_paradero`, `primera_desaparece`, `enfermedad`, `drogadiccion`, `internado_institucion`, `descripcion_caso`, `novedades`, `id_persona`, `difusion`, `resumen`, `id_oficio`, `enfermedades`, `concurrencia`, `descripcion_persona`, `lugar_visto`, `fecha_visto`, `hora_visto`, `minuto_visto`, `medicacion`, `caratula`, `vinculo_desaparecido`, `lugar_concurrencia`, `pertenencia_referencia`, `sobrenombre_apodo`) VALUES
(1, 0, 0, 0, 0, NULL, NULL, 0, 0, '', 3, '', '', '', '', '0000-00-00', 0, 0, '', '', '', '', '', ''),
(2, 0, 0, 0, 0, NULL, NULL, 0, 0, '', 6, '', '', '', '', '0000-00-00', 0, 0, '', '', '', '', '', ''),
(3, 0, 0, 0, 0, NULL, NULL, 0, 0, '', 7, '', '', '', '', '0000-00-00', 0, 0, '', '', '', '', '', ''),
(4, 0, 0, 0, 0, NULL, NULL, 0, 0, '', 15, '', '', '', '', '0000-00-00', 0, 0, '', '', '', '', '', ''),
(5, 0, 0, 0, 0, NULL, NULL, 0, 0, '', 17, '', '', '', '', '0000-00-00', 0, 0, '', '', '', '', '', '');

-- --------------------------------------------------------

--
-- Estructura de tabla para la tabla `tipo_archivos`
--

CREATE TABLE IF NOT EXISTS `tipo_archivos` (
  `id` int(11) NOT NULL AUTO_INCREMENT,
  `nombre` varchar(25) NOT NULL,
  PRIMARY KEY (`id`)
) ENGINE=InnoDB  DEFAULT CHARSET=latin1 AUTO_INCREMENT=3 ;

--
-- Volcado de datos para la tabla `tipo_archivos`
--

INSERT INTO `tipo_archivos` (`id`, `nombre`) VALUES
(1, 'fotos'),
(2, 'archivos');

-- --------------------------------------------------------

--
-- Estructura de tabla para la tabla `tipo_persona`
--

CREATE TABLE IF NOT EXISTS `tipo_persona` (
  `id` int(11) NOT NULL AUTO_INCREMENT,
  `tipo_personacol` varchar(45) DEFAULT NULL,
  PRIMARY KEY (`id`)
) ENGINE=InnoDB  DEFAULT CHARSET=utf8 AUTO_INCREMENT=6 ;

--
-- Volcado de datos para la tabla `tipo_persona`
--

INSERT INTO `tipo_persona` (`id`, `tipo_personacol`) VALUES
(1, 'victima'),
(2, 'responsable'),
(3, 'buscado'),
(4, 'solicitante'),
(5, 'titular');

-- --------------------------------------------------------

--
-- Estructura de tabla para la tabla `tipos_oficios`
--

CREATE TABLE IF NOT EXISTS `tipos_oficios` (
  `id` int(11) NOT NULL,
  `pagina` varchar(50) NOT NULL,
  `nombre` varchar(50) NOT NULL,
  UNIQUE KEY `id` (`id`)
) ENGINE=InnoDB DEFAULT CHARSET=latin1;

--
-- Volcado de datos para la tabla `tipos_oficios`
--

INSERT INTO `tipos_oficios` (`id`, `pagina`, `nombre`) VALUES
(1, 'form.solicitud_paradero.php', 'Solicitud de Paradero'),
(2, 'form.vehiculares.php', 'Pedido Captura Vehicular'),
(3, 'form.prohibicion.php', 'Prohibición de salida del país'),
(4, 'form.pedidos_captura.php', 'Pedidos de Captura'),
(5, 'form.medidas.php', 'Medidas Restrictivas'),
(6, 'form.sol_parad_req_judi.php', 'Solicitudes de paradero por requerimiento judicial'),
(7, 'form.habeas.php', 'Habeas Corpus');

-- --------------------------------------------------------

--
-- Estructura de tabla para la tabla `usuarios`
--

CREATE TABLE IF NOT EXISTS `usuarios` (
  `id` int(11) NOT NULL AUTO_INCREMENT,
  `jurisdiccion` int(11) NOT NULL,
  `nombre` varchar(255) NOT NULL,
  `apellido` varchar(255) CHARACTER SET utf8 COLLATE utf8_spanish_ci NOT NULL,
  `nro_documento` varchar(255) NOT NULL,
  `email` varchar(255) NOT NULL,
  `usuario` varchar(255) NOT NULL,
  `contrasenia` varchar(255) NOT NULL,
  `habilitado` tinyint(1) NOT NULL,
  `perfil` int(11) NOT NULL,
  PRIMARY KEY (`id`),
  UNIQUE KEY `usuario` (`usuario`)
) ENGINE=InnoDB  DEFAULT CHARSET=utf8 AUTO_INCREMENT=4 ;

--
-- Volcado de datos para la tabla `usuarios`
--

INSERT INTO `usuarios` (`id`, `jurisdiccion`, `nombre`, `apellido`, `nro_documento`, `email`, `usuario`, `contrasenia`, `habilitado`, `perfil`) VALUES
(1, 1, 'validacion', 'validacion', '', '', 'validacion.validacion', '07a0c5fc6e7850e423156621040b9903', 1, 1),
(2, 1, 'consulta', 'consulta', '', 'juan.guzman', 'consulta.consulta', '5d76beffe761403531a6eb339e0f0231', 1, 2),
(3, 1, 'carga', 'carga', '', 'juan.guzman', 'carga.carga', 'c85066aadf0d68d56074dcdb5c395656', 1, 3);
--
-- Base de datos: `oficios_laravel`
--

-- --------------------------------------------------------

--
-- Estructura de tabla para la tabla `archivos`
--

CREATE TABLE IF NOT EXISTS `archivos` (
  `id` int(10) unsigned NOT NULL AUTO_INCREMENT,
  `id_oficio` int(10) unsigned NOT NULL,
  `id_usuario` int(10) unsigned NOT NULL,
  `path` varchar(255) COLLATE utf8_unicode_ci NOT NULL,
  `created_at` timestamp NOT NULL DEFAULT '0000-00-00 00:00:00',
  `updated_at` timestamp NOT NULL DEFAULT '0000-00-00 00:00:00',
  PRIMARY KEY (`id`)
) ENGINE=InnoDB DEFAULT CHARSET=utf8 COLLATE=utf8_unicode_ci AUTO_INCREMENT=1 ;

-- --------------------------------------------------------

--
-- Estructura de tabla para la tabla `celulares`
--

CREATE TABLE IF NOT EXISTS `celulares` (
  `id` int(10) unsigned NOT NULL AUTO_INCREMENT,
  `id_persona` int(10) unsigned NOT NULL,
  `id_compania` int(10) unsigned NOT NULL,
  `nro` int(11) NOT NULL,
  `created_at` timestamp NOT NULL DEFAULT '0000-00-00 00:00:00',
  `updated_at` timestamp NOT NULL DEFAULT '0000-00-00 00:00:00',
  PRIMARY KEY (`id`)
) ENGINE=InnoDB DEFAULT CHARSET=utf8 COLLATE=utf8_unicode_ci AUTO_INCREMENT=1 ;

-- --------------------------------------------------------

--
-- Estructura de tabla para la tabla `combo_si_no`
--

CREATE TABLE IF NOT EXISTS `combo_si_no` (
  `id` int(10) unsigned NOT NULL AUTO_INCREMENT,
  `descripcion` varchar(255) COLLATE utf8_unicode_ci NOT NULL,
  `created_at` timestamp NOT NULL DEFAULT '0000-00-00 00:00:00',
  `updated_at` timestamp NOT NULL DEFAULT '0000-00-00 00:00:00',
  PRIMARY KEY (`id`)
) ENGINE=InnoDB  DEFAULT CHARSET=utf8 COLLATE=utf8_unicode_ci AUTO_INCREMENT=4 ;

--
-- Volcado de datos para la tabla `combo_si_no`
--

INSERT INTO `combo_si_no` (`id`, `descripcion`, `created_at`, `updated_at`) VALUES
(1, 'S/D', '0000-00-00 00:00:00', '0000-00-00 00:00:00'),
(2, 'Si', '0000-00-00 00:00:00', '0000-00-00 00:00:00'),
(3, 'No', '0000-00-00 00:00:00', '0000-00-00 00:00:00');

-- --------------------------------------------------------

--
-- Estructura de tabla para la tabla `compania_celular`
--

CREATE TABLE IF NOT EXISTS `compania_celular` (
  `id` int(10) unsigned NOT NULL AUTO_INCREMENT,
  `descripcion` varchar(255) COLLATE utf8_unicode_ci NOT NULL,
  `created_at` timestamp NOT NULL DEFAULT '0000-00-00 00:00:00',
  `updated_at` timestamp NOT NULL DEFAULT '0000-00-00 00:00:00',
  PRIMARY KEY (`id`)
) ENGINE=InnoDB  DEFAULT CHARSET=utf8 COLLATE=utf8_unicode_ci AUTO_INCREMENT=7 ;

--
-- Volcado de datos para la tabla `compania_celular`
--

INSERT INTO `compania_celular` (`id`, `descripcion`, `created_at`, `updated_at`) VALUES
(1, 'S/D', '2014-07-12 15:25:16', '2014-07-12 15:25:16'),
(2, 'Claro', '2014-07-12 15:25:16', '2014-07-12 15:25:16'),
(3, 'Personal', '2014-07-12 15:25:16', '2014-07-12 15:25:16'),
(4, 'Nextel', '2014-07-12 15:25:16', '2014-07-12 15:25:16'),
(5, 'Movistar', '2014-07-12 15:25:16', '2014-07-12 15:25:16'),
(6, 'Otros', '2014-07-12 15:25:16', '2014-07-12 15:25:16');

-- --------------------------------------------------------

--
-- Estructura de tabla para la tabla `departamentos`
--

CREATE TABLE IF NOT EXISTS `departamentos` (
  `id` int(10) unsigned NOT NULL AUTO_INCREMENT,
  `id_provincia` int(10) unsigned NOT NULL,
  `descripcion` varchar(255) COLLATE utf8_unicode_ci NOT NULL,
  `created_at` timestamp NOT NULL DEFAULT '0000-00-00 00:00:00',
  `updated_at` timestamp NOT NULL DEFAULT '0000-00-00 00:00:00',
  PRIMARY KEY (`id`)
) ENGINE=InnoDB  DEFAULT CHARSET=utf8 COLLATE=utf8_unicode_ci AUTO_INCREMENT=575 ;

--
-- Volcado de datos para la tabla `departamentos`
--

INSERT INTO `departamentos` (`id`, `id_provincia`, `descripcion`, `created_at`, `updated_at`) VALUES
(1, 1, 'AZUL', '2014-07-12 15:25:13', '2014-07-12 15:25:13'),
(2, 1, 'PUAN', '2014-07-12 15:25:13', '2014-07-12 15:25:13'),
(3, 1, 'LA MATANZA', '2014-07-12 15:25:13', '2014-07-12 15:25:13'),
(4, 1, 'TIGRE', '2014-07-12 15:25:13', '2014-07-12 15:25:13'),
(5, 1, '25 DE MAYO', '2014-07-12 15:25:13', '2014-07-12 15:25:13'),
(6, 1, 'TRENQUE LAUQUEN', '2014-07-12 15:25:13', '2014-07-12 15:25:13'),
(7, 1, '9 DE JULIO', '2014-07-12 15:25:13', '2014-07-12 15:25:13'),
(8, 1, 'LANUS', '2014-07-12 15:25:13', '2014-07-12 15:25:13'),
(9, 1, 'LA PLATA', '2014-07-12 15:25:13', '2014-07-12 15:25:13'),
(10, 1, 'MONTE', '2014-07-12 15:25:13', '2014-07-12 15:25:13'),
(11, 1, 'PEHUAJO', '2014-07-12 15:25:13', '2014-07-12 15:25:13'),
(12, 1, 'SAN ISIDRO', '2014-07-12 15:25:13', '2014-07-12 15:25:13'),
(13, 1, 'PERGAMINO', '2014-07-12 15:25:13', '2014-07-12 15:25:13'),
(14, 1, 'ALBERTI', '2014-07-12 15:25:13', '2014-07-12 15:25:13'),
(15, 1, 'CHASCOMUS', '2014-07-12 15:25:13', '2014-07-12 15:25:13'),
(16, 1, 'ESTEBAN ECHEVERRIA', '2014-07-12 15:25:13', '2014-07-12 15:25:13'),
(17, 1, 'MERCEDES', '2014-07-12 15:25:13', '2014-07-12 15:25:13'),
(18, 1, 'BAHIA BLANCA', '2014-07-12 15:25:13', '2014-07-12 15:25:13'),
(19, 1, 'MERLO', '2014-07-12 15:25:13', '2014-07-12 15:25:13'),
(20, 1, 'JUNIN', '2014-07-12 15:25:13', '2014-07-12 15:25:13'),
(21, 1, 'GUAMINI', '2014-07-12 15:25:13', '2014-07-12 15:25:13'),
(22, 1, 'LUJAN', '2014-07-12 15:25:13', '2014-07-12 15:25:13'),
(23, 1, 'LEANDRO N.ALEM', '2014-07-12 15:25:13', '2014-07-12 15:25:13'),
(24, 1, 'MATANZA', '2014-07-12 15:25:13', '2014-07-12 15:25:13'),
(25, 1, 'GENERAL PAZ', '2014-07-12 15:25:13', '2014-07-12 15:25:13'),
(26, 1, 'SAN VICENTE', '2014-07-12 15:25:13', '2014-07-12 15:25:13'),
(27, 1, 'CAÑUELAS', '2014-07-12 15:25:13', '2014-07-12 15:25:13'),
(28, 1, 'ALMIRANTE BROWN', '2014-07-12 15:25:13', '2014-07-12 15:25:13'),
(29, 1, 'CNL.DE MARINA  L.ROSALES', '2014-07-12 15:25:13', '2014-07-12 15:25:13'),
(30, 1, 'BARADERO', '2014-07-12 15:25:13', '2014-07-12 15:25:13'),
(31, 1, 'SAAVEDRA', '2014-07-12 15:25:13', '2014-07-12 15:25:13'),
(32, 1, 'BRANDSEN', '2014-07-12 15:25:13', '2014-07-12 15:25:13'),
(33, 1, 'GENERAL SARMIENTO', '2014-07-12 15:25:13', '2014-07-12 15:25:13'),
(34, 1, 'TAPALQUE', '2014-07-12 15:25:13', '2014-07-12 15:25:13'),
(35, 1, 'SALADILLO', '2014-07-12 15:25:13', '2014-07-12 15:25:13'),
(36, 1, 'MAGDALENA', '2014-07-12 15:25:13', '2014-07-12 15:25:13'),
(37, 1, 'GONZALES CHAVES', '2014-07-12 15:25:13', '2014-07-12 15:25:13'),
(38, 1, 'GENERAL PINTO', '2014-07-12 15:25:13', '2014-07-12 15:25:13'),
(39, 1, 'NAVARRO', '2014-07-12 15:25:13', '2014-07-12 15:25:13'),
(40, 1, 'DAIREAUX', '2014-07-12 15:25:13', '2014-07-12 15:25:13'),
(41, 1, 'LOBOS', '2014-07-12 15:25:13', '2014-07-12 15:25:13'),
(42, 1, 'CORONEL DORREGO', '2014-07-12 15:25:13', '2014-07-12 15:25:13'),
(43, 1, 'ADOLFO ALSINA', '2014-07-12 15:25:13', '2014-07-12 15:25:13'),
(44, 1, 'COLON', '2014-07-12 15:25:13', '2014-07-12 15:25:13'),
(45, 1, 'GENERAL ARENALES', '2014-07-12 15:25:13', '2014-07-12 15:25:13'),
(46, 1, 'LINCOLN', '2014-07-12 15:25:13', '2014-07-12 15:25:13'),
(47, 1, 'VILLARINO', '2014-07-12 15:25:13', '2014-07-12 15:25:13'),
(48, 1, 'VICENTE LOPEZ', '2014-07-12 15:25:13', '2014-07-12 15:25:13'),
(49, 1, 'BARTOLOME MITRE', '2014-07-12 15:25:13', '2014-07-12 15:25:13'),
(50, 1, 'EXALTACION DE LA CRUZ', '2014-07-12 15:25:13', '2014-07-12 15:25:13'),
(51, 1, 'SALTO', '2014-07-12 15:25:13', '2014-07-12 15:25:13'),
(52, 1, 'BRAGADO', '2014-07-12 15:25:13', '2014-07-12 15:25:13'),
(53, 1, 'ZARATE', '2014-07-12 15:25:13', '2014-07-12 15:25:13'),
(54, 1, 'AVELLANEDA', '2014-07-12 15:25:13', '2014-07-12 15:25:13'),
(55, 1, 'AYACUCHO', '2014-07-12 15:25:13', '2014-07-12 15:25:13'),
(56, 1, 'SAN ANDRES DE GILES', '2014-07-12 15:25:13', '2014-07-12 15:25:13'),
(57, 1, 'TANDIL', '2014-07-12 15:25:13', '2014-07-12 15:25:13'),
(58, 1, 'RIVADAVIA', '2014-07-12 15:25:13', '2014-07-12 15:25:13'),
(59, 1, 'PATAGONES', '2014-07-12 15:25:13', '2014-07-12 15:25:13'),
(60, 1, 'GRL.VIAMONTE', '2014-07-12 15:25:13', '2014-07-12 15:25:13'),
(61, 1, 'CNL.DE MARINA LEONARDO ROSALES', '2014-07-12 15:25:13', '2014-07-12 15:25:13'),
(62, 1, 'BALCARCE', '2014-07-12 15:25:13', '2014-07-12 15:25:13'),
(63, 1, 'TRES ARROYOS', '2014-07-12 15:25:13', '2014-07-12 15:25:13'),
(64, 1, 'GENERAL VILLEGAS', '2014-07-12 15:25:13', '2014-07-12 15:25:13'),
(65, 1, 'LOMAS DE ZAMORA', '2014-07-12 15:25:13', '2014-07-12 15:25:13'),
(66, 1, 'BERISSO', '2014-07-12 15:25:13', '2014-07-12 15:25:13'),
(67, 1, 'JUAREZ', '2014-07-12 15:25:13', '2014-07-12 15:25:13'),
(68, 1, 'GRL.PUEYRREDON', '2014-07-12 15:25:13', '2014-07-12 15:25:13'),
(69, 1, 'CORONEL SUAREZ', '2014-07-12 15:25:13', '2014-07-12 15:25:13'),
(70, 1, 'ESCOBAR', '2014-07-12 15:25:13', '2014-07-12 15:25:13'),
(71, 1, 'CARLOS CASARES', '2014-07-12 15:25:13', '2014-07-12 15:25:13'),
(72, 1, 'CHIVILCOY', '2014-07-12 15:25:13', '2014-07-12 15:25:13'),
(73, 1, 'BERAZATEGUI', '2014-07-12 15:25:13', '2014-07-12 15:25:13'),
(74, 1, 'QUILMES', '2014-07-12 15:25:13', '2014-07-12 15:25:13'),
(75, 1, 'TORQUINST', '2014-07-12 15:25:13', '2014-07-12 15:25:13'),
(76, 1, '3 DE FEBRERO', '2014-07-12 15:25:13', '2014-07-12 15:25:13'),
(77, 1, 'OLAVARRIA', '2014-07-12 15:25:13', '2014-07-12 15:25:13'),
(78, 1, 'PELLEGRINI', '2014-07-12 15:25:13', '2014-07-12 15:25:13'),
(79, 1, 'GENERAL BELGANO', '2014-07-12 15:25:13', '2014-07-12 15:25:13'),
(80, 1, 'FLORENCIO VARELA', '2014-07-12 15:25:13', '2014-07-12 15:25:13'),
(81, 1, 'SALLIQUELO', '2014-07-12 15:25:13', '2014-07-12 15:25:13'),
(82, 1, 'CNL.DE MARINA L.ROSALES', '2014-07-12 15:25:13', '2014-07-12 15:25:13'),
(83, 1, 'MAR CHIQUITA', '2014-07-12 15:25:13', '2014-07-12 15:25:13'),
(84, 1, 'GENERAL PUEYRREDON', '2014-07-12 15:25:13', '2014-07-12 15:25:13'),
(85, 1, 'CAMPANA', '2014-07-12 15:25:13', '2014-07-12 15:25:13'),
(86, 1, 'GRL.SARMIENTO', '2014-07-12 15:25:13', '2014-07-12 15:25:13'),
(87, 1, 'ROJAS', '2014-07-12 15:25:13', '2014-07-12 15:25:13'),
(88, 1, 'SARMIENTO', '2014-07-12 15:25:13', '2014-07-12 15:25:13'),
(89, 1, 'CARMEN DE ARECO', '2014-07-12 15:25:13', '2014-07-12 15:25:13'),
(90, 1, 'PILA', '2014-07-12 15:25:13', '2014-07-12 15:25:13'),
(91, 1, 'TRES DE FEBRERO', '2014-07-12 15:25:13', '2014-07-12 15:25:13'),
(92, 1, 'MORON', '2014-07-12 15:25:13', '2014-07-12 15:25:13'),
(93, 1, 'CASTELLI', '2014-07-12 15:25:13', '2014-07-12 15:25:13'),
(94, 1, 'CHACABUCO', '2014-07-12 15:25:13', '2014-07-12 15:25:13'),
(95, 1, 'GENERAL VIAMONTE', '2014-07-12 15:25:13', '2014-07-12 15:25:13'),
(96, 1, 'RAUCH', '2014-07-12 15:25:13', '2014-07-12 15:25:13'),
(97, 1, 'GENERAL BELGRANO', '2014-07-12 15:25:13', '2014-07-12 15:25:13'),
(98, 1, 'TORNQUIST', '2014-07-12 15:25:13', '2014-07-12 15:25:13'),
(99, 1, 'NECOCHEA', '2014-07-12 15:25:13', '2014-07-12 15:25:13'),
(100, 1, 'MARCOS PAZ', '2014-07-12 15:25:13', '2014-07-12 15:25:13'),
(101, 1, 'CARLOS TEJEDOR', '2014-07-12 15:25:13', '2014-07-12 15:25:13'),
(102, 1, 'SAN PEDRO', '2014-07-12 15:25:13', '2014-07-12 15:25:13'),
(103, 1, 'GENERAL ALVARADO', '2014-07-12 15:25:13', '2014-07-12 15:25:13'),
(104, 1, 'SAN NICOLAS', '2014-07-12 15:25:13', '2014-07-12 15:25:13'),
(105, 1, 'HIPOLITO YRIGOYEN', '2014-07-12 15:25:13', '2014-07-12 15:25:13'),
(106, 1, 'LAS FLORES', '2014-07-12 15:25:13', '2014-07-12 15:25:13'),
(107, 1, 'CORONEL PRINGLES', '2014-07-12 15:25:13', '2014-07-12 15:25:13'),
(108, 1, 'GENERAL SAN MARTIN', '2014-07-12 15:25:13', '2014-07-12 15:25:13'),
(109, 1, 'BENITO JUAREZ', '2014-07-12 15:25:13', '2014-07-12 15:25:13'),
(110, 1, 'SAN CAYETANO', '2014-07-12 15:25:13', '2014-07-12 15:25:13'),
(111, 1, 'ADOLFO GONZALES CHAVES', '2014-07-12 15:25:13', '2014-07-12 15:25:13'),
(112, 1, 'DOLORES', '2014-07-12 15:25:13', '2014-07-12 15:25:13'),
(113, 1, 'SAN ANTONIO', '2014-07-12 15:25:13', '2014-07-12 15:25:13'),
(114, 1, 'LOBERIA', '2014-07-12 15:25:13', '2014-07-12 15:25:13'),
(115, 1, 'RAMALLO', '2014-07-12 15:25:13', '2014-07-12 15:25:13'),
(116, 1, 'GENERAL ALVEAR', '2014-07-12 15:25:13', '2014-07-12 15:25:13'),
(117, 1, 'ENSENADA', '2014-07-12 15:25:13', '2014-07-12 15:25:13'),
(118, 1, 'TORDILLO', '2014-07-12 15:25:13', '2014-07-12 15:25:13'),
(119, 1, 'GENERAL GUIDO', '2014-07-12 15:25:14', '2014-07-12 15:25:14'),
(120, 1, 'GENERAL LAS HERAS', '2014-07-12 15:25:14', '2014-07-12 15:25:14'),
(121, 1, 'GENERAL JUAN MADARIAGA', '2014-07-12 15:25:14', '2014-07-12 15:25:14'),
(122, 1, 'GENERAL LA MADRID', '2014-07-12 15:25:14', '2014-07-12 15:25:14'),
(123, 1, 'GENERAL LAVALLE', '2014-07-12 15:25:14', '2014-07-12 15:25:14'),
(124, 1, 'GENERAL RODRIGUEZ', '2014-07-12 15:25:14', '2014-07-12 15:25:14'),
(125, 1, 'GENERAL VLLEGAS', '2014-07-12 15:25:14', '2014-07-12 15:25:14'),
(126, 1, 'ADOLFO GONZALEZ CHAVES', '2014-07-12 15:25:14', '2014-07-12 15:25:14'),
(127, 1, 'CORONEL DE MARINA L.ROSALES', '2014-07-12 15:25:14', '2014-07-12 15:25:14'),
(128, 1, 'BOLIVAR', '2014-07-12 15:25:14', '2014-07-12 15:25:14'),
(129, 1, 'SAN FERNANDO', '2014-07-12 15:25:14', '2014-07-12 15:25:14'),
(130, 1, 'CAPITAN SARMIENTO', '2014-07-12 15:25:14', '2014-07-12 15:25:14'),
(131, 1, 'ROQUE PEREZ', '2014-07-12 15:25:14', '2014-07-12 15:25:14'),
(132, 1, 'MORENO', '2014-07-12 15:25:14', '2014-07-12 15:25:14'),
(133, 1, 'LAPRIDA', '2014-07-12 15:25:14', '2014-07-12 15:25:14'),
(134, 1, 'MAIPU', '2014-07-12 15:25:14', '2014-07-12 15:25:14'),
(135, 1, 'ECHEVERRIA', '2014-07-12 15:25:14', '2014-07-12 15:25:14'),
(136, 1, 'PILAR', '2014-07-12 15:25:14', '2014-07-12 15:25:14'),
(137, 1, 'CORONEL DE MARINA L. ROSALES', '2014-07-12 15:25:14', '2014-07-12 15:25:14'),
(138, 1, 'SUIPACHA', '2014-07-12 15:25:14', '2014-07-12 15:25:14'),
(139, 1, 'SAN ANTONIO DE ARECO', '2014-07-12 15:25:14', '2014-07-12 15:25:14'),
(140, 1, 'BARAZATEGUI', '2014-07-12 15:25:14', '2014-07-12 15:25:14'),
(141, 1, 'ALSINA', '2014-07-12 15:25:14', '2014-07-12 15:25:14'),
(142, 1, 'LEANDRO N. ELEM', '2014-07-12 15:25:14', '2014-07-12 15:25:14'),
(143, 1, 'GRL.SAN MARTIN', '2014-07-12 15:25:14', '2014-07-12 15:25:14'),
(144, 1, 'CORONEL', '2014-07-12 15:25:14', '2014-07-12 15:25:14'),
(145, 2, 'CAPAYAN', '2014-07-12 15:25:14', '2014-07-12 15:25:14'),
(146, 2, 'ANDALGALA', '2014-07-12 15:25:14', '2014-07-12 15:25:14'),
(147, 2, 'EL ALTO', '2014-07-12 15:25:14', '2014-07-12 15:25:14'),
(148, 2, 'SANTA ROSA', '2014-07-12 15:25:14', '2014-07-12 15:25:14'),
(149, 2, 'ANCASTI', '2014-07-12 15:25:14', '2014-07-12 15:25:14'),
(150, 2, 'PACLIN', '2014-07-12 15:25:14', '2014-07-12 15:25:14'),
(151, 2, 'SANTA MARIA', '2014-07-12 15:25:14', '2014-07-12 15:25:14'),
(152, 2, 'TINOGASTA', '2014-07-12 15:25:14', '2014-07-12 15:25:14'),
(153, 2, 'LA PAZ', '2014-07-12 15:25:14', '2014-07-12 15:25:14'),
(154, 2, 'VALLE VIEJO', '2014-07-12 15:25:14', '2014-07-12 15:25:14'),
(155, 2, 'ANTOFAGASTA DE LA SIERRA', '2014-07-12 15:25:14', '2014-07-12 15:25:14'),
(156, 2, 'BELEN', '2014-07-12 15:25:14', '2014-07-12 15:25:14'),
(157, 2, 'CAPITAL', '2014-07-12 15:25:14', '2014-07-12 15:25:14'),
(158, 2, 'FRAY MAMERTO ESQUIU', '2014-07-12 15:25:14', '2014-07-12 15:25:14'),
(159, 2, 'POMAN', '2014-07-12 15:25:14', '2014-07-12 15:25:14'),
(160, 2, 'AMBATO', '2014-07-12 15:25:14', '2014-07-12 15:25:14'),
(161, 3, 'INDEPENDENCIA', '2014-07-12 15:25:14', '2014-07-12 15:25:14'),
(162, 3, 'SAN FERNANDO', '2014-07-12 15:25:14', '2014-07-12 15:25:14'),
(163, 3, 'PRIMERO DE MAYO', '2014-07-12 15:25:14', '2014-07-12 15:25:14'),
(164, 3, 'FRAY JUSTO SANTA MARIA DE ORO', '2014-07-12 15:25:14', '2014-07-12 15:25:14'),
(165, 3, 'SARGENTO CABRAL', '2014-07-12 15:25:14', '2014-07-12 15:25:14'),
(166, 3, 'GENERAL GUEMES', '2014-07-12 15:25:14', '2014-07-12 15:25:14'),
(167, 3, 'TAPENAGA', '2014-07-12 15:25:14', '2014-07-12 15:25:14'),
(168, 3, 'CHACABUCO', '2014-07-12 15:25:14', '2014-07-12 15:25:14'),
(169, 3, 'LIBERTADOR GRL.SAN MARTIN', '2014-07-12 15:25:14', '2014-07-12 15:25:14'),
(170, 3, '25 DE MAYO', '2014-07-12 15:25:14', '2014-07-12 15:25:14'),
(171, 3, '12 DE OCTUBRE', '2014-07-12 15:25:14', '2014-07-12 15:25:14'),
(172, 3, 'COMANDANTE FERNANDEZ', '2014-07-12 15:25:14', '2014-07-12 15:25:14'),
(173, 3, 'QUITILIPI', '2014-07-12 15:25:14', '2014-07-12 15:25:14'),
(174, 3, 'MAYOR LUIS J.FONTANA', '2014-07-12 15:25:14', '2014-07-12 15:25:14'),
(175, 3, 'LIBERTAD', '2014-07-12 15:25:14', '2014-07-12 15:25:14'),
(176, 3, 'BERMEJO', '2014-07-12 15:25:14', '2014-07-12 15:25:14'),
(177, 3, 'ALMIRANTE BROWN', '2014-07-12 15:25:14', '2014-07-12 15:25:14'),
(178, 3, 'MEYOR LUIS J.FONTANA', '2014-07-12 15:25:14', '2014-07-12 15:25:14'),
(179, 3, 'GENERAL BELGRANO', '2014-07-12 15:25:14', '2014-07-12 15:25:14'),
(180, 3, 'LIBERTADOR GRL. SAN MARTIN', '2014-07-12 15:25:14', '2014-07-12 15:25:14'),
(181, 3, 'GENERAL DONOVAN', '2014-07-12 15:25:14', '2014-07-12 15:25:14'),
(182, 3, 'SAN LORENZO', '2014-07-12 15:25:14', '2014-07-12 15:25:14'),
(183, 3, 'LEBERTADOR GRL.SAN MARTIN', '2014-07-12 15:25:14', '2014-07-12 15:25:14'),
(184, 3, 'MAIPU', '2014-07-12 15:25:14', '2014-07-12 15:25:14'),
(185, 3, 'O''HIGGINS', '2014-07-12 15:25:14', '2014-07-12 15:25:14'),
(186, 3, '9 DE JULIO', '2014-07-12 15:25:14', '2014-07-12 15:25:14'),
(187, 3, 'LIBERTADOR SAN MARTIN', '2014-07-12 15:25:14', '2014-07-12 15:25:14'),
(188, 4, 'RIO SENGUERR', '2014-07-12 15:25:14', '2014-07-12 15:25:14'),
(189, 4, 'MARTIRES', '2014-07-12 15:25:14', '2014-07-12 15:25:14'),
(190, 4, 'ESCALANTE', '2014-07-12 15:25:14', '2014-07-12 15:25:14'),
(191, 4, 'GAIMAN', '2014-07-12 15:25:14', '2014-07-12 15:25:14'),
(192, 4, 'SARMIENTO', '2014-07-12 15:25:14', '2014-07-12 15:25:14'),
(193, 4, 'CUSHAMEN', '2014-07-12 15:25:14', '2014-07-12 15:25:14'),
(194, 4, 'FLORENTINO AMEGHINO', '2014-07-12 15:25:14', '2014-07-12 15:25:14'),
(195, 4, 'PASO DE INDIOS', '2014-07-12 15:25:14', '2014-07-12 15:25:14'),
(196, 4, 'TELSEN', '2014-07-12 15:25:14', '2014-07-12 15:25:14'),
(197, 4, 'LANGUIÑEO', '2014-07-12 15:25:14', '2014-07-12 15:25:14'),
(198, 4, 'GASTRE', '2014-07-12 15:25:14', '2014-07-12 15:25:14'),
(199, 4, 'FUTALEUFU', '2014-07-12 15:25:14', '2014-07-12 15:25:14'),
(200, 4, 'TEHUELCHES', '2014-07-12 15:25:14', '2014-07-12 15:25:14'),
(201, 4, 'RAWSON', '2014-07-12 15:25:14', '2014-07-12 15:25:14'),
(202, 4, 'VIEDMA', '2014-07-12 15:25:14', '2014-07-12 15:25:14'),
(203, 5, 'RIO CUARTO', '2014-07-12 15:25:14', '2014-07-12 15:25:14'),
(204, 5, 'TOTORAL', '2014-07-12 15:25:14', '2014-07-12 15:25:14'),
(205, 5, 'COLON', '2014-07-12 15:25:14', '2014-07-12 15:25:14'),
(206, 5, 'MINAS', '2014-07-12 15:25:14', '2014-07-12 15:25:14'),
(207, 5, 'PUNILLA', '2014-07-12 15:25:14', '2014-07-12 15:25:14'),
(208, 5, 'JUAREZ CELMAN', '2014-07-12 15:25:14', '2014-07-12 15:25:14'),
(209, 5, 'MARCOS JUAREZ', '2014-07-12 15:25:14', '2014-07-12 15:25:14'),
(210, 5, 'SAN JUSTO', '2014-07-12 15:25:14', '2014-07-12 15:25:14'),
(211, 5, 'TERCERO ARRIBA', '2014-07-12 15:25:14', '2014-07-12 15:25:14'),
(212, 5, 'RIO SECO', '2014-07-12 15:25:14', '2014-07-12 15:25:14'),
(213, 5, 'CAPITAL', '2014-07-12 15:25:14', '2014-07-12 15:25:14'),
(214, 5, 'SANTA MARIA', '2014-07-12 15:25:14', '2014-07-12 15:25:14'),
(215, 5, 'SAN ALBERTO', '2014-07-12 15:25:14', '2014-07-12 15:25:14'),
(216, 5, 'UNION', '2014-07-12 15:25:14', '2014-07-12 15:25:14'),
(217, 5, 'POCHO', '2014-07-12 15:25:14', '2014-07-12 15:25:14'),
(218, 5, 'CALAMUCHITA', '2014-07-12 15:25:14', '2014-07-12 15:25:14'),
(219, 5, 'ISCHILIN', '2014-07-12 15:25:14', '2014-07-12 15:25:14'),
(220, 5, 'GENERAL SAN MARTIN', '2014-07-12 15:25:14', '2014-07-12 15:25:14'),
(221, 5, 'RIO PRIMERO', '2014-07-12 15:25:14', '2014-07-12 15:25:14'),
(222, 5, 'CRUZ DEL EJE', '2014-07-12 15:25:14', '2014-07-12 15:25:14'),
(223, 5, 'GRL.ROCA', '2014-07-12 15:25:14', '2014-07-12 15:25:14'),
(224, 5, 'GENERAL ROCA', '2014-07-12 15:25:14', '2014-07-12 15:25:14'),
(225, 5, 'SOBREMONTE', '2014-07-12 15:25:14', '2014-07-12 15:25:14'),
(226, 5, 'RIO SEGUNDO', '2014-07-12 15:25:14', '2014-07-12 15:25:14'),
(227, 5, 'TULUMBA', '2014-07-12 15:25:14', '2014-07-12 15:25:14'),
(228, 5, 'SAN JAVIER', '2014-07-12 15:25:14', '2014-07-12 15:25:14'),
(229, 5, 'PRESIDENTE ROQUE SAEZ PEÑA', '2014-07-12 15:25:14', '2014-07-12 15:25:14'),
(230, 5, 'PRESIDENTE ROQUE SAENZ PEÑA', '2014-07-12 15:25:14', '2014-07-12 15:25:14'),
(232, 5, 'CRUZ DE EJE', '2014-07-12 15:25:14', '2014-07-12 15:25:14'),
(233, 5, 'CORONEL PRINGLES', '2014-07-12 15:25:14', '2014-07-12 15:25:14'),
(234, 5, 'RIO TERCERO', '2014-07-12 15:25:14', '2014-07-12 15:25:14'),
(235, 5, 'CVALAMUCHITA', '2014-07-12 15:25:14', '2014-07-12 15:25:14'),
(236, 6, 'SAN ROQUE', '2014-07-12 15:25:14', '2014-07-12 15:25:14'),
(237, 6, 'MONTE CASEROS', '2014-07-12 15:25:14', '2014-07-12 15:25:14'),
(238, 6, 'GENERAL ALVEAR', '2014-07-12 15:25:14', '2014-07-12 15:25:14'),
(239, 6, 'CURUZU CUATIA', '2014-07-12 15:25:14', '2014-07-12 15:25:14'),
(240, 6, 'SAN MARTIN', '2014-07-12 15:25:14', '2014-07-12 15:25:14'),
(241, 6, 'MERCEDES', '2014-07-12 15:25:14', '2014-07-12 15:25:14'),
(242, 6, 'SALADAS', '2014-07-12 15:25:14', '2014-07-12 15:25:14'),
(243, 6, 'ITUZAINGO', '2014-07-12 15:25:14', '2014-07-12 15:25:14'),
(244, 6, 'BERON DE ASTRADA', '2014-07-12 15:25:14', '2014-07-12 15:25:14'),
(245, 6, 'BELLA VISTA', '2014-07-12 15:25:14', '2014-07-12 15:25:14'),
(246, 6, 'SAN LUIS DEL PALMAR', '2014-07-12 15:25:14', '2014-07-12 15:25:14'),
(247, 6, 'CAPITAL', '2014-07-12 15:25:14', '2014-07-12 15:25:14'),
(248, 6, 'LAVALLE', '2014-07-12 15:25:14', '2014-07-12 15:25:14'),
(249, 6, 'PASO DE LOS LIBRES', '2014-07-12 15:25:14', '2014-07-12 15:25:14'),
(250, 6, 'GOYA', '2014-07-12 15:25:14', '2014-07-12 15:25:14'),
(251, 6, 'EMPEDRADO', '2014-07-12 15:25:14', '2014-07-12 15:25:14'),
(252, 6, 'SAUCE', '2014-07-12 15:25:14', '2014-07-12 15:25:14'),
(253, 6, 'GENERAL PAZ', '2014-07-12 15:25:14', '2014-07-12 15:25:14'),
(254, 6, 'SANTO TOME', '2014-07-12 15:25:14', '2014-07-12 15:25:14'),
(255, 6, 'SAN MIGUEL', '2014-07-12 15:25:14', '2014-07-12 15:25:14'),
(256, 6, 'CONCEPCION', '2014-07-12 15:25:14', '2014-07-12 15:25:14'),
(257, 6, 'ESQUINA', '2014-07-12 15:25:14', '2014-07-12 15:25:14'),
(258, 6, 'SAN COSME', '2014-07-12 15:25:14', '2014-07-12 15:25:14'),
(259, 6, 'ITATI', '2014-07-12 15:25:14', '2014-07-12 15:25:14'),
(260, 6, 'MBURUCUYA', '2014-07-12 15:25:14', '2014-07-12 15:25:14'),
(261, 7, 'URUGUAY', '2014-07-12 15:25:14', '2014-07-12 15:25:14'),
(262, 7, 'NOGOYA', '2014-07-12 15:25:14', '2014-07-12 15:25:14'),
(263, 7, 'TALA', '2014-07-12 15:25:14', '2014-07-12 15:25:14'),
(264, 7, 'GUALEGUAY', '2014-07-12 15:25:14', '2014-07-12 15:25:14'),
(265, 7, 'DIAMANTE', '2014-07-12 15:25:14', '2014-07-12 15:25:14'),
(266, 7, 'PARANA', '2014-07-12 15:25:14', '2014-07-12 15:25:14'),
(267, 7, 'GUALEGUAYCHU', '2014-07-12 15:25:14', '2014-07-12 15:25:14'),
(268, 7, 'COLON', '2014-07-12 15:25:14', '2014-07-12 15:25:14'),
(269, 7, 'VICTORIA', '2014-07-12 15:25:14', '2014-07-12 15:25:14'),
(270, 7, 'VILLAGUAY', '2014-07-12 15:25:14', '2014-07-12 15:25:14'),
(271, 7, 'FELICIANO', '2014-07-12 15:25:14', '2014-07-12 15:25:14'),
(272, 7, 'CONCORDIA', '2014-07-12 15:25:14', '2014-07-12 15:25:14'),
(273, 7, 'LA PAZ', '2014-07-12 15:25:14', '2014-07-12 15:25:14'),
(274, 7, 'FEDERACION', '2014-07-12 15:25:14', '2014-07-12 15:25:14'),
(275, 7, 'FEDERAL', '2014-07-12 15:25:14', '2014-07-12 15:25:14'),
(276, 7, 'CASTELLANOS', '2014-07-12 15:25:14', '2014-07-12 15:25:14'),
(277, 8, 'PILAGAS', '2014-07-12 15:25:14', '2014-07-12 15:25:14'),
(278, 8, 'PATIÑO', '2014-07-12 15:25:14', '2014-07-12 15:25:14'),
(279, 8, 'PILCOMAYO', '2014-07-12 15:25:14', '2014-07-12 15:25:14'),
(280, 8, 'BERMEJO', '2014-07-12 15:25:14', '2014-07-12 15:25:14'),
(281, 8, 'PIRANE', '2014-07-12 15:25:14', '2014-07-12 15:25:14'),
(282, 8, 'FORMOSA', '2014-07-12 15:25:14', '2014-07-12 15:25:14'),
(283, 8, 'MATACOS', '2014-07-12 15:25:14', '2014-07-12 15:25:14'),
(284, 8, 'RAMON LISTA', '2014-07-12 15:25:14', '2014-07-12 15:25:14'),
(285, 8, 'PILLAGAS', '2014-07-12 15:25:14', '2014-07-12 15:25:14'),
(286, 8, 'LAISHI', '2014-07-12 15:25:14', '2014-07-12 15:25:14'),
(287, 9, 'LEDESMA', '2014-07-12 15:25:14', '2014-07-12 15:25:14'),
(288, 9, 'COCHINOCA', '2014-07-12 15:25:14', '2014-07-12 15:25:14'),
(289, 9, 'EL CARMEN', '2014-07-12 15:25:14', '2014-07-12 15:25:14'),
(290, 9, 'TUMBAYA', '2014-07-12 15:25:14', '2014-07-12 15:25:14'),
(291, 9, 'CAPITAL', '2014-07-12 15:25:14', '2014-07-12 15:25:14'),
(292, 9, 'YAVI', '2014-07-12 15:25:14', '2014-07-12 15:25:14'),
(293, 9, 'HUMAHUACA', '2014-07-12 15:25:14', '2014-07-12 15:25:14'),
(294, 9, 'RINCONADA', '2014-07-12 15:25:14', '2014-07-12 15:25:14'),
(295, 9, 'VALLE GRANDE', '2014-07-12 15:25:14', '2014-07-12 15:25:14'),
(296, 9, 'SUSQUES', '2014-07-12 15:25:14', '2014-07-12 15:25:14'),
(297, 9, 'SANTA CATALINA', '2014-07-12 15:25:14', '2014-07-12 15:25:14'),
(298, 9, 'SAN ANTONIO', '2014-07-12 15:25:14', '2014-07-12 15:25:14'),
(299, 9, 'SANTA BARBARA', '2014-07-12 15:25:14', '2014-07-12 15:25:14'),
(300, 9, 'SAN PEDRO', '2014-07-12 15:25:14', '2014-07-12 15:25:14'),
(301, 9, 'TILCARA', '2014-07-12 15:25:14', '2014-07-12 15:25:14'),
(302, 9, 'LADESMA', '2014-07-12 15:25:14', '2014-07-12 15:25:14'),
(303, 10, 'HUCAL', '2014-07-12 15:25:14', '2014-07-12 15:25:14'),
(304, 10, 'REALICO', '2014-07-12 15:25:14', '2014-07-12 15:25:14'),
(305, 10, 'MARA CO', '2014-07-12 15:25:14', '2014-07-12 15:25:14'),
(306, 10, 'QUEMUQUEMU', '2014-07-12 15:25:14', '2014-07-12 15:25:14'),
(307, 10, 'CHICAL CO', '2014-07-12 15:25:14', '2014-07-12 15:25:14'),
(308, 10, 'GUATRACHE', '2014-07-12 15:25:14', '2014-07-12 15:25:14'),
(309, 10, 'CAPITAL', '2014-07-12 15:25:14', '2014-07-12 15:25:14'),
(310, 10, 'CALEUCALEU', '2014-07-12 15:25:14', '2014-07-12 15:25:14'),
(311, 10, 'TRENEL', '2014-07-12 15:25:14', '2014-07-12 15:25:14'),
(312, 10, 'UTRACAN', '2014-07-12 15:25:14', '2014-07-12 15:25:14'),
(313, 10, 'ATREUCO', '2014-07-12 15:25:14', '2014-07-12 15:25:14'),
(314, 10, 'TOAY', '2014-07-12 15:25:14', '2014-07-12 15:25:14'),
(315, 10, 'CHAPADLEUFU', '2014-07-12 15:25:14', '2014-07-12 15:25:14'),
(316, 10, 'CONELO', '2014-07-12 15:25:14', '2014-07-12 15:25:14'),
(317, 10, 'PUELEN', '2014-07-12 15:25:14', '2014-07-12 15:25:14'),
(318, 10, 'RANCUL', '2014-07-12 15:25:14', '2014-07-12 15:25:14'),
(319, 10, 'QUEMU QUEMU', '2014-07-12 15:25:14', '2014-07-12 15:25:14'),
(320, 10, 'LOVENTUE', '2014-07-12 15:25:14', '2014-07-12 15:25:14'),
(321, 10, 'CONHELO', '2014-07-12 15:25:14', '2014-07-12 15:25:14'),
(322, 10, 'CATRILO', '2014-07-12 15:25:14', '2014-07-12 15:25:14'),
(323, 10, 'CHAPALEUFU', '2014-07-12 15:25:14', '2014-07-12 15:25:14'),
(324, 10, 'ULTRACAN', '2014-07-12 15:25:14', '2014-07-12 15:25:14'),
(325, 10, 'CHALILEO', '2014-07-12 15:25:14', '2014-07-12 15:25:14'),
(326, 10, 'LIHUEL CALEL', '2014-07-12 15:25:14', '2014-07-12 15:25:14'),
(327, 10, 'MARACO', '2014-07-12 15:25:14', '2014-07-12 15:25:14'),
(328, 10, 'CALEU CALEU', '2014-07-12 15:25:14', '2014-07-12 15:25:14'),
(329, 10, 'CURACO', '2014-07-12 15:25:14', '2014-07-12 15:25:14'),
(330, 10, 'LIMAY MAHUIDA', '2014-07-12 15:25:14', '2014-07-12 15:25:14'),
(331, 11, 'CASTRO BARROS', '2014-07-12 15:25:14', '2014-07-12 15:25:14'),
(332, 11, 'GENERAL SAN MARTIN', '2014-07-12 15:25:14', '2014-07-12 15:25:14'),
(333, 11, 'GENERAL LAVALLE', '2014-07-12 15:25:14', '2014-07-12 15:25:14'),
(334, 11, 'ARAUCO', '2014-07-12 15:25:14', '2014-07-12 15:25:14'),
(335, 11, 'GRAL.ANGEL V.PEÑALOZA', '2014-07-12 15:25:14', '2014-07-12 15:25:14'),
(336, 11, 'SAN BLAS DE LOS SAUCES', '2014-07-12 15:25:14', '2014-07-12 15:25:14'),
(337, 11, 'INDEPENDENCIA', '2014-07-12 15:25:14', '2014-07-12 15:25:14'),
(338, 11, 'GENERAL OCAMPO', '2014-07-12 15:25:14', '2014-07-12 15:25:14'),
(339, 11, 'CHILECITO', '2014-07-12 15:25:14', '2014-07-12 15:25:14'),
(340, 11, 'FAMATINA', '2014-07-12 15:25:14', '2014-07-12 15:25:14'),
(341, 11, 'GRL.JUAN FACUNDO QUIROGA', '2014-07-12 15:25:14', '2014-07-12 15:25:14'),
(342, 11, 'GRL.ANGEL V. PEÑALOZA', '2014-07-12 15:25:14', '2014-07-12 15:25:14'),
(343, 11, 'GENERAL BELGRANO', '2014-07-12 15:25:14', '2014-07-12 15:25:14'),
(344, 11, 'GENERAL SARMIENTO', '2014-07-12 15:25:14', '2014-07-12 15:25:14'),
(345, 11, 'CAPITAL', '2014-07-12 15:25:14', '2014-07-12 15:25:14'),
(346, 11, 'GDOR. GORDILLO', '2014-07-12 15:25:14', '2014-07-12 15:25:14'),
(347, 11, 'GENERAL ANGEL VICENTE PEÑALOZA', '2014-07-12 15:25:14', '2014-07-12 15:25:14'),
(348, 11, 'GOBERNADOR GORDILLO', '2014-07-12 15:25:15', '2014-07-12 15:25:15'),
(349, 11, 'ROSARIO VERA PEÑALOZA', '2014-07-12 15:25:15', '2014-07-12 15:25:15'),
(350, 11, 'GRL.SAN MARTIN', '2014-07-12 15:25:15', '2014-07-12 15:25:15'),
(351, 11, 'GENERAL LA MADRID', '2014-07-12 15:25:15', '2014-07-12 15:25:15'),
(352, 11, 'GENERAL JUAN FACUNDO QUIROGA', '2014-07-12 15:25:15', '2014-07-12 15:25:15'),
(353, 11, 'GENERALOCAMPO', '2014-07-12 15:25:15', '2014-07-12 15:25:15'),
(354, 11, 'SANAGASTA', '2014-07-12 15:25:15', '2014-07-12 15:25:15'),
(355, 12, 'SAN RAFAEL', '2014-07-12 15:25:15', '2014-07-12 15:25:15'),
(356, 12, 'LUJAN', '2014-07-12 15:25:15', '2014-07-12 15:25:15'),
(357, 12, 'MALARGUE', '2014-07-12 15:25:15', '2014-07-12 15:25:15'),
(358, 12, 'GUAYMALLEN', '2014-07-12 15:25:15', '2014-07-12 15:25:15'),
(359, 12, 'LAVALLE', '2014-07-12 15:25:15', '2014-07-12 15:25:15'),
(360, 12, 'JUNIN', '2014-07-12 15:25:15', '2014-07-12 15:25:15'),
(361, 12, 'TUPUNGATO', '2014-07-12 15:25:15', '2014-07-12 15:25:15'),
(362, 12, 'RIVADAVIA', '2014-07-12 15:25:15', '2014-07-12 15:25:15'),
(363, 12, 'MAIPU', '2014-07-12 15:25:15', '2014-07-12 15:25:15'),
(364, 12, 'GODOY CRUZ', '2014-07-12 15:25:15', '2014-07-12 15:25:15'),
(365, 12, 'GENERAL ALVEAR', '2014-07-12 15:25:15', '2014-07-12 15:25:15'),
(366, 12, 'LA PAZ', '2014-07-12 15:25:15', '2014-07-12 15:25:15'),
(367, 12, 'TUNUYAN', '2014-07-12 15:25:15', '2014-07-12 15:25:15'),
(368, 12, 'SAN CARLOS', '2014-07-12 15:25:15', '2014-07-12 15:25:15'),
(369, 12, 'LAS HERAS', '2014-07-12 15:25:15', '2014-07-12 15:25:15'),
(370, 12, 'LUJAN DE CUYO', '2014-07-12 15:25:15', '2014-07-12 15:25:15'),
(371, 12, 'SAN MARTIN', '2014-07-12 15:25:15', '2014-07-12 15:25:15'),
(372, 12, 'SANTA ROSA', '2014-07-12 15:25:15', '2014-07-12 15:25:15'),
(373, 12, 'CAPITAL', '2014-07-12 15:25:15', '2014-07-12 15:25:15'),
(374, 13, '25 DE MAYO', '2014-07-12 15:25:15', '2014-07-12 15:25:15'),
(375, 13, 'IGUAZU', '2014-07-12 15:25:15', '2014-07-12 15:25:15'),
(376, 13, 'EL DORADO', '2014-07-12 15:25:15', '2014-07-12 15:25:15'),
(377, 13, 'LEANDRO N. ALEM', '2014-07-12 15:25:15', '2014-07-12 15:25:15'),
(378, 13, 'APOSTOLES', '2014-07-12 15:25:15', '2014-07-12 15:25:15'),
(379, 13, 'CAINGUAS', '2014-07-12 15:25:15', '2014-07-12 15:25:15'),
(380, 13, 'LEANDRO N.ALEM', '2014-07-12 15:25:15', '2014-07-12 15:25:15'),
(381, 13, 'CONCEPCION', '2014-07-12 15:25:15', '2014-07-12 15:25:15'),
(382, 13, 'SAN PEDRO', '2014-07-12 15:25:15', '2014-07-12 15:25:15'),
(383, 13, 'CANDELARIA', '2014-07-12 15:25:15', '2014-07-12 15:25:15'),
(384, 13, 'GRL.MANUEL BELGRANO', '2014-07-12 15:25:15', '2014-07-12 15:25:15'),
(385, 13, 'OBERA', '2014-07-12 15:25:15', '2014-07-12 15:25:15'),
(386, 13, 'LIBERTADOR GRL.SAN MARTIN', '2014-07-12 15:25:15', '2014-07-12 15:25:15'),
(387, 13, 'SAN IGNACIO', '2014-07-12 15:25:15', '2014-07-12 15:25:15'),
(388, 13, 'MONTECARLO', '2014-07-12 15:25:15', '2014-07-12 15:25:15'),
(389, 13, 'GENERAL MANUEL BELGRANO', '2014-07-12 15:25:15', '2014-07-12 15:25:15'),
(390, 13, 'LEBERTADOR GRL.SAN MARTIN', '2014-07-12 15:25:15', '2014-07-12 15:25:15'),
(391, 13, 'EL GUARANI', '2014-07-12 15:25:15', '2014-07-12 15:25:15'),
(392, 13, 'ELDORADO', '2014-07-12 15:25:15', '2014-07-12 15:25:15'),
(393, 13, 'CAPITAL', '2014-07-12 15:25:15', '2014-07-12 15:25:15'),
(394, 13, 'GUARANI', '2014-07-12 15:25:15', '2014-07-12 15:25:15'),
(395, 13, 'SAN JAVIER', '2014-07-12 15:25:15', '2014-07-12 15:25:15'),
(396, 13, 'LIBERTADOR GRL. SAN MARTIN', '2014-07-12 15:25:15', '2014-07-12 15:25:15'),
(397, 14, 'COLLON CURA', '2014-07-12 15:25:15', '2014-07-12 15:25:15'),
(398, 14, 'ALUMINE', '2014-07-12 15:25:15', '2014-07-12 15:25:15'),
(399, 14, 'MINAS', '2014-07-12 15:25:15', '2014-07-12 15:25:15'),
(400, 14, 'AÑELO', '2014-07-12 15:25:15', '2014-07-12 15:25:15'),
(401, 14, 'CONFLUENCIA', '2014-07-12 15:25:15', '2014-07-12 15:25:15'),
(402, 14, 'CHOS MALAL', '2014-07-12 15:25:15', '2014-07-12 15:25:15'),
(403, 14, 'PICUNCHES', '2014-07-12 15:25:15', '2014-07-12 15:25:15'),
(404, 14, 'NORQUIN', '2014-07-12 15:25:15', '2014-07-12 15:25:15'),
(405, 14, 'PEHUENCHES', '2014-07-12 15:25:15', '2014-07-12 15:25:15'),
(406, 14, 'LONCOPUE', '2014-07-12 15:25:15', '2014-07-12 15:25:15'),
(407, 14, 'HUILICHES', '2014-07-12 15:25:15', '2014-07-12 15:25:15'),
(408, 14, 'ZAPALA', '2014-07-12 15:25:15', '2014-07-12 15:25:15'),
(409, 14, 'CATAN LIL', '2014-07-12 15:25:15', '2014-07-12 15:25:15'),
(410, 14, 'ÑORQUIN', '2014-07-12 15:25:15', '2014-07-12 15:25:15'),
(411, 14, 'LOS LAGOS', '2014-07-12 15:25:15', '2014-07-12 15:25:15'),
(412, 14, 'PICUN LEUFU', '2014-07-12 15:25:15', '2014-07-12 15:25:15'),
(413, 14, 'LACAR', '2014-07-12 15:25:15', '2014-07-12 15:25:15'),
(414, 14, 'ÑOEQUIN', '2014-07-12 15:25:15', '2014-07-12 15:25:15'),
(415, 15, 'VALCHETA', '2014-07-12 15:25:15', '2014-07-12 15:25:15'),
(416, 15, '25 DE MAYO', '2014-07-12 15:25:15', '2014-07-12 15:25:15'),
(417, 15, 'EL CUY', '2014-07-12 15:25:15', '2014-07-12 15:25:15'),
(418, 15, 'ÑORQUINCO', '2014-07-12 15:25:15', '2014-07-12 15:25:15'),
(419, 15, 'GENERAL ROCA', '2014-07-12 15:25:15', '2014-07-12 15:25:15'),
(420, 15, 'AVELLANEDA', '2014-07-12 15:25:15', '2014-07-12 15:25:15'),
(421, 15, 'CONESA', '2014-07-12 15:25:15', '2014-07-12 15:25:15'),
(422, 15, 'PICHI MAHUIDA', '2014-07-12 15:25:15', '2014-07-12 15:25:15'),
(423, 15, 'SAN ANTONIO', '2014-07-12 15:25:15', '2014-07-12 15:25:15'),
(424, 15, 'PILCANIYEU', '2014-07-12 15:25:15', '2014-07-12 15:25:15'),
(425, 15, '9 DE JULIO', '2014-07-12 15:25:15', '2014-07-12 15:25:15'),
(426, 15, 'ADOLFO ALSINA', '2014-07-12 15:25:15', '2014-07-12 15:25:15'),
(427, 15, 'BARILOCHE', '2014-07-12 15:25:15', '2014-07-12 15:25:15'),
(428, 15, 'PIHI MAHUIDA', '2014-07-12 15:25:15', '2014-07-12 15:25:15'),
(429, 16, 'LA VIÑA', '2014-07-12 15:25:15', '2014-07-12 15:25:15'),
(430, 16, 'SAN MARTIN', '2014-07-12 15:25:15', '2014-07-12 15:25:15'),
(431, 16, 'ORAN', '2014-07-12 15:25:15', '2014-07-12 15:25:15'),
(432, 16, 'ANTA', '2014-07-12 15:25:15', '2014-07-12 15:25:15'),
(433, 16, 'GRAL.JOSE DE SAN MARTIN', '2014-07-12 15:25:15', '2014-07-12 15:25:15'),
(434, 16, 'GUACHIPAS', '2014-07-12 15:25:15', '2014-07-12 15:25:15'),
(435, 16, 'ROSARIO DE LA FRONTERA', '2014-07-12 15:25:15', '2014-07-12 15:25:15'),
(436, 16, 'RIVADAVIA', '2014-07-12 15:25:15', '2014-07-12 15:25:15'),
(437, 16, 'METAN', '2014-07-12 15:25:15', '2014-07-12 15:25:15'),
(438, 16, 'SAN CARLOS', '2014-07-12 15:25:15', '2014-07-12 15:25:15'),
(439, 16, 'GRL.GUEMES', '2014-07-12 15:25:15', '2014-07-12 15:25:15'),
(440, 16, 'CACHI', '2014-07-12 15:25:15', '2014-07-12 15:25:15'),
(441, 16, 'ROSARIO DE LERMA', '2014-07-12 15:25:15', '2014-07-12 15:25:15'),
(442, 16, 'CAFAYATE', '2014-07-12 15:25:15', '2014-07-12 15:25:15'),
(443, 16, 'LOS ANDES', '2014-07-12 15:25:15', '2014-07-12 15:25:15'),
(444, 16, 'GRL.JOSE DE SAN MARTIN', '2014-07-12 15:25:15', '2014-07-12 15:25:15'),
(445, 16, 'CAPITAL', '2014-07-12 15:25:15', '2014-07-12 15:25:15'),
(446, 16, 'GRL.SAN MARTIN', '2014-07-12 15:25:15', '2014-07-12 15:25:15'),
(447, 16, 'GENERAL GUEMES', '2014-07-12 15:25:15', '2014-07-12 15:25:15'),
(448, 16, 'CERRILLOS', '2014-07-12 15:25:15', '2014-07-12 15:25:15'),
(449, 16, 'CHICOANA', '2014-07-12 15:25:15', '2014-07-12 15:25:15'),
(450, 16, 'LA POMA', '2014-07-12 15:25:15', '2014-07-12 15:25:15'),
(451, 16, 'LA CAPITAL', '2014-07-12 15:25:15', '2014-07-12 15:25:15'),
(452, 16, 'CANDELARIA', '2014-07-12 15:25:15', '2014-07-12 15:25:15'),
(453, 16, 'ROSARIO', '2014-07-12 15:25:15', '2014-07-12 15:25:15'),
(454, 16, 'IRUYA', '2014-07-12 15:25:15', '2014-07-12 15:25:15'),
(455, 16, 'LA CALDERA', '2014-07-12 15:25:15', '2014-07-12 15:25:15'),
(456, 16, 'LOA ANDES', '2014-07-12 15:25:15', '2014-07-12 15:25:15'),
(457, 16, 'MOLINOS', '2014-07-12 15:25:15', '2014-07-12 15:25:15'),
(458, 16, 'SANTA VICTORIA', '2014-07-12 15:25:15', '2014-07-12 15:25:15'),
(459, 17, '9 DE JULIO', '2014-07-12 15:25:15', '2014-07-12 15:25:15'),
(460, 17, 'JACHAL', '2014-07-12 15:25:15', '2014-07-12 15:25:15'),
(461, 17, 'ALBARDON', '2014-07-12 15:25:15', '2014-07-12 15:25:15'),
(462, 17, '25 DE MAYO', '2014-07-12 15:25:15', '2014-07-12 15:25:15'),
(463, 17, 'SANTA LUCIA', '2014-07-12 15:25:15', '2014-07-12 15:25:15'),
(464, 17, 'ANGACO', '2014-07-12 15:25:15', '2014-07-12 15:25:15'),
(465, 17, 'IGLESIA', '2014-07-12 15:25:15', '2014-07-12 15:25:15'),
(466, 17, 'VALLE FERTIL', '2014-07-12 15:25:15', '2014-07-12 15:25:15'),
(467, 17, 'CALINGASTA', '2014-07-12 15:25:15', '2014-07-12 15:25:15'),
(468, 17, 'RIVADAVIA', '2014-07-12 15:25:15', '2014-07-12 15:25:15'),
(469, 17, 'CAUCETE', '2014-07-12 15:25:15', '2014-07-12 15:25:15'),
(470, 17, 'SARMIENTO', '2014-07-12 15:25:15', '2014-07-12 15:25:15'),
(471, 17, 'POCITO', '2014-07-12 15:25:15', '2014-07-12 15:25:15'),
(472, 17, 'SAN MARTIN', '2014-07-12 15:25:15', '2014-07-12 15:25:15'),
(473, 17, 'CHIMBAS', '2014-07-12 15:25:15', '2014-07-12 15:25:15'),
(474, 17, 'IGLESIAS', '2014-07-12 15:25:15', '2014-07-12 15:25:15'),
(475, 17, 'ULLUN', '2014-07-12 15:25:15', '2014-07-12 15:25:15'),
(476, 17, 'RAWSON', '2014-07-12 15:25:15', '2014-07-12 15:25:15'),
(477, 17, 'CAPITAL', '2014-07-12 15:25:15', '2014-07-12 15:25:15'),
(478, 17, 'ZONDA', '2014-07-12 15:25:15', '2014-07-12 15:25:15'),
(479, 18, 'BELGRANO', '2014-07-12 15:25:15', '2014-07-12 15:25:15'),
(480, 18, 'CHACABUCO', '2014-07-12 15:25:15', '2014-07-12 15:25:15'),
(481, 18, 'LA CAPITAL', '2014-07-12 15:25:15', '2014-07-12 15:25:15'),
(482, 18, 'GOBERNADOR DUPUY', '2014-07-12 15:25:15', '2014-07-12 15:25:15'),
(483, 18, 'GRL.PEDERNERA', '2014-07-12 15:25:15', '2014-07-12 15:25:15'),
(484, 18, 'AYACUCHO', '2014-07-12 15:25:15', '2014-07-12 15:25:15'),
(485, 18, 'JUNIN', '2014-07-12 15:25:15', '2014-07-12 15:25:15'),
(486, 18, 'GONERNADOR DUPUY', '2014-07-12 15:25:15', '2014-07-12 15:25:15'),
(487, 18, 'CORONEL PRINGLES', '2014-07-12 15:25:15', '2014-07-12 15:25:15'),
(488, 18, 'GENERAL PEDERNERA', '2014-07-12 15:25:15', '2014-07-12 15:25:15'),
(489, 18, 'GOBERNADOR DUVAL', '2014-07-12 15:25:15', '2014-07-12 15:25:15'),
(490, 18, 'IGLESIA', '2014-07-12 15:25:15', '2014-07-12 15:25:15'),
(491, 18, 'LIBERTADOR GRL. SAN MARTIN', '2014-07-12 15:25:15', '2014-07-12 15:25:15'),
(492, 18, 'LIBERTADOR GRL.SAN MARTIN', '2014-07-12 15:25:15', '2014-07-12 15:25:15'),
(493, 18, 'LIBERTADOR GR.SAN MARTIN', '2014-07-12 15:25:15', '2014-07-12 15:25:15'),
(494, 18, 'CAUCETE', '2014-07-12 15:25:15', '2014-07-12 15:25:15'),
(495, 19, 'GUER AIKE', '2014-07-12 15:25:15', '2014-07-12 15:25:15'),
(496, 19, 'DESEADO', '2014-07-12 15:25:15', '2014-07-12 15:25:15'),
(497, 19, 'RIO CHICO', '2014-07-12 15:25:15', '2014-07-12 15:25:15'),
(498, 19, 'MAGALLANES', '2014-07-12 15:25:15', '2014-07-12 15:25:15'),
(499, 19, 'LAGO ARGENTINO', '2014-07-12 15:25:15', '2014-07-12 15:25:15'),
(500, 19, 'CORPEN AIKE', '2014-07-12 15:25:15', '2014-07-12 15:25:15'),
(501, 19, 'LAGO BUENOS AIRES', '2014-07-12 15:25:15', '2014-07-12 15:25:15'),
(502, 20, 'GENERAL LOPEZ', '2014-07-12 15:25:15', '2014-07-12 15:25:15'),
(503, 20, 'ROSARIO', '2014-07-12 15:25:15', '2014-07-12 15:25:15'),
(504, 20, 'GENERAL OBLIGADO', '2014-07-12 15:25:15', '2014-07-12 15:25:15'),
(505, 20, 'CONSTITUCION', '2014-07-12 15:25:15', '2014-07-12 15:25:15'),
(506, 20, 'SAN LORENZO', '2014-07-12 15:25:15', '2014-07-12 15:25:15'),
(507, 20, 'SAN JAVIER', '2014-07-12 15:25:15', '2014-07-12 15:25:15'),
(508, 20, 'LA CAPITAL', '2014-07-12 15:25:15', '2014-07-12 15:25:15'),
(509, 20, 'SAN CRISTOBAL', '2014-07-12 15:25:15', '2014-07-12 15:25:15'),
(510, 20, 'IRIONDO', '2014-07-12 15:25:15', '2014-07-12 15:25:15'),
(511, 20, 'CASTELLANOS', '2014-07-12 15:25:15', '2014-07-12 15:25:15'),
(512, 20, 'NUEVE DE JULIO', '2014-07-12 15:25:15', '2014-07-12 15:25:15'),
(513, 20, 'CASEROS', '2014-07-12 15:25:15', '2014-07-12 15:25:15'),
(514, 20, 'SAN JERONIMO', '2014-07-12 15:25:15', '2014-07-12 15:25:15'),
(515, 20, 'BELGRANO', '2014-07-12 15:25:15', '2014-07-12 15:25:15'),
(516, 20, 'CAPITAL', '2014-07-12 15:25:15', '2014-07-12 15:25:15'),
(517, 20, 'SAN JUSTO', '2014-07-12 15:25:15', '2014-07-12 15:25:15'),
(518, 20, 'GRL.OBLIGADO', '2014-07-12 15:25:15', '2014-07-12 15:25:15'),
(519, 20, 'LA CAPUTAL', '2014-07-12 15:25:15', '2014-07-12 15:25:15'),
(520, 20, 'GRL.LOPEZ', '2014-07-12 15:25:15', '2014-07-12 15:25:15'),
(521, 20, 'VERA', '2014-07-12 15:25:15', '2014-07-12 15:25:15'),
(522, 20, '9 DE JULIO', '2014-07-12 15:25:15', '2014-07-12 15:25:15'),
(523, 20, 'SAN MARTIN', '2014-07-12 15:25:15', '2014-07-12 15:25:15'),
(524, 20, 'LAS COLONIAS', '2014-07-12 15:25:15', '2014-07-12 15:25:15'),
(525, 20, 'GARAY', '2014-07-12 15:25:15', '2014-07-12 15:25:15'),
(526, 20, 'CASTELANOS', '2014-07-12 15:25:15', '2014-07-12 15:25:15'),
(527, 20, 'LAS COLINAS', '2014-07-12 15:25:15', '2014-07-12 15:25:15'),
(528, 21, 'BANDA', '2014-07-12 15:25:15', '2014-07-12 15:25:15'),
(529, 21, 'MORENO', '2014-07-12 15:25:15', '2014-07-12 15:25:15'),
(530, 21, 'ALBERDI', '2014-07-12 15:25:15', '2014-07-12 15:25:15'),
(531, 21, 'PELLEGRINI', '2014-07-12 15:25:15', '2014-07-12 15:25:15'),
(532, 21, 'OJO DE AGUA', '2014-07-12 15:25:15', '2014-07-12 15:25:15'),
(533, 21, 'RIO HONDO', '2014-07-12 15:25:15', '2014-07-12 15:25:15'),
(534, 21, 'GENERAL TABOADA', '2014-07-12 15:25:16', '2014-07-12 15:25:16'),
(535, 21, 'CHOYA', '2014-07-12 15:25:16', '2014-07-12 15:25:16'),
(536, 21, 'CAPITAL', '2014-07-12 15:25:16', '2014-07-12 15:25:16'),
(537, 21, 'AGUIRRE', '2014-07-12 15:25:16', '2014-07-12 15:25:16'),
(538, 21, 'SILIPICA', '2014-07-12 15:25:16', '2014-07-12 15:25:16'),
(539, 21, 'BELGRANO', '2014-07-12 15:25:16', '2014-07-12 15:25:16'),
(540, 21, 'FIGUEROA', '2014-07-12 15:25:16', '2014-07-12 15:25:16'),
(541, 21, 'SALAVINA', '2014-07-12 15:25:16', '2014-07-12 15:25:16'),
(542, 21, 'QUEBRACHOS', '2014-07-12 15:25:16', '2014-07-12 15:25:16'),
(543, 21, 'ROBLES', '2014-07-12 15:25:16', '2014-07-12 15:25:16'),
(544, 21, 'AVELLANEDA', '2014-07-12 15:25:16', '2014-07-12 15:25:16'),
(545, 21, 'JIMENEZ', '2014-07-12 15:25:16', '2014-07-12 15:25:16'),
(546, 21, 'ATAMISQUI', '2014-07-12 15:25:16', '2014-07-12 15:25:16'),
(547, 21, 'SAN MARTIN', '2014-07-12 15:25:16', '2014-07-12 15:25:16'),
(548, 21, 'MATARA', '2014-07-12 15:25:16', '2014-07-12 15:25:16'),
(549, 21, 'SALAYINA', '2014-07-12 15:25:16', '2014-07-12 15:25:16'),
(550, 21, 'GUASAYAN', '2014-07-12 15:25:16', '2014-07-12 15:25:16'),
(551, 21, 'COPO', '2014-07-12 15:25:16', '2014-07-12 15:25:16'),
(552, 21, 'BRIGADIER JUAN FELIPE IBARRA', '2014-07-12 15:25:16', '2014-07-12 15:25:16'),
(553, 21, 'DOBLES', '2014-07-12 15:25:16', '2014-07-12 15:25:16'),
(554, 21, 'SARMIENTO', '2014-07-12 15:25:16', '2014-07-12 15:25:16'),
(555, 21, 'LORETO', '2014-07-12 15:25:16', '2014-07-12 15:25:16'),
(556, 21, 'MITRE', '2014-07-12 15:25:16', '2014-07-12 15:25:16'),
(557, 21, 'RIVADAVIA', '2014-07-12 15:25:16', '2014-07-12 15:25:16'),
(558, 22, 'USHUAIA', '2014-07-12 15:25:16', '2014-07-12 15:25:16'),
(559, 22, 'ISLAS DEL ATLANTICO SUR', '2014-07-12 15:25:16', '2014-07-12 15:25:16'),
(560, 22, 'SECTOR ANTARTICO ARGENTINO', '2014-07-12 15:25:16', '2014-07-12 15:25:16'),
(561, 22, 'RIO GRANDE', '2014-07-12 15:25:16', '2014-07-12 15:25:16'),
(562, 22, 'IS.DEL ATLANTICO SUR E IS.MALVINAS', '2014-07-12 15:25:16', '2014-07-12 15:25:16'),
(563, 22, 'ANTARTIDA ARGENTINA', '2014-07-12 15:25:16', '2014-07-12 15:25:16'),
(564, 23, 'BURRUYACU', '2014-07-12 15:25:16', '2014-07-12 15:25:16'),
(565, 23, 'TRANCAS', '2014-07-12 15:25:16', '2014-07-12 15:25:16'),
(566, 23, 'MONTEROS', '2014-07-12 15:25:16', '2014-07-12 15:25:16'),
(567, 23, 'LEALES', '2014-07-12 15:25:16', '2014-07-12 15:25:16'),
(568, 23, 'CRUZ ALTA', '2014-07-12 15:25:16', '2014-07-12 15:25:16'),
(569, 23, 'RIO CHICO', '2014-07-12 15:25:16', '2014-07-12 15:25:16'),
(570, 23, 'CHICLIGASTA', '2014-07-12 15:25:16', '2014-07-12 15:25:16'),
(571, 23, 'TAFI', '2014-07-12 15:25:16', '2014-07-12 15:25:16'),
(572, 23, 'GRANEROS', '2014-07-12 15:25:16', '2014-07-12 15:25:16'),
(573, 23, 'FAMAILLA', '2014-07-12 15:25:16', '2014-07-12 15:25:16'),
(574, 23, 'CAPITAL', '2014-07-12 15:25:16', '2014-07-12 15:25:16');

-- --------------------------------------------------------

--
-- Estructura de tabla para la tabla `estados_oficios`
--

CREATE TABLE IF NOT EXISTS `estados_oficios` (
  `id` int(10) unsigned NOT NULL AUTO_INCREMENT,
  `descripcion` varchar(255) COLLATE utf8_unicode_ci NOT NULL,
  `created_at` timestamp NOT NULL DEFAULT '0000-00-00 00:00:00',
  `updated_at` timestamp NOT NULL DEFAULT '0000-00-00 00:00:00',
  PRIMARY KEY (`id`)
) ENGINE=InnoDB  DEFAULT CHARSET=utf8 COLLATE=utf8_unicode_ci AUTO_INCREMENT=3 ;

--
-- Volcado de datos para la tabla `estados_oficios`
--

INSERT INTO `estados_oficios` (`id`, `descripcion`, `created_at`, `updated_at`) VALUES
(1, 'Vigente', '0000-00-00 00:00:00', '0000-00-00 00:00:00'),
(2, 'Sin Efecto', '0000-00-00 00:00:00', '0000-00-00 00:00:00');

-- --------------------------------------------------------

--
-- Estructura de tabla para la tabla `fotos`
--

CREATE TABLE IF NOT EXISTS `fotos` (
  `id` int(10) unsigned NOT NULL AUTO_INCREMENT,
  `id_persona` int(10) unsigned NOT NULL,
  `id_usuario` int(10) unsigned NOT NULL,
  `path` varchar(255) COLLATE utf8_unicode_ci NOT NULL,
  `difusion` tinyint(1) NOT NULL,
  `created_at` timestamp NOT NULL DEFAULT '0000-00-00 00:00:00',
  `updated_at` timestamp NOT NULL DEFAULT '0000-00-00 00:00:00',
  PRIMARY KEY (`id`)
) ENGINE=InnoDB DEFAULT CHARSET=utf8 COLLATE=utf8_unicode_ci AUTO_INCREMENT=1 ;

-- --------------------------------------------------------

--
-- Estructura de tabla para la tabla `fuerzas`
--

CREATE TABLE IF NOT EXISTS `fuerzas` (
  `id` int(10) unsigned NOT NULL AUTO_INCREMENT,
  `abreviacion` varchar(255) COLLATE utf8_unicode_ci NOT NULL,
  `descripcion` varchar(255) COLLATE utf8_unicode_ci NOT NULL,
  `created_at` timestamp NOT NULL DEFAULT '0000-00-00 00:00:00',
  `updated_at` timestamp NOT NULL DEFAULT '0000-00-00 00:00:00',
  PRIMARY KEY (`id`)
) ENGINE=InnoDB  DEFAULT CHARSET=utf8 COLLATE=utf8_unicode_ci AUTO_INCREMENT=5 ;

--
-- Volcado de datos para la tabla `fuerzas`
--

INSERT INTO `fuerzas` (`id`, `abreviacion`, `descripcion`, `created_at`, `updated_at`) VALUES
(1, 'PFA', 'Policia Federal', '0000-00-00 00:00:00', '0000-00-00 00:00:00'),
(2, 'PSA', 'Policia Seguridad Aeroportuaria', '0000-00-00 00:00:00', '0000-00-00 00:00:00'),
(3, 'GNA', 'Gendarmeria Nacional Argentina', '0000-00-00 00:00:00', '0000-00-00 00:00:00'),
(4, 'PNA', 'Prefectura Nacional Argentina', '0000-00-00 00:00:00', '0000-00-00 00:00:00');

-- --------------------------------------------------------

--
-- Estructura de tabla para la tabla `horas`
--

CREATE TABLE IF NOT EXISTS `horas` (
  `id` int(10) unsigned NOT NULL AUTO_INCREMENT,
  `descripcion` varchar(255) COLLATE utf8_unicode_ci NOT NULL,
  `created_at` timestamp NOT NULL DEFAULT '0000-00-00 00:00:00',
  `updated_at` timestamp NOT NULL DEFAULT '0000-00-00 00:00:00',
  PRIMARY KEY (`id`)
) ENGINE=InnoDB  DEFAULT CHARSET=utf8 COLLATE=utf8_unicode_ci AUTO_INCREMENT=25 ;

--
-- Volcado de datos para la tabla `horas`
--

INSERT INTO `horas` (`id`, `descripcion`, `created_at`, `updated_at`) VALUES
(1, '1', '0000-00-00 00:00:00', '0000-00-00 00:00:00'),
(2, '2', '0000-00-00 00:00:00', '0000-00-00 00:00:00'),
(3, '3', '0000-00-00 00:00:00', '0000-00-00 00:00:00'),
(4, '4', '0000-00-00 00:00:00', '0000-00-00 00:00:00'),
(5, '5', '0000-00-00 00:00:00', '0000-00-00 00:00:00'),
(6, '6', '0000-00-00 00:00:00', '0000-00-00 00:00:00'),
(7, '7', '0000-00-00 00:00:00', '0000-00-00 00:00:00'),
(8, '8', '0000-00-00 00:00:00', '0000-00-00 00:00:00'),
(9, '9', '0000-00-00 00:00:00', '0000-00-00 00:00:00'),
(10, '10', '0000-00-00 00:00:00', '0000-00-00 00:00:00'),
(11, '11', '0000-00-00 00:00:00', '0000-00-00 00:00:00'),
(12, '12', '0000-00-00 00:00:00', '0000-00-00 00:00:00'),
(13, '13', '0000-00-00 00:00:00', '0000-00-00 00:00:00'),
(14, '14', '0000-00-00 00:00:00', '0000-00-00 00:00:00'),
(15, '15', '0000-00-00 00:00:00', '0000-00-00 00:00:00'),
(16, '16', '0000-00-00 00:00:00', '0000-00-00 00:00:00'),
(17, '17', '0000-00-00 00:00:00', '0000-00-00 00:00:00'),
(18, '18', '0000-00-00 00:00:00', '0000-00-00 00:00:00'),
(19, '19', '0000-00-00 00:00:00', '0000-00-00 00:00:00'),
(20, '20', '0000-00-00 00:00:00', '0000-00-00 00:00:00'),
(21, '21', '0000-00-00 00:00:00', '0000-00-00 00:00:00'),
(22, '22', '0000-00-00 00:00:00', '0000-00-00 00:00:00'),
(23, '23', '0000-00-00 00:00:00', '0000-00-00 00:00:00'),
(24, '24', '0000-00-00 00:00:00', '0000-00-00 00:00:00');

-- --------------------------------------------------------

--
-- Estructura de tabla para la tabla `lista_mails`
--

CREATE TABLE IF NOT EXISTS `lista_mails` (
  `id` int(10) unsigned NOT NULL AUTO_INCREMENT,
  `descripcion` varchar(255) COLLATE utf8_unicode_ci NOT NULL,
  `mail` varchar(255) COLLATE utf8_unicode_ci NOT NULL,
  `created_at` timestamp NOT NULL DEFAULT '0000-00-00 00:00:00',
  `updated_at` timestamp NOT NULL DEFAULT '0000-00-00 00:00:00',
  PRIMARY KEY (`id`)
) ENGINE=InnoDB DEFAULT CHARSET=utf8 COLLATE=utf8_unicode_ci AUTO_INCREMENT=1 ;

-- --------------------------------------------------------

--
-- Estructura de tabla para la tabla `localidades`
--

CREATE TABLE IF NOT EXISTS `localidades` (
  `id` int(10) unsigned NOT NULL AUTO_INCREMENT,
  `id_departamento` int(10) unsigned NOT NULL,
  `descripcion` varchar(255) COLLATE utf8_unicode_ci NOT NULL,
  `created_at` timestamp NOT NULL DEFAULT '0000-00-00 00:00:00',
  `updated_at` timestamp NOT NULL DEFAULT '0000-00-00 00:00:00',
  PRIMARY KEY (`id`)
) ENGINE=InnoDB DEFAULT CHARSET=utf8 COLLATE=utf8_unicode_ci AUTO_INCREMENT=1 ;

-- --------------------------------------------------------

--
-- Estructura de tabla para la tabla `migrations`
--

CREATE TABLE IF NOT EXISTS `migrations` (
  `migration` varchar(255) COLLATE utf8_unicode_ci NOT NULL,
  `batch` int(11) NOT NULL
) ENGINE=InnoDB DEFAULT CHARSET=utf8 COLLATE=utf8_unicode_ci;

--
-- Volcado de datos para la tabla `migrations`
--

INSERT INTO `migrations` (`migration`, `batch`) VALUES
('2014_05_01_110000_create_perfiles_table', 1),
('2014_05_01_122951_create_usuarios__table', 1),
('2014_05_21_182045_create_fuerzas_table', 1),
('2014_05_22_083603_create_tabla_provincias', 1),
('2014_05_23_095628_create_combo_si_no_table', 1),
('2014_05_23_223745_create_oficios_table', 1),
('2014_05_24_010130_create_table_archivos', 1),
('2014_05_24_010525_create_table_fotos', 1),
('2014_05_24_010649_create_table_celulares', 1),
('2014_05_24_010839_create_table_tipo_doc', 1),
('2014_05_24_010943_create_table_sexo', 1),
('2014_05_24_011126_create_table_compania_celular', 1),
('2014_05_24_011250_create_table_compania_departamentos', 1),
('2014_05_24_011457_create_table_lista_mail', 1),
('2014_05_24_011743_create_table_localidades', 1),
('2014_05_24_011944_create_table_nacionalidades', 1),
('2014_05_24_012045_create_table_oficios_cesados', 1),
('2014_05_24_012928_create_table_oficios_vistos', 1),
('2014_05_24_013311_create_table_persona', 1),
('2014_05_24_015057_create_table_tarjetas_credito', 1),
('2014_05_24_015317_create_table_secuestro_vehicular', 1),
('2014_05_24_015919_create_table_solicitud_paradero', 1),
('2014_05_24_021220_create_table_tipos_oficios', 1),
('2014_05_24_021728_create_table_tipos_personas', 1),
('2014_05_24_092947_add_fk_ofcios_table', 1),
('2014_05_24_093534_add_fk_archivos_table', 1),
('2014_05_24_093817_add_fk_fotos_table', 1),
('2014_05_24_094110_add_fk_celulares_table', 1),
('2014_05_24_094338_add_fk_departamentos_table', 1),
('2014_05_24_094440_add_fk_localidades_table', 1),
('2014_05_24_094543_add_fk_oficios_cesados_table', 1),
('2014_05_24_094710_add_fk_oficios_vistos_table', 1),
('2014_05_24_095003_add_fk_oficios_persona_table', 1),
('2014_05_24_095232_add_fk_tarjetas_credito_table', 1),
('2014_05_24_095424_add_fk_secuestro_vehicular_table', 1),
('2014_05_24_095649_add_fk_solicitud_paradero_table', 1),
('2014_05_28_174532_create_estados_oficios_table', 1),
('2014_06_03_145458_create_secuestroElementos_table', 1),
('2014_06_03_153841_create_table_horas', 1),
('2014_06_03_153846_create_table_minutos', 1),
('2014_06_17_145557_add_confirmado_oficios_table', 1),
('2014_06_17_145943_add_default_confirmado_oficios_table', 1),
('2014_06_30_130031_create_oficios_log_table', 1),
('2014_06_30_145115_create_persona_log_table', 1),
('2014_06_30_161712_create_secuestro_elementos_log_table', 1),
('2014_06_30_172400_create_secuestro_vehicular_log_table', 1),
('2014_06_30_174218_create_solicitud_paradero_log_table', 1),
('2014_07_10_180845_create_modificaciones_vistas_table', 2);

-- --------------------------------------------------------

--
-- Estructura de tabla para la tabla `minutos`
--

CREATE TABLE IF NOT EXISTS `minutos` (
  `id` int(10) unsigned NOT NULL AUTO_INCREMENT,
  `descripcion` varchar(255) COLLATE utf8_unicode_ci NOT NULL,
  `created_at` timestamp NOT NULL DEFAULT '0000-00-00 00:00:00',
  `updated_at` timestamp NOT NULL DEFAULT '0000-00-00 00:00:00',
  PRIMARY KEY (`id`)
) ENGINE=InnoDB  DEFAULT CHARSET=utf8 COLLATE=utf8_unicode_ci AUTO_INCREMENT=61 ;

--
-- Volcado de datos para la tabla `minutos`
--

INSERT INTO `minutos` (`id`, `descripcion`, `created_at`, `updated_at`) VALUES
(1, '00', '0000-00-00 00:00:00', '0000-00-00 00:00:00'),
(2, '01', '0000-00-00 00:00:00', '0000-00-00 00:00:00'),
(3, '02', '0000-00-00 00:00:00', '0000-00-00 00:00:00'),
(4, '03', '0000-00-00 00:00:00', '0000-00-00 00:00:00'),
(5, '04', '0000-00-00 00:00:00', '0000-00-00 00:00:00'),
(6, '05', '0000-00-00 00:00:00', '0000-00-00 00:00:00'),
(7, '06', '0000-00-00 00:00:00', '0000-00-00 00:00:00'),
(8, '07', '0000-00-00 00:00:00', '0000-00-00 00:00:00'),
(9, '08', '0000-00-00 00:00:00', '0000-00-00 00:00:00'),
(10, '09', '0000-00-00 00:00:00', '0000-00-00 00:00:00'),
(11, '10', '0000-00-00 00:00:00', '0000-00-00 00:00:00'),
(12, '11', '0000-00-00 00:00:00', '0000-00-00 00:00:00'),
(13, '12', '0000-00-00 00:00:00', '0000-00-00 00:00:00'),
(14, '13', '0000-00-00 00:00:00', '0000-00-00 00:00:00'),
(15, '14', '0000-00-00 00:00:00', '0000-00-00 00:00:00'),
(16, '15', '0000-00-00 00:00:00', '0000-00-00 00:00:00'),
(17, '16', '0000-00-00 00:00:00', '0000-00-00 00:00:00'),
(18, '17', '0000-00-00 00:00:00', '0000-00-00 00:00:00'),
(19, '18', '0000-00-00 00:00:00', '0000-00-00 00:00:00'),
(20, '19', '0000-00-00 00:00:00', '0000-00-00 00:00:00'),
(21, '20', '0000-00-00 00:00:00', '0000-00-00 00:00:00'),
(22, '21', '0000-00-00 00:00:00', '0000-00-00 00:00:00'),
(23, '22', '0000-00-00 00:00:00', '0000-00-00 00:00:00'),
(24, '23', '0000-00-00 00:00:00', '0000-00-00 00:00:00'),
(25, '24', '0000-00-00 00:00:00', '0000-00-00 00:00:00'),
(26, '25', '0000-00-00 00:00:00', '0000-00-00 00:00:00'),
(27, '26', '0000-00-00 00:00:00', '0000-00-00 00:00:00'),
(28, '27', '0000-00-00 00:00:00', '0000-00-00 00:00:00'),
(29, '28', '0000-00-00 00:00:00', '0000-00-00 00:00:00'),
(30, '29', '0000-00-00 00:00:00', '0000-00-00 00:00:00'),
(31, '30', '0000-00-00 00:00:00', '0000-00-00 00:00:00'),
(32, '31', '0000-00-00 00:00:00', '0000-00-00 00:00:00'),
(33, '32', '0000-00-00 00:00:00', '0000-00-00 00:00:00'),
(34, '33', '0000-00-00 00:00:00', '0000-00-00 00:00:00'),
(35, '34', '0000-00-00 00:00:00', '0000-00-00 00:00:00'),
(36, '35', '0000-00-00 00:00:00', '0000-00-00 00:00:00'),
(37, '36', '0000-00-00 00:00:00', '0000-00-00 00:00:00'),
(38, '37', '0000-00-00 00:00:00', '0000-00-00 00:00:00'),
(39, '38', '0000-00-00 00:00:00', '0000-00-00 00:00:00'),
(40, '39', '0000-00-00 00:00:00', '0000-00-00 00:00:00'),
(41, '40', '0000-00-00 00:00:00', '0000-00-00 00:00:00'),
(42, '41', '0000-00-00 00:00:00', '0000-00-00 00:00:00'),
(43, '42', '0000-00-00 00:00:00', '0000-00-00 00:00:00'),
(44, '43', '0000-00-00 00:00:00', '0000-00-00 00:00:00'),
(45, '44', '0000-00-00 00:00:00', '0000-00-00 00:00:00'),
(46, '45', '0000-00-00 00:00:00', '0000-00-00 00:00:00'),
(47, '46', '0000-00-00 00:00:00', '0000-00-00 00:00:00'),
(48, '47', '0000-00-00 00:00:00', '0000-00-00 00:00:00'),
(49, '48', '0000-00-00 00:00:00', '0000-00-00 00:00:00'),
(50, '49', '0000-00-00 00:00:00', '0000-00-00 00:00:00'),
(51, '50', '0000-00-00 00:00:00', '0000-00-00 00:00:00'),
(52, '51', '0000-00-00 00:00:00', '0000-00-00 00:00:00'),
(53, '52', '0000-00-00 00:00:00', '0000-00-00 00:00:00'),
(54, '53', '0000-00-00 00:00:00', '0000-00-00 00:00:00'),
(55, '54', '0000-00-00 00:00:00', '0000-00-00 00:00:00'),
(56, '55', '0000-00-00 00:00:00', '0000-00-00 00:00:00'),
(57, '56', '0000-00-00 00:00:00', '0000-00-00 00:00:00'),
(58, '57', '0000-00-00 00:00:00', '0000-00-00 00:00:00'),
(59, '58', '0000-00-00 00:00:00', '0000-00-00 00:00:00'),
(60, '59', '0000-00-00 00:00:00', '0000-00-00 00:00:00');

-- --------------------------------------------------------

--
-- Estructura de tabla para la tabla `modificaciones_vistas`
--

CREATE TABLE IF NOT EXISTS `modificaciones_vistas` (
  `id` int(10) unsigned NOT NULL AUTO_INCREMENT,
  `id_oficio` int(10) unsigned NOT NULL,
  `visto` tinyint(1) NOT NULL,
  `created_at` timestamp NOT NULL DEFAULT '0000-00-00 00:00:00',
  `updated_at` timestamp NOT NULL DEFAULT '0000-00-00 00:00:00',
  PRIMARY KEY (`id`)
) ENGINE=InnoDB DEFAULT CHARSET=utf8 COLLATE=utf8_unicode_ci AUTO_INCREMENT=1 ;

-- --------------------------------------------------------

--
-- Estructura de tabla para la tabla `nacionalidades`
--

CREATE TABLE IF NOT EXISTS `nacionalidades` (
  `id` int(10) unsigned NOT NULL AUTO_INCREMENT,
  `descripcion` varchar(255) COLLATE utf8_unicode_ci NOT NULL,
  `created_at` timestamp NOT NULL DEFAULT '0000-00-00 00:00:00',
  `updated_at` timestamp NOT NULL DEFAULT '0000-00-00 00:00:00',
  PRIMARY KEY (`id`)
) ENGINE=InnoDB  DEFAULT CHARSET=utf8 COLLATE=utf8_unicode_ci AUTO_INCREMENT=150 ;

--
-- Volcado de datos para la tabla `nacionalidades`
--

INSERT INTO `nacionalidades` (`id`, `descripcion`, `created_at`, `updated_at`) VALUES
(82, 'Afgana', '2014-07-12 15:25:16', '2014-07-12 15:25:16'),
(83, 'Alemana', '2014-07-12 15:25:16', '2014-07-12 15:25:16'),
(84, 'Árabe', '2014-07-12 15:25:16', '2014-07-12 15:25:16'),
(85, 'Argentina', '2014-07-12 15:25:16', '2014-07-12 15:25:16'),
(86, 'Australiana', '2014-07-12 15:25:16', '2014-07-12 15:25:16'),
(87, 'Belga', '2014-07-12 15:25:16', '2014-07-12 15:25:16'),
(88, 'Boliviana', '2014-07-12 15:25:16', '2014-07-12 15:25:16'),
(89, 'Brasilera', '2014-07-12 15:25:16', '2014-07-12 15:25:16'),
(90, 'Camboyana', '2014-07-12 15:25:16', '2014-07-12 15:25:16'),
(91, 'Canadiense', '2014-07-12 15:25:16', '2014-07-12 15:25:16'),
(92, 'Chilena', '2014-07-12 15:25:16', '2014-07-12 15:25:16'),
(93, 'China', '2014-07-12 15:25:16', '2014-07-12 15:25:16'),
(94, 'Colombiana', '2014-07-12 15:25:16', '2014-07-12 15:25:16'),
(95, 'Coreana', '2014-07-12 15:25:16', '2014-07-12 15:25:16'),
(96, 'Costarricense', '2014-07-12 15:25:16', '2014-07-12 15:25:16'),
(97, 'Cubana', '2014-07-12 15:25:16', '2014-07-12 15:25:16'),
(98, 'Danesa', '2014-07-12 15:25:16', '2014-07-12 15:25:16'),
(99, 'Ecuatoriana', '2014-07-12 15:25:16', '2014-07-12 15:25:16'),
(100, 'Egipcia', '2014-07-12 15:25:16', '2014-07-12 15:25:16'),
(101, 'Salvadoreña', '2014-07-12 15:25:16', '2014-07-12 15:25:16'),
(102, 'Española', '2014-07-12 15:25:16', '2014-07-12 15:25:16'),
(103, 'Estadounidense', '2014-07-12 15:25:16', '2014-07-12 15:25:16'),
(104, 'Estonia', '2014-07-12 15:25:16', '2014-07-12 15:25:16'),
(105, 'Etiope', '2014-07-12 15:25:16', '2014-07-12 15:25:16'),
(106, 'Filipina', '2014-07-12 15:25:16', '2014-07-12 15:25:16'),
(107, 'Finlandesa', '2014-07-12 15:25:16', '2014-07-12 15:25:16'),
(108, 'Francesa', '2014-07-12 15:25:16', '2014-07-12 15:25:16'),
(109, 'Galesa', '2014-07-12 15:25:16', '2014-07-12 15:25:16'),
(110, 'Griega', '2014-07-12 15:25:16', '2014-07-12 15:25:16'),
(111, 'Guatemalteca', '2014-07-12 15:25:16', '2014-07-12 15:25:16'),
(112, 'Haitiana', '2014-07-12 15:25:16', '2014-07-12 15:25:16'),
(113, 'Holandesa', '2014-07-12 15:25:16', '2014-07-12 15:25:16'),
(114, 'Hondureña', '2014-07-12 15:25:16', '2014-07-12 15:25:16'),
(115, 'Indonesa', '2014-07-12 15:25:16', '2014-07-12 15:25:16'),
(116, 'Inglesa', '2014-07-12 15:25:16', '2014-07-12 15:25:16'),
(117, 'Irlandesa', '2014-07-12 15:25:16', '2014-07-12 15:25:16'),
(118, 'Israelí', '2014-07-12 15:25:16', '2014-07-12 15:25:16'),
(119, 'Italiana', '2014-07-12 15:25:16', '2014-07-12 15:25:16'),
(120, 'Japonesa', '2014-07-12 15:25:16', '2014-07-12 15:25:16'),
(121, 'Jordana', '2014-07-12 15:25:16', '2014-07-12 15:25:16'),
(122, 'Laosiana', '2014-07-12 15:25:16', '2014-07-12 15:25:16'),
(123, 'Letona', '2014-07-12 15:25:16', '2014-07-12 15:25:16'),
(124, 'Letonesa', '2014-07-12 15:25:16', '2014-07-12 15:25:16'),
(125, 'Malaya', '2014-07-12 15:25:16', '2014-07-12 15:25:16'),
(126, 'Marroquí', '2014-07-12 15:25:16', '2014-07-12 15:25:16'),
(127, 'Mexicana', '2014-07-12 15:25:16', '2014-07-12 15:25:16'),
(128, 'Nicaraguense', '2014-07-12 15:25:16', '2014-07-12 15:25:16'),
(129, 'Noruega', '2014-07-12 15:25:16', '2014-07-12 15:25:16'),
(130, 'Neocelandesa', '2014-07-12 15:25:16', '2014-07-12 15:25:16'),
(131, 'Panameña', '2014-07-12 15:25:16', '2014-07-12 15:25:16'),
(132, 'Paraguaya', '2014-07-12 15:25:16', '2014-07-12 15:25:16'),
(133, 'Peruana', '2014-07-12 15:25:16', '2014-07-12 15:25:16'),
(134, 'Polaca', '2014-07-12 15:25:16', '2014-07-12 15:25:16'),
(135, 'Portuguesa', '2014-07-12 15:25:16', '2014-07-12 15:25:16'),
(136, 'Puertorriqueño', '2014-07-12 15:25:16', '2014-07-12 15:25:16'),
(137, 'Dominicana', '2014-07-12 15:25:16', '2014-07-12 15:25:16'),
(138, 'Rumana', '2014-07-12 15:25:16', '2014-07-12 15:25:16'),
(139, 'Rusa', '2014-07-12 15:25:16', '2014-07-12 15:25:16'),
(140, 'Sueca', '2014-07-12 15:25:16', '2014-07-12 15:25:16'),
(141, 'Suiza', '2014-07-12 15:25:16', '2014-07-12 15:25:16'),
(142, 'Tailandesa', '2014-07-12 15:25:16', '2014-07-12 15:25:16'),
(143, 'Taiwanesa', '2014-07-12 15:25:16', '2014-07-12 15:25:16'),
(144, 'Turca', '2014-07-12 15:25:16', '2014-07-12 15:25:16'),
(145, 'Ucraniana', '2014-07-12 15:25:16', '2014-07-12 15:25:16'),
(146, 'Uruguaya', '2014-07-12 15:25:16', '2014-07-12 15:25:16'),
(147, 'Venezolana', '2014-07-12 15:25:16', '2014-07-12 15:25:16'),
(148, 'Vietnam', '2014-07-12 15:25:16', '2014-07-12 15:25:16'),
(149, ' S/D', '2014-07-12 15:25:16', '2014-07-12 15:25:16');

-- --------------------------------------------------------

--
-- Estructura de tabla para la tabla `oficios`
--

CREATE TABLE IF NOT EXISTS `oficios` (
  `id` int(10) unsigned NOT NULL AUTO_INCREMENT,
  `id_usuario` int(10) unsigned NOT NULL,
  `tipo_oficio` int(10) unsigned NOT NULL,
  `nro_oficio` int(10) unsigned NOT NULL,
  `nro_causa` int(10) unsigned NOT NULL,
  `juzgado` varchar(25) COLLATE utf8_unicode_ci NOT NULL,
  `secretaria` varchar(25) COLLATE utf8_unicode_ci NOT NULL,
  `caratula_expediente` varchar(25) COLLATE utf8_unicode_ci NOT NULL,
  `causa_medida` varchar(30) COLLATE utf8_unicode_ci NOT NULL,
  `estado` int(11) NOT NULL DEFAULT '1',
  `fecha` date NOT NULL,
  `observaciones` text COLLATE utf8_unicode_ci NOT NULL,
  `cesado` tinyint(1) NOT NULL,
  `hora_denuncia` tinyint(1) NOT NULL,
  `nombre_denunciante` varchar(255) COLLATE utf8_unicode_ci NOT NULL,
  `fiscalia` varchar(40) COLLATE utf8_unicode_ci NOT NULL,
  `caratula` varchar(40) COLLATE utf8_unicode_ci NOT NULL,
  `fecha_denuncia` date NOT NULL,
  `juzgado_secretaria` varchar(40) COLLATE utf8_unicode_ci NOT NULL,
  `medida_restrictiva` varchar(40) COLLATE utf8_unicode_ci NOT NULL,
  `tipo_medida` varchar(40) COLLATE utf8_unicode_ci NOT NULL,
  `fecha_oficio` date NOT NULL,
  `plazo_fecha` date NOT NULL,
  `plazo_hr` varchar(255) COLLATE utf8_unicode_ci NOT NULL,
  `observaciones_judicial` text COLLATE utf8_unicode_ci NOT NULL,
  `created_at` timestamp NOT NULL DEFAULT '0000-00-00 00:00:00',
  `updated_at` timestamp NOT NULL DEFAULT '0000-00-00 00:00:00',
  `confirmado` int(11) NOT NULL DEFAULT '1',
  PRIMARY KEY (`id`)
) ENGINE=InnoDB  DEFAULT CHARSET=utf8 COLLATE=utf8_unicode_ci AUTO_INCREMENT=34 ;

--
-- Volcado de datos para la tabla `oficios`
--

INSERT INTO `oficios` (`id`, `id_usuario`, `tipo_oficio`, `nro_oficio`, `nro_causa`, `juzgado`, `secretaria`, `caratula_expediente`, `causa_medida`, `estado`, `fecha`, `observaciones`, `cesado`, `hora_denuncia`, `nombre_denunciante`, `fiscalia`, `caratula`, `fecha_denuncia`, `juzgado_secretaria`, `medida_restrictiva`, `tipo_medida`, `fecha_oficio`, `plazo_fecha`, `plazo_hr`, `observaciones_judicial`, `created_at`, `updated_at`, `confirmado`) VALUES
(1, 1, 1, 0, 0, 'werwerew', 'rwerwerwerwe', '', '', 1, '0000-00-00', '', 0, 0, '', 'rwerwerwerwer', '', '0000-00-00', '', '', '', '2014-07-12', '0000-00-00', '', 'rwerwe', '2014-07-12 15:31:59', '2014-07-12 15:32:04', 2),
(2, 1, 1, 0, 0, '', '', '', '', 1, '0000-00-00', '', 0, 0, '', '', '', '0000-00-00', '', '', '', '2014-07-12', '0000-00-00', '', 'dtrkygñiydkdfxxjdcflxdfñiychdc', '2014-07-12 15:37:17', '2014-07-12 15:38:58', 2),
(3, 1, 1, 0, 0, '', '', '', '', 1, '0000-00-00', '', 0, 0, '', '', '', '0000-00-00', '', '', '', '2014-07-12', '0000-00-00', '', 'dtrkygñiydkdfxxjdcflxdfñiychdc', '2014-07-12 15:41:29', '2014-07-12 15:41:29', 1),
(4, 1, 1, 0, 0, '', '', '', '', 1, '0000-00-00', '', 0, 0, '', '', '', '0000-00-00', '', '', '', '2014-07-12', '0000-00-00', '', 'gdfgfdgfdgsfhgsfhs', '2014-07-12 15:41:42', '2014-07-12 15:41:46', 2),
(5, 1, 1, 1234, 0, '124', '421424d', '', '', 1, '0000-00-00', '', 0, 0, '', '', '', '0000-00-00', '', '', '', '2014-07-12', '0000-00-00', '', 'dvxvcxvxcxv', '2014-07-12 16:01:38', '2014-07-12 16:01:42', 2),
(6, 1, 1, 1234, 0, '122142', '23423432', '', '', 1, '0000-00-00', '', 0, 0, '', '4324234', '', '0000-00-00', '', '', '', '2014-07-12', '0000-00-00', '', 'rwesddvdvdvvdfv\r\n', '2014-07-12 16:03:53', '2014-07-12 16:04:03', 2),
(7, 1, 1, 2131231, 0, '31231231', '12312312', '', '', 1, '0000-00-00', '', 0, 0, '', '12312312', '', '0000-00-00', '', '', '', '2014-07-05', '0000-00-00', '', 'sdsafsfsfsfsda', '2014-07-12 16:06:32', '2014-07-12 16:06:53', 2),
(8, 1, 1, 1234, 0, '124', '1234', '', '', 1, '0000-00-00', '', 0, 0, '', '12334', '', '0000-00-00', '', '', '', '2014-07-12', '0000-00-00', '', 'fsdfsdfsfssssssssssssssssssssssssssssssssssssssssssssssssssssssssssssssssssssss', '2014-07-12 16:11:44', '2014-07-12 16:11:51', 2),
(9, 1, 1, 123, 0, '123', '123', '', '', 1, '0000-00-00', '', 0, 0, '', '123', '', '0000-00-00', '', '', '', '2014-07-12', '0000-00-00', '', '1231321313213213213132131313', '2014-07-12 21:21:54', '2014-07-12 21:21:59', 2),
(10, 1, 1, 999999999, 0, '999', '435345', '', '', 1, '0000-00-00', '', 0, 0, '', '5435345', '', '0000-00-00', '', '', '', '2014-07-12', '0000-00-00', '', 'sfsdfsdfsd', '2014-07-12 21:25:51', '2014-07-12 21:25:54', 2),
(11, 1, 1, 2342342, 0, '2423432', '332342432', '', '', 1, '0000-00-00', '', 0, 0, '', '432342432', '', '0000-00-00', '', '', '', '2014-07-19', '0000-00-00', '', '34243232432324', '2014-07-14 00:16:04', '2014-07-14 00:16:10', 2),
(12, 1, 1, 0, 0, '', '', '', '', 1, '0000-00-00', '', 0, 0, '', '', '', '0000-00-00', '', '', '', '2014-07-13', '0000-00-00', '', '', '2014-07-14 00:17:22', '2014-07-14 00:17:26', 2),
(13, 1, 1, 0, 0, '', '', '', '', 1, '0000-00-00', '', 0, 0, '', '', '', '0000-00-00', '', '', '', '2014-07-13', '0000-00-00', '', 'sdsdsadasdasdas', '2014-07-14 00:17:43', '2014-07-14 00:17:52', 2),
(14, 1, 1, 2243242, 0, '32473984', '93473243299', '', '', 1, '0000-00-00', '', 0, 0, '', '94347843278', '', '0000-00-00', '', '', '', '2014-07-18', '0000-00-00', '', '34499432324324432jhfdjfjfhjf\r\nasfsdfsd\r\nfsd\r\nafjasdfasd\r\n', '2014-07-14 00:35:33', '2014-07-14 00:35:38', 2),
(15, 1, 1, 0, 0, '', '', '', '', 1, '0000-00-00', '', 0, 0, '', '', '', '0000-00-00', '', '', '', '2014-07-13', '0000-00-00', '', 'sdfsdfsdfsdfsd', '2014-07-14 00:36:18', '2014-07-14 00:36:21', 2),
(16, 1, 1, 0, 0, '', '', '', '', 1, '0000-00-00', '', 0, 0, '', '', '', '0000-00-00', '', '', '', '2014-07-05', '0000-00-00', '', '', '2014-07-14 00:37:18', '2014-07-14 00:37:21', 2),
(17, 1, 1, 242342, 0, '', '', '', '', 1, '0000-00-00', '', 0, 0, '', '', '', '0000-00-00', '', '', '', '2014-07-19', '0000-00-00', '', '', '2014-07-14 00:38:26', '2014-07-14 00:38:29', 2),
(18, 1, 1, 0, 0, '', '', '', '', 1, '0000-00-00', '', 0, 0, '', '', '', '0000-00-00', '', '', '', '2014-07-12', '0000-00-00', '', '', '2014-07-14 00:38:58', '2014-07-14 00:39:02', 2),
(19, 1, 1, 0, 0, '', '', '', '', 1, '0000-00-00', '', 0, 0, '', '', '', '0000-00-00', '', '', '', '2014-07-13', '0000-00-00', '', 'sdsfsdfsd', '2014-07-14 00:39:36', '2014-07-14 00:39:40', 2),
(20, 1, 1, 4294967295, 0, '', '', '', '', 1, '0000-00-00', '', 0, 0, '', '', '', '0000-00-00', '', '', '', '2014-07-12', '0000-00-00', '', '', '2014-07-14 00:41:01', '2014-07-14 00:41:05', 2),
(21, 1, 1, 4294967295, 0, '', '', '', '', 1, '0000-00-00', '', 0, 0, '', '', '', '0000-00-00', '', '', '', '2014-07-12', '0000-00-00', '', '', '2014-07-14 00:42:31', '2014-07-14 00:42:37', 2),
(22, 1, 1, 24342432, 0, '', '', '', '', 1, '0000-00-00', '', 0, 0, '', '', '', '0000-00-00', '', '', '', '2014-07-11', '0000-00-00', '', '', '2014-07-14 00:43:09', '2014-07-14 00:43:12', 2),
(23, 1, 1, 0, 0, '', '', '', '', 1, '0000-00-00', '', 0, 0, '', '', '', '0000-00-00', '', '', '', '2014-07-04', '0000-00-00', '', '', '2014-07-14 01:15:30', '2014-07-14 01:15:33', 2),
(24, 1, 1, 0, 0, '', 'rwrwerew', '', '', 1, '0000-00-00', '', 0, 0, '', '', '', '0000-00-00', '', '', '', '2014-07-13', '0000-00-00', '', '', '2014-07-14 01:18:16', '2014-07-14 01:18:19', 2),
(25, 1, 1, 0, 0, '', '', '', '', 1, '0000-00-00', '', 0, 0, '', '', '', '0000-00-00', '', '', '', '2014-07-13', '0000-00-00', '', '', '2014-07-14 01:18:35', '2014-07-14 01:18:48', 2),
(26, 1, 1, 0, 0, '', '', '', '', 1, '0000-00-00', '', 0, 0, '', '', '', '0000-00-00', '', '', '', '2014-07-13', '0000-00-00', '', '', '2014-07-14 01:29:41', '2014-07-14 01:29:53', 2),
(27, 1, 1, 0, 0, '', 'wefsfsdcfs', '', '', 1, '0000-00-00', '', 0, 0, '', '', '', '0000-00-00', '', '', '', '2014-07-13', '0000-00-00', '', '', '2014-07-14 01:34:32', '2014-07-14 01:34:36', 2),
(28, 1, 1, 0, 0, '', '', '', '', 1, '0000-00-00', '', 0, 0, '', '', '', '0000-00-00', '', '', '', '2014-07-13', '0000-00-00', '', 'sdfsdfsd', '2014-07-14 01:35:06', '2014-07-14 01:35:14', 2),
(29, 1, 1, 0, 0, '', '', '', '', 1, '0000-00-00', '', 0, 0, '', '', '', '0000-00-00', '', '', '', '2014-07-13', '0000-00-00', '', '', '2014-07-14 01:39:52', '2014-07-14 01:40:00', 2),
(30, 1, 1, 4294967295, 0, '', '', '', '', 1, '0000-00-00', '', 0, 0, '', '', '', '0000-00-00', '', '', '', '2014-07-26', '0000-00-00', '', '', '2014-07-14 01:45:11', '2014-07-14 01:45:16', 2),
(31, 1, 1, 0, 0, '', '', '', '', 1, '0000-00-00', '', 0, 0, '', '', '', '0000-00-00', '', '', '', '2014-07-13', '0000-00-00', '', 'sdfsdfsdf', '2014-07-14 01:45:47', '2014-07-14 01:46:10', 2),
(32, 1, 1, 0, 0, '', '', '', '', 1, '0000-00-00', '', 0, 0, '', '', '', '0000-00-00', '', '', '', '2014-07-13', '0000-00-00', '', 'dsfdsfsdfsdfsd', '2014-07-14 01:55:07', '2014-07-14 01:55:16', 2),
(33, 1, 1, 0, 0, '', '', '', '', 1, '0000-00-00', '', 0, 0, '', '', '', '0000-00-00', '', '', '', '2014-07-13', '0000-00-00', '', 'vcvxvsdfsdfsdfsd', '2014-07-14 01:55:53', '2014-07-14 01:55:58', 2);

-- --------------------------------------------------------

--
-- Estructura de tabla para la tabla `oficios_cesados`
--

CREATE TABLE IF NOT EXISTS `oficios_cesados` (
  `id` int(10) unsigned NOT NULL AUTO_INCREMENT,
  `id_oficio` int(10) unsigned NOT NULL,
  `fecha_cese` date NOT NULL,
  `tipo_medida` varchar(40) COLLATE utf8_unicode_ci NOT NULL,
  `persona_auto` varchar(1) COLLATE utf8_unicode_ci NOT NULL,
  `valor` varchar(255) COLLATE utf8_unicode_ci NOT NULL,
  `path` varchar(255) COLLATE utf8_unicode_ci DEFAULT NULL,
  `id_usuario` int(10) unsigned NOT NULL,
  `descripcion` varchar(255) COLLATE utf8_unicode_ci NOT NULL,
  `created_at` timestamp NOT NULL DEFAULT '0000-00-00 00:00:00',
  `updated_at` timestamp NOT NULL DEFAULT '0000-00-00 00:00:00',
  PRIMARY KEY (`id`)
) ENGINE=InnoDB DEFAULT CHARSET=utf8 COLLATE=utf8_unicode_ci AUTO_INCREMENT=1 ;

-- --------------------------------------------------------

--
-- Estructura de tabla para la tabla `oficios_log`
--

CREATE TABLE IF NOT EXISTS `oficios_log` (
  `id` int(10) unsigned NOT NULL AUTO_INCREMENT,
  `id_oficio` int(10) unsigned NOT NULL,
  `field` varchar(255) COLLATE utf8_unicode_ci NOT NULL,
  `value` varchar(255) COLLATE utf8_unicode_ci NOT NULL,
  `id_usuario` int(11) NOT NULL,
  `created_at` timestamp NOT NULL DEFAULT '0000-00-00 00:00:00',
  `updated_at` timestamp NOT NULL DEFAULT '0000-00-00 00:00:00',
  PRIMARY KEY (`id`),
  KEY `oficios_log_id_oficio_foreign` (`id_oficio`)
) ENGINE=InnoDB DEFAULT CHARSET=utf8 COLLATE=utf8_unicode_ci AUTO_INCREMENT=1 ;

-- --------------------------------------------------------

--
-- Estructura de tabla para la tabla `oficios_vistos`
--

CREATE TABLE IF NOT EXISTS `oficios_vistos` (
  `id` int(10) unsigned NOT NULL AUTO_INCREMENT,
  `id_usuario` int(10) unsigned NOT NULL,
  `id_oficio` int(10) unsigned NOT NULL,
  `created_at` timestamp NOT NULL DEFAULT '0000-00-00 00:00:00',
  `updated_at` timestamp NOT NULL DEFAULT '0000-00-00 00:00:00',
  PRIMARY KEY (`id`)
) ENGINE=InnoDB  DEFAULT CHARSET=utf8 COLLATE=utf8_unicode_ci AUTO_INCREMENT=78 ;

--
-- Volcado de datos para la tabla `oficios_vistos`
--

INSERT INTO `oficios_vistos` (`id`, `id_usuario`, `id_oficio`, `created_at`, `updated_at`) VALUES
(1, 1, 1, '2014-07-12 15:31:59', '2014-07-12 15:31:59'),
(2, 1, 1, '2014-07-12 15:32:04', '2014-07-12 15:32:04'),
(3, 1, 2, '2014-07-12 15:37:18', '2014-07-12 15:37:18'),
(4, 1, 2, '2014-07-12 15:38:58', '2014-07-12 15:38:58'),
(5, 1, 2, '2014-07-12 15:39:30', '2014-07-12 15:39:30'),
(6, 1, 2, '2014-07-12 15:39:34', '2014-07-12 15:39:34'),
(7, 1, 2, '2014-07-12 15:39:50', '2014-07-12 15:39:50'),
(8, 1, 2, '2014-07-12 15:40:19', '2014-07-12 15:40:19'),
(9, 1, 2, '2014-07-12 15:40:37', '2014-07-12 15:40:37'),
(10, 1, 3, '2014-07-12 15:41:30', '2014-07-12 15:41:30'),
(11, 1, 4, '2014-07-12 15:41:42', '2014-07-12 15:41:42'),
(12, 1, 4, '2014-07-12 15:41:46', '2014-07-12 15:41:46'),
(13, 1, 5, '2014-07-12 16:01:38', '2014-07-12 16:01:38'),
(14, 1, 5, '2014-07-12 16:01:42', '2014-07-12 16:01:42'),
(15, 1, 6, '2014-07-12 16:03:53', '2014-07-12 16:03:53'),
(16, 1, 6, '2014-07-12 16:04:03', '2014-07-12 16:04:03'),
(17, 1, 7, '2014-07-12 16:06:32', '2014-07-12 16:06:32'),
(18, 1, 7, '2014-07-12 16:06:53', '2014-07-12 16:06:53'),
(19, 1, 7, '2014-07-12 16:08:24', '2014-07-12 16:08:24'),
(20, 1, 8, '2014-07-12 16:11:46', '2014-07-12 16:11:46'),
(21, 1, 8, '2014-07-12 16:11:51', '2014-07-12 16:11:51'),
(22, 1, 9, '2014-07-12 21:21:54', '2014-07-12 21:21:54'),
(23, 1, 9, '2014-07-12 21:22:00', '2014-07-12 21:22:00'),
(24, 1, 10, '2014-07-12 21:25:51', '2014-07-12 21:25:51'),
(25, 1, 10, '2014-07-12 21:25:54', '2014-07-12 21:25:54'),
(26, 1, 7, '2014-07-14 00:12:20', '2014-07-14 00:12:20'),
(27, 1, 11, '2014-07-14 00:16:05', '2014-07-14 00:16:05'),
(28, 1, 11, '2014-07-14 00:16:10', '2014-07-14 00:16:10'),
(29, 1, 11, '2014-07-14 00:17:12', '2014-07-14 00:17:12'),
(30, 1, 12, '2014-07-14 00:17:22', '2014-07-14 00:17:22'),
(31, 1, 12, '2014-07-14 00:17:26', '2014-07-14 00:17:26'),
(32, 1, 13, '2014-07-14 00:17:43', '2014-07-14 00:17:43'),
(33, 1, 13, '2014-07-14 00:17:52', '2014-07-14 00:17:52'),
(34, 1, 14, '2014-07-14 00:35:33', '2014-07-14 00:35:33'),
(35, 1, 14, '2014-07-14 00:35:38', '2014-07-14 00:35:38'),
(36, 1, 15, '2014-07-14 00:36:18', '2014-07-14 00:36:18'),
(37, 1, 15, '2014-07-14 00:36:21', '2014-07-14 00:36:21'),
(38, 1, 16, '2014-07-14 00:37:18', '2014-07-14 00:37:18'),
(39, 1, 16, '2014-07-14 00:37:21', '2014-07-14 00:37:21'),
(40, 1, 17, '2014-07-14 00:38:26', '2014-07-14 00:38:26'),
(41, 1, 17, '2014-07-14 00:38:29', '2014-07-14 00:38:29'),
(42, 1, 18, '2014-07-14 00:38:59', '2014-07-14 00:38:59'),
(43, 1, 18, '2014-07-14 00:39:02', '2014-07-14 00:39:02'),
(44, 1, 19, '2014-07-14 00:39:36', '2014-07-14 00:39:36'),
(45, 1, 19, '2014-07-14 00:39:40', '2014-07-14 00:39:40'),
(46, 1, 20, '2014-07-14 00:41:01', '2014-07-14 00:41:01'),
(47, 1, 20, '2014-07-14 00:41:06', '2014-07-14 00:41:06'),
(48, 1, 21, '2014-07-14 00:42:31', '2014-07-14 00:42:31'),
(49, 1, 21, '2014-07-14 00:42:37', '2014-07-14 00:42:37'),
(50, 1, 21, '2014-07-14 00:42:54', '2014-07-14 00:42:54'),
(51, 1, 22, '2014-07-14 00:43:09', '2014-07-14 00:43:09'),
(52, 1, 22, '2014-07-14 00:43:12', '2014-07-14 00:43:12'),
(53, 1, 23, '2014-07-14 01:15:30', '2014-07-14 01:15:30'),
(54, 1, 23, '2014-07-14 01:15:33', '2014-07-14 01:15:33'),
(55, 1, 24, '2014-07-14 01:18:16', '2014-07-14 01:18:16'),
(56, 1, 24, '2014-07-14 01:18:19', '2014-07-14 01:18:19'),
(57, 1, 25, '2014-07-14 01:18:35', '2014-07-14 01:18:35'),
(58, 1, 25, '2014-07-14 01:18:48', '2014-07-14 01:18:48'),
(59, 1, 26, '2014-07-14 01:29:41', '2014-07-14 01:29:41'),
(60, 1, 26, '2014-07-14 01:29:53', '2014-07-14 01:29:53'),
(61, 1, 27, '2014-07-14 01:34:32', '2014-07-14 01:34:32'),
(62, 1, 27, '2014-07-14 01:34:36', '2014-07-14 01:34:36'),
(63, 1, 28, '2014-07-14 01:35:07', '2014-07-14 01:35:07'),
(64, 1, 28, '2014-07-14 01:35:15', '2014-07-14 01:35:15'),
(65, 1, 29, '2014-07-14 01:39:53', '2014-07-14 01:39:53'),
(66, 1, 29, '2014-07-14 01:40:00', '2014-07-14 01:40:00'),
(67, 1, 30, '2014-07-14 01:45:12', '2014-07-14 01:45:12'),
(68, 1, 30, '2014-07-14 01:45:16', '2014-07-14 01:45:16'),
(69, 1, 31, '2014-07-14 01:45:47', '2014-07-14 01:45:47'),
(70, 1, 31, '2014-07-14 01:46:10', '2014-07-14 01:46:10'),
(71, 1, 31, '2014-07-14 01:50:02', '2014-07-14 01:50:02'),
(72, 1, 31, '2014-07-14 01:54:46', '2014-07-14 01:54:46'),
(73, 1, 32, '2014-07-14 01:55:07', '2014-07-14 01:55:07'),
(74, 1, 32, '2014-07-14 01:55:16', '2014-07-14 01:55:16'),
(75, 1, 32, '2014-07-14 01:55:38', '2014-07-14 01:55:38'),
(76, 1, 33, '2014-07-14 01:55:53', '2014-07-14 01:55:53'),
(77, 1, 33, '2014-07-14 01:55:58', '2014-07-14 01:55:58');

-- --------------------------------------------------------

--
-- Estructura de tabla para la tabla `perfiles`
--

CREATE TABLE IF NOT EXISTS `perfiles` (
  `id` int(10) unsigned NOT NULL AUTO_INCREMENT,
  `perfil` varchar(255) COLLATE utf8_unicode_ci NOT NULL,
  `created_at` timestamp NOT NULL DEFAULT '0000-00-00 00:00:00',
  `updated_at` timestamp NOT NULL DEFAULT '0000-00-00 00:00:00',
  PRIMARY KEY (`id`)
) ENGINE=InnoDB  DEFAULT CHARSET=utf8 COLLATE=utf8_unicode_ci AUTO_INCREMENT=4 ;

--
-- Volcado de datos para la tabla `perfiles`
--

INSERT INTO `perfiles` (`id`, `perfil`, `created_at`, `updated_at`) VALUES
(1, 'supervision', '0000-00-00 00:00:00', '0000-00-00 00:00:00'),
(2, 'consulta', '0000-00-00 00:00:00', '0000-00-00 00:00:00'),
(3, 'carga', '0000-00-00 00:00:00', '0000-00-00 00:00:00');

-- --------------------------------------------------------

--
-- Estructura de tabla para la tabla `personas`
--

CREATE TABLE IF NOT EXISTS `personas` (
  `id` int(10) unsigned NOT NULL AUTO_INCREMENT,
  `id_oficio` int(10) unsigned NOT NULL,
  `id_sexo` int(10) unsigned NOT NULL,
  `id_nacionalidad` int(10) unsigned NOT NULL,
  `id_tipo_documento` int(10) unsigned NOT NULL,
  `id_tipo_persona` int(10) unsigned NOT NULL,
  `id_ultimo_partido` int(10) unsigned NOT NULL DEFAULT '1',
  `id_provincia_laboral` int(10) unsigned NOT NULL DEFAULT '1',
  `id_partido_laboral` int(10) unsigned NOT NULL DEFAULT '1',
  `id_localidad_laboral` varchar(100) COLLATE utf8_unicode_ci NOT NULL,
  `id_compania_celular` int(10) unsigned NOT NULL,
  `codArea_celular` int(11) NOT NULL,
  `numero_celular` int(11) NOT NULL,
  `nombre` varchar(25) COLLATE utf8_unicode_ci NOT NULL,
  `apellido` varchar(25) COLLATE utf8_unicode_ci NOT NULL,
  `apellido_materno` varchar(25) COLLATE utf8_unicode_ci NOT NULL,
  `descripcion_persona` text COLLATE utf8_unicode_ci NOT NULL,
  `edad` date NOT NULL,
  `nro_documento` int(11) NOT NULL,
  `apodos` varchar(255) COLLATE utf8_unicode_ci NOT NULL,
  `ultimo_calle` varchar(25) COLLATE utf8_unicode_ci NOT NULL,
  `ultimo_numero` varchar(25) COLLATE utf8_unicode_ci NOT NULL,
  `ultimo_piso` varchar(25) COLLATE utf8_unicode_ci NOT NULL,
  `ultimo_departamento` varchar(25) COLLATE utf8_unicode_ci NOT NULL,
  `nro_tarjeta_credito` varchar(25) COLLATE utf8_unicode_ci NOT NULL,
  `bco_tarjeta_credito` varchar(25) COLLATE utf8_unicode_ci NOT NULL,
  `ultima_localidad` varchar(25) COLLATE utf8_unicode_ci NOT NULL,
  `ultimo_codigo_postal` varchar(25) COLLATE utf8_unicode_ci NOT NULL,
  `ultima_provincia` varchar(25) COLLATE utf8_unicode_ci NOT NULL DEFAULT '1',
  `ocupacion` varchar(25) COLLATE utf8_unicode_ci NOT NULL,
  `empleador` varchar(25) COLLATE utf8_unicode_ci NOT NULL,
  `cuit` varchar(50) COLLATE utf8_unicode_ci NOT NULL,
  `domicilio_laboral` varchar(25) COLLATE utf8_unicode_ci NOT NULL,
  `telefono_laboral` int(11) NOT NULL,
  `calle_laboral` varchar(25) COLLATE utf8_unicode_ci NOT NULL,
  `numero_laboral` int(11) NOT NULL,
  `piso_laboral` int(11) NOT NULL,
  `codigo_postal_laboral` int(11) NOT NULL,
  `observaciones` text COLLATE utf8_unicode_ci NOT NULL,
  `telefono` int(11) NOT NULL,
  `vinculo_victima` varchar(25) COLLATE utf8_unicode_ci NOT NULL,
  `created_at` timestamp NOT NULL DEFAULT '0000-00-00 00:00:00',
  `updated_at` timestamp NOT NULL DEFAULT '0000-00-00 00:00:00',
  PRIMARY KEY (`id`)
) ENGINE=InnoDB  DEFAULT CHARSET=utf8 COLLATE=utf8_unicode_ci AUTO_INCREMENT=67 ;

--
-- Volcado de datos para la tabla `personas`
--

INSERT INTO `personas` (`id`, `id_oficio`, `id_sexo`, `id_nacionalidad`, `id_tipo_documento`, `id_tipo_persona`, `id_ultimo_partido`, `id_provincia_laboral`, `id_partido_laboral`, `id_localidad_laboral`, `id_compania_celular`, `codArea_celular`, `numero_celular`, `nombre`, `apellido`, `apellido_materno`, `descripcion_persona`, `edad`, `nro_documento`, `apodos`, `ultimo_calle`, `ultimo_numero`, `ultimo_piso`, `ultimo_departamento`, `nro_tarjeta_credito`, `bco_tarjeta_credito`, `ultima_localidad`, `ultimo_codigo_postal`, `ultima_provincia`, `ocupacion`, `empleador`, `cuit`, `domicilio_laboral`, `telefono_laboral`, `calle_laboral`, `numero_laboral`, `piso_laboral`, `codigo_postal_laboral`, `observaciones`, `telefono`, `vinculo_victima`, `created_at`, `updated_at`) VALUES
(1, 1, 2, 149, 2, 3, 1, 25, 1, '', 2, 0, 0, '', '', '', '', '2014-07-12', 0, '', '', '', '', '', '', '', '', '', '25', '', '', '', '', 0, '', 0, 0, 0, '', 0, '', '2014-07-12 15:31:59', '2014-07-12 15:31:59'),
(2, 1, 2, 149, 2, 4, 1, 1, 1, '', 0, 0, 0, '', '', '', '', '2014-07-12', 0, '', '', '', '', '', '', '', '', '', '25', '', '', '', '', 0, '', 0, 0, 0, '', 0, '', '2014-07-12 15:31:59', '2014-07-12 15:31:59'),
(3, 2, 2, 149, 2, 3, 1, 25, 1, '', 2, 0, 0, '', '', '', '', '2014-07-12', 0, '', '', '', '', '', '', '', '', '', '25', '', '', '', '', 0, '', 0, 0, 0, '', 0, '', '2014-07-12 15:37:17', '2014-07-12 15:37:17'),
(4, 2, 2, 149, 2, 4, 1, 1, 1, '', 0, 0, 0, '', '', '', '', '2014-07-12', 0, '', '', '', '', '', '', '', '', '', '25', '', '', '', '', 0, '', 0, 0, 0, '', 0, '', '2014-07-12 15:37:17', '2014-07-12 15:37:17'),
(5, 3, 2, 149, 2, 3, 1, 25, 1, '', 2, 0, 0, '', '', '', '', '2014-07-12', 0, '', '', '', '', '', '', '', '', '', '25', '', '', '', '', 0, '', 0, 0, 0, '', 0, '', '2014-07-12 15:41:30', '2014-07-12 15:41:30'),
(6, 3, 2, 149, 2, 4, 1, 1, 1, '', 0, 0, 0, '', '', '', '', '2014-07-12', 0, '', '', '', '', '', '', '', '', '', '25', '', '', '', '', 0, '', 0, 0, 0, '', 0, '', '2014-07-12 15:41:30', '2014-07-12 15:41:30'),
(7, 4, 2, 149, 2, 3, 1, 25, 1, '', 2, 0, 0, '', '', '', '', '2014-07-12', 0, '', '', '', '', '', '', '', '', '', '25', '', '', '', '', 0, '', 0, 0, 0, '', 0, '', '2014-07-12 15:41:42', '2014-07-12 15:41:42'),
(8, 4, 2, 149, 2, 4, 1, 1, 1, '', 0, 0, 0, '', '', '', '', '2014-07-12', 0, '', '', '', '', '', '', '', '', '', '25', '', '', '', '', 0, '', 0, 0, 0, '', 0, '', '2014-07-12 15:41:42', '2014-07-12 15:41:42'),
(9, 5, 2, 149, 2, 3, 1, 25, 1, '', 2, 0, 0, '', '', '', '', '2014-07-12', 0, '', '', '', '', '', '', '', '', '', '25', '', '', '', '', 0, '', 0, 0, 0, '', 0, '', '2014-07-12 16:01:38', '2014-07-12 16:01:38'),
(10, 5, 2, 149, 2, 4, 1, 1, 1, '', 0, 0, 0, '', '', '', '', '2014-07-12', 0, '', '', '', '', '', '', '', '', '', '25', '', '', '', '', 0, '', 0, 0, 0, '', 0, '', '2014-07-12 16:01:38', '2014-07-12 16:01:38'),
(11, 6, 2, 149, 2, 3, 1, 25, 1, '', 2, 0, 0, '', '', '', '', '2014-07-12', 0, '', '', '', '', '', '', '', '', '', '25', '', '', '', '', 0, '', 0, 0, 0, '', 0, '', '2014-07-12 16:03:53', '2014-07-12 16:03:53'),
(12, 6, 2, 149, 2, 4, 1, 1, 1, '', 0, 0, 0, '', '', '', '', '2014-07-12', 0, '', '', '', '', '', '', '', '', '', '25', '', '', '', '', 0, '', 0, 0, 0, '', 0, '', '2014-07-12 16:03:53', '2014-07-12 16:03:53'),
(13, 7, 2, 149, 2, 3, 1, 25, 1, '', 2, 0, 0, '', '', '', '', '2014-07-05', 0, '', '', '', '', '', '', '', '', '', '25', '', '', '', '', 0, '', 0, 0, 0, '', 0, '', '2014-07-12 16:06:32', '2014-07-12 16:06:32'),
(14, 7, 2, 149, 2, 4, 1, 1, 1, '', 0, 0, 0, '', '', '', '', '2014-07-05', 0, '', '', '', '', '', '', '', '', '', '25', '', '', '', '', 0, '', 0, 0, 0, '', 0, '', '2014-07-12 16:06:32', '2014-07-12 16:06:32'),
(15, 8, 2, 149, 2, 3, 1, 25, 1, '', 2, 0, 0, '', '', '', '', '2014-07-12', 0, '', '', '', '', '', '', '', '', '', '25', '', '', '', '', 0, '', 0, 0, 0, '', 0, '', '2014-07-12 16:11:44', '2014-07-12 16:11:44'),
(16, 8, 2, 149, 2, 4, 1, 1, 1, '', 0, 0, 0, '', '', '', '', '2014-07-12', 0, '', '', '', '', '', '', '', '', '', '25', '', '', '', '', 0, '', 0, 0, 0, '', 0, '', '2014-07-12 16:11:44', '2014-07-12 16:11:44'),
(17, 9, 2, 149, 2, 3, 1, 25, 1, '', 2, 0, 0, '', '', '', '', '2014-07-12', 0, '', '', '', '', '', '', '', '', '', '25', '', '', '', '', 0, '', 0, 0, 0, '', 0, '', '2014-07-12 21:21:54', '2014-07-12 21:21:54'),
(18, 9, 2, 149, 2, 4, 1, 1, 1, '', 0, 0, 0, '', '', '', '', '2014-07-12', 0, '', '', '', '', '', '', '', '', '', '25', '', '', '', '', 0, '', 0, 0, 0, '', 0, '', '2014-07-12 21:21:54', '2014-07-12 21:21:54'),
(19, 10, 2, 149, 2, 3, 1, 25, 1, '', 2, 0, 0, '', '', '', '', '2014-07-12', 0, '', '', '', '', '', '', '', '', '', '25', '', '', '', '', 0, '', 0, 0, 0, '', 0, '', '2014-07-12 21:25:51', '2014-07-12 21:25:51'),
(20, 10, 2, 149, 2, 4, 1, 1, 1, '', 0, 0, 0, '', '', '', '', '2014-07-12', 0, '', '', '', '', '', '', '', '', '', '25', '', '', '', '', 0, '', 0, 0, 0, '', 0, '', '2014-07-12 21:25:51', '2014-07-12 21:25:51'),
(21, 11, 2, 149, 2, 3, 1, 25, 1, '', 2, 0, 0, '', '', '', '', '2014-07-19', 0, '', '', '', '', '', '', '', '', '', '25', '', '', '', '', 0, '', 0, 0, 0, '', 0, '', '2014-07-14 00:16:04', '2014-07-14 00:16:04'),
(22, 11, 2, 149, 2, 4, 1, 1, 1, '', 0, 0, 0, '', '', '', '', '2014-07-19', 0, '', '', '', '', '', '', '', '', '', '25', '', '', '', '', 0, '', 0, 0, 0, '', 0, '', '2014-07-14 00:16:05', '2014-07-14 00:16:05'),
(23, 12, 2, 149, 2, 3, 1, 25, 1, '', 2, 0, 0, '', '', '', '', '2014-07-13', 0, '', '', '', '', '', '', '', '', '', '25', '', '', '', '', 0, '', 0, 0, 0, '', 0, '', '2014-07-14 00:17:22', '2014-07-14 00:17:22'),
(24, 12, 2, 149, 2, 4, 1, 1, 1, '', 0, 0, 0, '', '', '', '', '2014-07-13', 0, '', '', '', '', '', '', '', '', '', '25', '', '', '', '', 0, '', 0, 0, 0, '', 0, '', '2014-07-14 00:17:22', '2014-07-14 00:17:22'),
(25, 13, 2, 149, 2, 3, 1, 25, 1, '', 2, 0, 0, '', '', '', '', '2014-07-13', 0, '', '', '', '', '', '', '', '', '', '25', '', '', '', '', 0, '', 0, 0, 0, '', 0, '', '2014-07-14 00:17:43', '2014-07-14 00:17:43'),
(26, 13, 2, 149, 2, 4, 1, 1, 1, '', 0, 0, 0, '', '', '', '', '2014-07-13', 0, '', '', '', '', '', '', '', '', '', '25', '', '', '', '', 0, '', 0, 0, 0, '', 0, '', '2014-07-14 00:17:43', '2014-07-14 00:17:43'),
(27, 14, 2, 149, 2, 3, 1, 25, 1, '', 2, 0, 0, '', '', '', '', '2014-07-18', 0, '', '', '', '', '', '', '', '', '', '25', '', '', '', '', 0, '', 0, 0, 0, '', 0, '', '2014-07-14 00:35:33', '2014-07-14 00:35:33'),
(28, 14, 2, 149, 2, 4, 1, 1, 1, '', 0, 0, 0, '', '', '', '', '2014-07-18', 0, '', '', '', '', '', '', '', '', '', '25', '', '', '', '', 0, '', 0, 0, 0, '', 0, '', '2014-07-14 00:35:33', '2014-07-14 00:35:33'),
(29, 15, 2, 149, 2, 3, 1, 25, 1, '', 2, 0, 0, '', '', '', '', '2014-07-13', 0, '', '', '', '', '', '', '', '', '', '25', '', '', '', '', 0, '', 0, 0, 0, '', 0, '', '2014-07-14 00:36:18', '2014-07-14 00:36:18'),
(30, 15, 2, 149, 2, 4, 1, 1, 1, '', 0, 0, 0, '', '', '', '', '2014-07-13', 0, '', '', '', '', '', '', '', '', '', '25', '', '', '', '', 0, '', 0, 0, 0, '', 0, '', '2014-07-14 00:36:18', '2014-07-14 00:36:18'),
(31, 16, 2, 149, 2, 3, 1, 25, 1, '', 2, 0, 0, '', '', '', '', '2014-07-05', 0, '', '', '', '', '', '', '', '', '', '25', '', '', '', '', 0, '', 0, 0, 0, '', 0, '', '2014-07-14 00:37:18', '2014-07-14 00:37:18'),
(32, 16, 2, 149, 2, 4, 1, 1, 1, '', 0, 0, 0, '', '', '', '', '2014-07-05', 0, '', '', '', '', '', '', '', '', '', '25', '', '', '', '', 0, '', 0, 0, 0, '', 0, '', '2014-07-14 00:37:18', '2014-07-14 00:37:18'),
(33, 17, 2, 149, 2, 3, 1, 25, 1, '', 2, 0, 0, '', '', '', '', '2014-07-19', 0, '', '', '', '', '', '', '', '', '', '25', '', '', '', '', 0, '', 0, 0, 0, '', 0, '', '2014-07-14 00:38:26', '2014-07-14 00:38:26'),
(34, 17, 2, 149, 2, 4, 1, 1, 1, '', 0, 0, 0, '', '', '', '', '2014-07-19', 0, '', '', '', '', '', '', '', '', '', '25', '', '', '', '', 0, '', 0, 0, 0, '', 0, '', '2014-07-14 00:38:26', '2014-07-14 00:38:26'),
(35, 18, 2, 149, 2, 3, 1, 25, 1, '', 2, 0, 0, '', '', '', '', '2014-07-12', 0, '', '', '', '', '', '', '', '', '', '25', '', '', '', '', 0, '', 0, 0, 0, '', 0, '', '2014-07-14 00:38:58', '2014-07-14 00:38:58'),
(36, 18, 2, 149, 2, 4, 1, 1, 1, '', 0, 0, 0, '', '', '', '', '2014-07-12', 0, '', '', '', '', '', '', '', '', '', '25', '', '', '', '', 0, '', 0, 0, 0, '', 0, '', '2014-07-14 00:38:58', '2014-07-14 00:38:58'),
(37, 19, 2, 149, 2, 3, 1, 25, 1, '', 2, 0, 0, '', '', '', '', '2014-07-13', 0, '', '', '', '', '', '', '', '', '', '25', '', '', '', '', 0, '', 0, 0, 0, '', 0, '', '2014-07-14 00:39:36', '2014-07-14 00:39:36'),
(38, 19, 2, 149, 2, 4, 1, 1, 1, '', 0, 0, 0, '', '', '', '', '2014-07-13', 0, '', '', '', '', '', '', '', '', '', '25', '', '', '', '', 0, '', 0, 0, 0, '', 0, '', '2014-07-14 00:39:36', '2014-07-14 00:39:36'),
(39, 20, 2, 149, 2, 3, 1, 25, 1, '', 2, 0, 0, '', '', '', '', '2014-07-12', 0, '', '', '', '', '', '', '', '', '', '25', '', '', '', '', 0, '', 0, 0, 0, '', 0, '', '2014-07-14 00:41:01', '2014-07-14 00:41:01'),
(40, 20, 2, 149, 2, 4, 1, 1, 1, '', 0, 0, 0, '', '', '', '', '2014-07-12', 0, '', '', '', '', '', '', '', '', '', '25', '', '', '', '', 0, '', 0, 0, 0, '', 0, '', '2014-07-14 00:41:01', '2014-07-14 00:41:01'),
(41, 21, 2, 149, 2, 3, 1, 25, 1, '', 2, 0, 0, '', '', '', '', '2014-07-12', 0, '', '', '', '', '', '', '', '', '', '25', '', '', '', '', 0, '', 0, 0, 0, '', 0, '', '2014-07-14 00:42:31', '2014-07-14 00:42:31'),
(42, 21, 2, 149, 2, 4, 1, 1, 1, '', 0, 0, 0, '', '', '', '', '2014-07-12', 0, '', '', '', '', '', '', '', '', '', '25', '', '', '', '', 0, '', 0, 0, 0, '', 0, '', '2014-07-14 00:42:31', '2014-07-14 00:42:31'),
(43, 22, 2, 149, 2, 3, 1, 25, 1, '', 2, 0, 0, '', '', '', '', '2014-07-11', 0, '', '', '', '', '', '', '', '', '', '25', '', '', '', '', 0, '', 0, 0, 0, '', 0, '', '2014-07-14 00:43:09', '2014-07-14 00:43:09'),
(44, 22, 2, 149, 2, 4, 1, 1, 1, '', 0, 0, 0, '', '', '', '', '2014-07-11', 0, '', '', '', '', '', '', '', '', '', '25', '', '', '', '', 0, '', 0, 0, 0, '', 0, '', '2014-07-14 00:43:09', '2014-07-14 00:43:09'),
(45, 23, 2, 149, 2, 3, 1, 25, 1, '', 2, 0, 0, '', '', '', '', '2014-07-04', 0, '', '', '', '', '', '', '', '', '', '25', '', '', '', '', 0, '', 0, 0, 0, '', 0, '', '2014-07-14 01:15:30', '2014-07-14 01:15:30'),
(46, 23, 2, 149, 2, 4, 1, 1, 1, '', 0, 0, 0, '', '', '', '', '2014-07-04', 0, '', '', '', '', '', '', '', '', '', '25', '', '', '', '', 0, '', 0, 0, 0, '', 0, '', '2014-07-14 01:15:30', '2014-07-14 01:15:30'),
(47, 24, 2, 149, 2, 3, 1, 25, 1, '', 2, 0, 0, '', '', '', '', '2014-07-13', 0, '', '', '', '', '', '', '', '', '', '25', '', '', '', '', 0, '', 0, 0, 0, '', 0, '', '2014-07-14 01:18:16', '2014-07-14 01:18:16'),
(48, 24, 2, 149, 2, 4, 1, 1, 1, '', 0, 0, 0, '', '', '', '', '2014-07-13', 0, '', '', '', '', '', '', '', '', '', '25', '', '', '', '', 0, '', 0, 0, 0, '', 0, '', '2014-07-14 01:18:16', '2014-07-14 01:18:16'),
(49, 25, 2, 149, 2, 3, 1, 25, 1, '', 2, 0, 0, '', '', '', '', '2014-07-13', 0, '', '', '', '', '', '', '', '', '', '25', '', '', '', '', 0, '', 0, 0, 0, '', 0, '', '2014-07-14 01:18:35', '2014-07-14 01:18:35'),
(50, 25, 2, 149, 2, 4, 1, 1, 1, '', 0, 0, 0, '', '', '', '', '2014-07-13', 0, '', '', '', '', '', '', '', '', '', '25', '', '', '', '', 0, '', 0, 0, 0, '', 0, '', '2014-07-14 01:18:35', '2014-07-14 01:18:35'),
(51, 26, 2, 149, 2, 3, 1, 25, 1, '', 2, 0, 0, '', '', '', '', '2014-07-13', 0, '', '', '', '', '', '', '', '', '', '25', '', '', '', '', 0, '', 0, 0, 0, '', 0, '', '2014-07-14 01:29:41', '2014-07-14 01:29:41'),
(52, 26, 2, 149, 2, 4, 1, 1, 1, '', 0, 0, 0, '', '', '', '', '2014-07-13', 0, '', '', '', '', '', '', '', '', '', '25', '', '', '', '', 0, '', 0, 0, 0, '', 0, '', '2014-07-14 01:29:41', '2014-07-14 01:29:41'),
(53, 27, 2, 149, 2, 3, 1, 25, 1, '', 2, 0, 0, '', '', '', '', '2014-07-13', 0, '', '', '', '', '', '', '', '', '', '25', '', '', '', '', 0, '', 0, 0, 0, '', 0, '', '2014-07-14 01:34:32', '2014-07-14 01:34:32'),
(54, 27, 2, 149, 2, 4, 1, 1, 1, '', 0, 0, 0, '', '', '', '', '2014-07-13', 0, '', '', '', '', '', '', '', '', '', '25', '', '', '', '', 0, '', 0, 0, 0, '', 0, '', '2014-07-14 01:34:32', '2014-07-14 01:34:32'),
(55, 28, 2, 149, 2, 3, 1, 25, 1, '', 2, 0, 0, '', '', '', '', '2014-07-13', 0, '', '', '', '', '', '', '', '', '', '25', '', '', '', '', 0, '', 0, 0, 0, '', 0, '', '2014-07-14 01:35:06', '2014-07-14 01:35:06'),
(56, 28, 2, 149, 2, 4, 1, 1, 1, '', 0, 0, 0, '', '', '', '', '2014-07-13', 0, '', '', '', '', '', '', '', '', '', '25', '', '', '', '', 0, '', 0, 0, 0, '', 0, '', '2014-07-14 01:35:07', '2014-07-14 01:35:07'),
(57, 29, 2, 149, 2, 3, 1, 25, 1, '', 2, 0, 0, '', '', '', '', '2014-07-13', 0, '', '', '', '', '', '', '', '', '', '25', '', '', '', '', 0, '', 0, 0, 0, '', 0, '', '2014-07-14 01:39:52', '2014-07-14 01:39:52'),
(58, 29, 2, 149, 2, 4, 1, 1, 1, '', 0, 0, 0, '', '', '', '', '2014-07-13', 0, '', '', '', '', '', '', '', '', '', '25', '', '', '', '', 0, '', 0, 0, 0, '', 0, '', '2014-07-14 01:39:52', '2014-07-14 01:39:52'),
(59, 30, 2, 149, 2, 3, 1, 25, 1, '', 2, 0, 0, '', '', '', '', '2014-07-26', 0, '', '', '', '', '', '', '', '', '', '25', '', '', '', '', 0, '', 0, 0, 0, '', 0, '', '2014-07-14 01:45:11', '2014-07-14 01:45:11'),
(60, 30, 2, 149, 2, 4, 1, 1, 1, '', 0, 0, 0, '', '', '', '', '2014-07-26', 0, '', '', '', '', '', '', '', '', '', '25', '', '', '', '', 0, '', 0, 0, 0, '', 0, '', '2014-07-14 01:45:11', '2014-07-14 01:45:11'),
(61, 31, 2, 149, 2, 3, 1, 25, 1, '', 2, 0, 0, '', '', '', '', '2014-07-13', 0, '', '', '', '', '', '', '', '', '', '25', '', '', '', '', 0, '', 0, 0, 0, '', 0, '', '2014-07-14 01:45:47', '2014-07-14 01:45:47'),
(62, 31, 2, 149, 2, 4, 1, 1, 1, '', 0, 0, 0, '', '', '', '', '2014-07-13', 0, '', '', '', '', '', '', '', '', '', '25', '', '', '', '', 0, '', 0, 0, 0, '', 0, '', '2014-07-14 01:45:47', '2014-07-14 01:45:47'),
(63, 32, 2, 149, 2, 3, 1, 25, 1, '', 2, 0, 0, '', '', '', '', '2014-07-13', 0, '', '', '', '', '', '', '', '', '', '25', '', '', '', '', 0, '', 0, 0, 0, '', 0, '', '2014-07-14 01:55:07', '2014-07-14 01:55:07'),
(64, 32, 2, 149, 2, 4, 1, 1, 1, '', 0, 0, 0, '', '', '', '', '2014-07-13', 0, '', '', '', '', '', '', '', '', '', '25', '', '', '', '', 0, '', 0, 0, 0, '', 0, '', '2014-07-14 01:55:07', '2014-07-14 01:55:07'),
(65, 33, 2, 149, 2, 3, 1, 25, 1, '', 2, 0, 0, '', '', '', '', '2014-07-13', 0, '', '', '', '', '', '', '', '', '', '25', '', '', '', '', 0, '', 0, 0, 0, '', 0, '', '2014-07-14 01:55:53', '2014-07-14 01:55:53'),
(66, 33, 2, 149, 2, 4, 1, 1, 1, '', 0, 0, 0, '', '', '', '', '2014-07-13', 0, '', '', '', '', '', '', '', '', '', '25', '', '', '', '', 0, '', 0, 0, 0, '', 0, '', '2014-07-14 01:55:53', '2014-07-14 01:55:53');

-- --------------------------------------------------------

--
-- Estructura de tabla para la tabla `personas_log`
--

CREATE TABLE IF NOT EXISTS `personas_log` (
  `id` int(10) unsigned NOT NULL AUTO_INCREMENT,
  `id_persona` int(10) unsigned NOT NULL,
  `field` varchar(255) COLLATE utf8_unicode_ci NOT NULL,
  `value` varchar(255) COLLATE utf8_unicode_ci NOT NULL,
  `id_usuario` int(11) NOT NULL,
  `created_at` timestamp NOT NULL DEFAULT '0000-00-00 00:00:00',
  `updated_at` timestamp NOT NULL DEFAULT '0000-00-00 00:00:00',
  PRIMARY KEY (`id`)
) ENGINE=InnoDB DEFAULT CHARSET=utf8 COLLATE=utf8_unicode_ci AUTO_INCREMENT=1 ;

-- --------------------------------------------------------

--
-- Estructura de tabla para la tabla `provincias`
--

CREATE TABLE IF NOT EXISTS `provincias` (
  `id` int(10) unsigned NOT NULL AUTO_INCREMENT,
  `descripcion` varchar(255) COLLATE utf8_unicode_ci NOT NULL,
  `created_at` timestamp NOT NULL DEFAULT '0000-00-00 00:00:00',
  `updated_at` timestamp NOT NULL DEFAULT '0000-00-00 00:00:00',
  PRIMARY KEY (`id`)
) ENGINE=InnoDB  DEFAULT CHARSET=utf8 COLLATE=utf8_unicode_ci AUTO_INCREMENT=26 ;

--
-- Volcado de datos para la tabla `provincias`
--

INSERT INTO `provincias` (`id`, `descripcion`, `created_at`, `updated_at`) VALUES
(1, 'BUENOS AIRES', '2014-07-12 15:25:16', '2014-07-12 15:25:16'),
(2, 'CATAMARCA', '2014-07-12 15:25:16', '2014-07-12 15:25:16'),
(3, 'CHACO', '2014-07-12 15:25:16', '2014-07-12 15:25:16'),
(4, 'CHUBUT', '2014-07-12 15:25:16', '2014-07-12 15:25:16'),
(5, 'CORDOBA', '2014-07-12 15:25:16', '2014-07-12 15:25:16'),
(6, 'CORRIENTES', '2014-07-12 15:25:16', '2014-07-12 15:25:16'),
(7, 'ENTRE RIOS', '2014-07-12 15:25:16', '2014-07-12 15:25:16'),
(8, 'FORMOSA', '2014-07-12 15:25:16', '2014-07-12 15:25:16'),
(9, 'JUJUY', '2014-07-12 15:25:16', '2014-07-12 15:25:16'),
(10, 'LA PAMPA', '2014-07-12 15:25:16', '2014-07-12 15:25:16'),
(11, 'LA RIOJA', '2014-07-12 15:25:16', '2014-07-12 15:25:16'),
(12, 'MENDOZA', '2014-07-12 15:25:16', '2014-07-12 15:25:16'),
(13, 'MISIONES', '2014-07-12 15:25:16', '2014-07-12 15:25:16'),
(14, 'NEUQUEN', '2014-07-12 15:25:16', '2014-07-12 15:25:16'),
(15, 'RIO NEGRO', '2014-07-12 15:25:16', '2014-07-12 15:25:16'),
(16, 'SALTA', '2014-07-12 15:25:16', '2014-07-12 15:25:16'),
(17, 'SAN JUAN', '2014-07-12 15:25:16', '2014-07-12 15:25:16'),
(18, 'SAN LUIS', '2014-07-12 15:25:16', '2014-07-12 15:25:16'),
(19, 'SANTA CRUZ', '2014-07-12 15:25:16', '2014-07-12 15:25:16'),
(20, 'SANTA FE', '2014-07-12 15:25:16', '2014-07-12 15:25:16'),
(21, 'SANTIAGO DEL ESTERO', '2014-07-12 15:25:16', '2014-07-12 15:25:16'),
(22, 'TIERRA DEL FUEGO', '2014-07-12 15:25:16', '2014-07-12 15:25:16'),
(23, 'TUCUMAN', '2014-07-12 15:25:16', '2014-07-12 15:25:16'),
(24, 'CAPITAL FEDERAL', '2014-07-12 15:25:16', '2014-07-12 15:25:16'),
(25, ' S/D', '2014-07-12 15:25:16', '2014-07-12 15:25:16');

-- --------------------------------------------------------

--
-- Estructura de tabla para la tabla `secuestro_elementos`
--

CREATE TABLE IF NOT EXISTS `secuestro_elementos` (
  `id` int(10) unsigned NOT NULL AUTO_INCREMENT,
  `id_persona` int(10) unsigned NOT NULL,
  `tipo_elemento` varchar(255) COLLATE utf8_unicode_ci NOT NULL,
  `identificacion` varchar(255) COLLATE utf8_unicode_ci NOT NULL,
  `marca` varchar(255) COLLATE utf8_unicode_ci NOT NULL,
  `modelo` varchar(255) COLLATE utf8_unicode_ci NOT NULL,
  `created_at` timestamp NOT NULL DEFAULT '0000-00-00 00:00:00',
  `updated_at` timestamp NOT NULL DEFAULT '0000-00-00 00:00:00',
  PRIMARY KEY (`id`)
) ENGINE=InnoDB DEFAULT CHARSET=utf8 COLLATE=utf8_unicode_ci AUTO_INCREMENT=1 ;

-- --------------------------------------------------------

--
-- Estructura de tabla para la tabla `secuestro_elementos_log`
--

CREATE TABLE IF NOT EXISTS `secuestro_elementos_log` (
  `id` int(10) unsigned NOT NULL AUTO_INCREMENT,
  `id_secuestro_elementos` int(10) unsigned NOT NULL,
  `field` varchar(255) COLLATE utf8_unicode_ci NOT NULL,
  `value` varchar(255) COLLATE utf8_unicode_ci NOT NULL,
  `id_usuario` int(11) NOT NULL,
  `created_at` timestamp NOT NULL DEFAULT '0000-00-00 00:00:00',
  `updated_at` timestamp NOT NULL DEFAULT '0000-00-00 00:00:00',
  PRIMARY KEY (`id`),
  KEY `secuestro_elementos_log_id_secuestro_elementos_foreign` (`id_secuestro_elementos`)
) ENGINE=InnoDB DEFAULT CHARSET=utf8 COLLATE=utf8_unicode_ci AUTO_INCREMENT=1 ;

-- --------------------------------------------------------

--
-- Estructura de tabla para la tabla `secuestro_vehicular`
--

CREATE TABLE IF NOT EXISTS `secuestro_vehicular` (
  `id` int(10) unsigned NOT NULL AUTO_INCREMENT,
  `id_oficio` int(10) unsigned NOT NULL,
  `id_persona` int(10) unsigned NOT NULL,
  `dominio` varchar(255) COLLATE utf8_unicode_ci NOT NULL,
  `marca_vehiculo` varchar(25) COLLATE utf8_unicode_ci NOT NULL,
  `modelo_vehiculo` varchar(25) COLLATE utf8_unicode_ci NOT NULL,
  `nro_chasis` int(11) NOT NULL,
  `nro_motor` int(11) NOT NULL,
  `radicacion` varchar(25) COLLATE utf8_unicode_ci NOT NULL,
  `juzgado_secretaria` varchar(255) COLLATE utf8_unicode_ci NOT NULL,
  `anio_vehiculo` int(11) NOT NULL,
  `created_at` timestamp NOT NULL DEFAULT '0000-00-00 00:00:00',
  `updated_at` timestamp NOT NULL DEFAULT '0000-00-00 00:00:00',
  PRIMARY KEY (`id`)
) ENGINE=InnoDB DEFAULT CHARSET=utf8 COLLATE=utf8_unicode_ci AUTO_INCREMENT=1 ;

-- --------------------------------------------------------

--
-- Estructura de tabla para la tabla `secuestro_vehicular_log`
--

CREATE TABLE IF NOT EXISTS `secuestro_vehicular_log` (
  `id` int(10) unsigned NOT NULL AUTO_INCREMENT,
  `id_secuestro_vehicular` int(10) unsigned NOT NULL,
  `field` varchar(255) COLLATE utf8_unicode_ci NOT NULL,
  `value` varchar(255) COLLATE utf8_unicode_ci NOT NULL,
  `id_usuario` int(11) NOT NULL,
  `created_at` timestamp NOT NULL DEFAULT '0000-00-00 00:00:00',
  `updated_at` timestamp NOT NULL DEFAULT '0000-00-00 00:00:00',
  PRIMARY KEY (`id`),
  KEY `secuestro_vehicular_log_id_secuestro_vehicular_foreign` (`id_secuestro_vehicular`)
) ENGINE=InnoDB DEFAULT CHARSET=utf8 COLLATE=utf8_unicode_ci AUTO_INCREMENT=1 ;

-- --------------------------------------------------------

--
-- Estructura de tabla para la tabla `sexo`
--

CREATE TABLE IF NOT EXISTS `sexo` (
  `id` int(10) unsigned NOT NULL AUTO_INCREMENT,
  `descripcion` varchar(255) COLLATE utf8_unicode_ci NOT NULL,
  `created_at` timestamp NOT NULL DEFAULT '0000-00-00 00:00:00',
  `updated_at` timestamp NOT NULL DEFAULT '0000-00-00 00:00:00',
  PRIMARY KEY (`id`)
) ENGINE=InnoDB  DEFAULT CHARSET=utf8 COLLATE=utf8_unicode_ci AUTO_INCREMENT=3 ;

--
-- Volcado de datos para la tabla `sexo`
--

INSERT INTO `sexo` (`id`, `descripcion`, `created_at`, `updated_at`) VALUES
(1, 'Masculino', '2014-07-12 15:25:16', '2014-07-12 15:25:16'),
(2, 'Femenino', '2014-07-12 15:25:16', '2014-07-12 15:25:16');

-- --------------------------------------------------------

--
-- Estructura de tabla para la tabla `solicitud_paradero`
--

CREATE TABLE IF NOT EXISTS `solicitud_paradero` (
  `id` int(10) unsigned NOT NULL AUTO_INCREMENT,
  `id_persona` int(10) unsigned NOT NULL,
  `primera_desaparece` tinyint(1) unsigned NOT NULL,
  `enfermedad` tinyint(1) unsigned NOT NULL,
  `drogadiccion` tinyint(1) unsigned NOT NULL,
  `internado_institucion` tinyint(1) unsigned NOT NULL,
  `descripcion_caso` text COLLATE utf8_unicode_ci NOT NULL,
  `novedades` text COLLATE utf8_unicode_ci NOT NULL,
  `enfermedades` text COLLATE utf8_unicode_ci NOT NULL,
  `concurrencia` text COLLATE utf8_unicode_ci NOT NULL,
  `descipcion_persona` text COLLATE utf8_unicode_ci NOT NULL,
  `lugar_visto` text COLLATE utf8_unicode_ci NOT NULL,
  `fecha_visto` date NOT NULL,
  `hora_visto` time NOT NULL,
  `medicacion` varchar(255) COLLATE utf8_unicode_ci NOT NULL,
  `vinculo_desaparecido` varchar(255) COLLATE utf8_unicode_ci NOT NULL,
  `pertenencia_referencia` varchar(255) COLLATE utf8_unicode_ci NOT NULL,
  `vestimenta` varchar(255) COLLATE utf8_unicode_ci NOT NULL,
  `descripcion_fisica` varchar(255) COLLATE utf8_unicode_ci NOT NULL,
  `created_at` timestamp NOT NULL DEFAULT '0000-00-00 00:00:00',
  `updated_at` timestamp NOT NULL DEFAULT '0000-00-00 00:00:00',
  PRIMARY KEY (`id`)
) ENGINE=InnoDB  DEFAULT CHARSET=utf8 COLLATE=utf8_unicode_ci AUTO_INCREMENT=34 ;

--
-- Volcado de datos para la tabla `solicitud_paradero`
--

INSERT INTO `solicitud_paradero` (`id`, `id_persona`, `primera_desaparece`, `enfermedad`, `drogadiccion`, `internado_institucion`, `descripcion_caso`, `novedades`, `enfermedades`, `concurrencia`, `descipcion_persona`, `lugar_visto`, `fecha_visto`, `hora_visto`, `medicacion`, `vinculo_desaparecido`, `pertenencia_referencia`, `vestimenta`, `descripcion_fisica`, `created_at`, `updated_at`) VALUES
(1, 1, 1, 1, 1, 1, '', '', '', '', '', '', '2014-07-12', '00:00:00', '', '', '', '', '', '2014-07-12 15:31:59', '2014-07-12 15:31:59'),
(2, 3, 1, 1, 1, 1, '', '', '', '', '', '', '2014-07-12', '00:00:00', '', '', '', '', '', '2014-07-12 15:37:17', '2014-07-12 15:37:17'),
(3, 5, 1, 1, 1, 1, '', '', '', '', '', '', '2014-07-12', '00:00:00', '', '', '', '', '', '2014-07-12 15:41:30', '2014-07-12 15:41:30'),
(4, 7, 1, 1, 1, 1, '', '', '', '', '', '', '2014-07-12', '00:00:00', '', '', '', '', '', '2014-07-12 15:41:42', '2014-07-12 15:41:42'),
(5, 9, 1, 1, 1, 1, '', '', '', '', '', '', '2014-07-12', '00:00:00', '', '', '', '', '', '2014-07-12 16:01:38', '2014-07-12 16:01:38'),
(6, 11, 1, 1, 1, 1, '', '', '', '', '', '', '2014-07-12', '00:00:00', '', '', '', '', '', '2014-07-12 16:03:53', '2014-07-12 16:03:53'),
(7, 13, 1, 1, 1, 1, '', '', '', '', '', '', '2014-07-05', '00:00:00', '', '', '', '', '', '2014-07-12 16:06:32', '2014-07-12 16:06:32'),
(8, 15, 1, 1, 1, 1, '', '', '', '', '', '', '2014-07-12', '00:00:00', '', '', '', '', '', '2014-07-12 16:11:44', '2014-07-12 16:11:44'),
(9, 17, 1, 1, 1, 1, '', '', '', '', '', '', '2014-07-12', '00:00:00', '', '', '', '', '', '2014-07-12 21:21:54', '2014-07-12 21:21:54'),
(10, 19, 1, 1, 1, 1, '', '', '', '', '', '', '2014-07-12', '00:00:00', '', '', '', '', '', '2014-07-12 21:25:51', '2014-07-12 21:25:51'),
(11, 21, 1, 1, 1, 1, '', '', '', '', '', '', '2014-07-19', '00:00:00', '', '', '', '', '', '2014-07-14 00:16:05', '2014-07-14 00:16:05'),
(12, 23, 1, 1, 1, 1, '', '', '', '', '', '', '2014-07-13', '00:00:00', '', '', '', '', '', '2014-07-14 00:17:22', '2014-07-14 00:17:22'),
(13, 25, 1, 1, 1, 1, '', '', '', '', '', '', '2014-07-13', '00:00:00', '', '', '', '', '', '2014-07-14 00:17:43', '2014-07-14 00:17:43'),
(14, 27, 1, 1, 1, 1, '', '', '', '', '', '', '2014-07-18', '00:00:00', '', '', '', '', '', '2014-07-14 00:35:33', '2014-07-14 00:35:33'),
(15, 29, 1, 1, 1, 1, '', '', '', '', '', '', '2014-07-13', '00:00:00', '', '', '', '', '', '2014-07-14 00:36:18', '2014-07-14 00:36:18'),
(16, 31, 1, 1, 1, 1, '', '', '', '', '', '', '2014-07-05', '00:00:00', '', '', '', '', '', '2014-07-14 00:37:18', '2014-07-14 00:37:18'),
(17, 33, 1, 1, 1, 1, '', '', '', '', '', '', '2014-07-19', '00:00:00', '', '', '', '', '', '2014-07-14 00:38:26', '2014-07-14 00:38:26'),
(18, 35, 1, 1, 1, 1, '', '', '', '', '', '', '2014-07-12', '00:00:00', '', '', '', '', '', '2014-07-14 00:38:59', '2014-07-14 00:38:59'),
(19, 37, 1, 1, 1, 1, '', '', '', '', '', '', '2014-07-13', '00:00:00', '', '', '', '', '', '2014-07-14 00:39:36', '2014-07-14 00:39:36'),
(20, 39, 1, 1, 1, 1, '', '', '', '', '', '', '2014-07-12', '00:00:00', '', '', '', '', '', '2014-07-14 00:41:01', '2014-07-14 00:41:01'),
(21, 41, 1, 1, 1, 1, '', '', '', '', '', '', '2014-07-12', '01:00:00', '', '', '', '', '', '2014-07-14 00:42:31', '2014-07-14 00:42:31'),
(22, 43, 1, 1, 1, 1, '', '', '', '', '', '', '2014-07-11', '00:00:00', '', '', '', '', '', '2014-07-14 00:43:09', '2014-07-14 00:43:09'),
(23, 45, 1, 1, 1, 1, '', '', '', '', '', '', '2014-07-04', '00:00:00', '', '', '', '', '', '2014-07-14 01:15:30', '2014-07-14 01:15:30'),
(24, 47, 1, 1, 1, 1, '', '', '', '', '', '', '2014-07-13', '00:00:00', '', '', '', '', '', '2014-07-14 01:18:16', '2014-07-14 01:18:16'),
(25, 49, 1, 1, 1, 1, '', '', '', '', '', '', '2014-07-13', '00:00:00', '', '', '', '', '', '2014-07-14 01:18:35', '2014-07-14 01:18:35'),
(26, 51, 1, 1, 1, 1, '', '', '', '', '', '', '2014-07-13', '00:00:00', '', '', '', '', '', '2014-07-14 01:29:41', '2014-07-14 01:29:41'),
(27, 53, 1, 1, 1, 1, '', '', '', '', '', '', '2014-07-13', '00:00:00', '', '', '', '', '', '2014-07-14 01:34:32', '2014-07-14 01:34:32'),
(28, 55, 1, 1, 1, 1, '', '', '', '', '', '', '2014-07-13', '00:00:00', '', '', '', '', '', '2014-07-14 01:35:07', '2014-07-14 01:35:07'),
(29, 57, 1, 1, 1, 1, '', '', '', '', '', '', '2014-07-13', '00:00:00', '', '', '', '', '', '2014-07-14 01:39:52', '2014-07-14 01:39:52'),
(30, 59, 1, 1, 1, 1, '', '', '', '', '', '', '2014-07-26', '00:00:00', '', '', '', '', '', '2014-07-14 01:45:12', '2014-07-14 01:45:12'),
(31, 61, 1, 1, 1, 1, '', '', '', '', '', '', '2014-07-13', '00:00:00', '', '', '', '', '', '2014-07-14 01:45:47', '2014-07-14 01:45:47'),
(32, 63, 1, 1, 1, 1, '', '', '', '', '', '', '2014-07-13', '00:00:00', '', '', '', '', '', '2014-07-14 01:55:07', '2014-07-14 01:55:07'),
(33, 65, 1, 1, 1, 1, '', '', '', '', '', '', '2014-07-13', '00:00:00', '', '', '', '', '', '2014-07-14 01:55:53', '2014-07-14 01:55:53');

-- --------------------------------------------------------

--
-- Estructura de tabla para la tabla `solicitud_paradero_log`
--

CREATE TABLE IF NOT EXISTS `solicitud_paradero_log` (
  `id` int(10) unsigned NOT NULL AUTO_INCREMENT,
  `id_solicitud_paradero` int(10) unsigned NOT NULL,
  `field` varchar(255) COLLATE utf8_unicode_ci NOT NULL,
  `value` varchar(255) COLLATE utf8_unicode_ci NOT NULL,
  `id_usuario` int(11) NOT NULL,
  `created_at` timestamp NOT NULL DEFAULT '0000-00-00 00:00:00',
  `updated_at` timestamp NOT NULL DEFAULT '0000-00-00 00:00:00',
  PRIMARY KEY (`id`),
  KEY `solicitud_paradero_log_id_solicitud_paradero_foreign` (`id_solicitud_paradero`)
) ENGINE=InnoDB DEFAULT CHARSET=utf8 COLLATE=utf8_unicode_ci AUTO_INCREMENT=1 ;

-- --------------------------------------------------------

--
-- Estructura de tabla para la tabla `tarjetas_credito`
--

CREATE TABLE IF NOT EXISTS `tarjetas_credito` (
  `id` int(10) unsigned NOT NULL AUTO_INCREMENT,
  `id_oficio` int(10) unsigned NOT NULL,
  `nro_tarjeta` int(11) NOT NULL,
  `bco_tarjeta` varchar(25) COLLATE utf8_unicode_ci NOT NULL,
  `created_at` timestamp NOT NULL DEFAULT '0000-00-00 00:00:00',
  `updated_at` timestamp NOT NULL DEFAULT '0000-00-00 00:00:00',
  PRIMARY KEY (`id`)
) ENGINE=InnoDB DEFAULT CHARSET=utf8 COLLATE=utf8_unicode_ci AUTO_INCREMENT=1 ;

-- --------------------------------------------------------

--
-- Estructura de tabla para la tabla `tipo_doc`
--

CREATE TABLE IF NOT EXISTS `tipo_doc` (
  `id` int(10) unsigned NOT NULL AUTO_INCREMENT,
  `descripcion` varchar(255) COLLATE utf8_unicode_ci NOT NULL,
  `created_at` timestamp NOT NULL DEFAULT '0000-00-00 00:00:00',
  `updated_at` timestamp NOT NULL DEFAULT '0000-00-00 00:00:00',
  PRIMARY KEY (`id`)
) ENGINE=InnoDB  DEFAULT CHARSET=utf8 COLLATE=utf8_unicode_ci AUTO_INCREMENT=8 ;

--
-- Volcado de datos para la tabla `tipo_doc`
--

INSERT INTO `tipo_doc` (`id`, `descripcion`, `created_at`, `updated_at`) VALUES
(1, 'DNI', '2014-07-12 15:25:16', '2014-07-12 15:25:16'),
(2, 'Cédula de Identidad', '2014-07-12 15:25:16', '2014-07-12 15:25:16'),
(3, 'Pasaporte', '2014-07-12 15:25:16', '2014-07-12 15:25:16'),
(4, 'LE', '2014-07-12 15:25:16', '2014-07-12 15:25:16'),
(5, 'LC', '2014-07-12 15:25:16', '2014-07-12 15:25:16'),
(6, 'DNI Extranjero', '2014-07-12 15:25:16', '2014-07-12 15:25:16'),
(7, 'No Posee', '2014-07-12 15:25:16', '2014-07-12 15:25:16');

-- --------------------------------------------------------

--
-- Estructura de tabla para la tabla `tipos_oficios`
--

CREATE TABLE IF NOT EXISTS `tipos_oficios` (
  `id` int(10) unsigned NOT NULL AUTO_INCREMENT,
  `descripcion` varchar(255) COLLATE utf8_unicode_ci NOT NULL,
  `ruta` varchar(255) COLLATE utf8_unicode_ci NOT NULL,
  `created_at` timestamp NOT NULL DEFAULT '0000-00-00 00:00:00',
  `updated_at` timestamp NOT NULL DEFAULT '0000-00-00 00:00:00',
  PRIMARY KEY (`id`)
) ENGINE=InnoDB  DEFAULT CHARSET=utf8 COLLATE=utf8_unicode_ci AUTO_INCREMENT=10 ;

--
-- Volcado de datos para la tabla `tipos_oficios`
--

INSERT INTO `tipos_oficios` (`id`, `descripcion`, `ruta`, `created_at`, `updated_at`) VALUES
(1, 'Solicitud de Paradero', 'solicitud_paradero', '0000-00-00 00:00:00', '0000-00-00 00:00:00'),
(2, 'Pedido de Secuestro Vehicular', 'secuestro_vehicular', '0000-00-00 00:00:00', '0000-00-00 00:00:00'),
(3, 'Prohibición Salida del País', 'prohibicion_salida', '0000-00-00 00:00:00', '0000-00-00 00:00:00'),
(4, 'Pedidos de Captura', 'pedidos_captura', '0000-00-00 00:00:00', '0000-00-00 00:00:00'),
(5, 'Medidas Restrictivas', 'medidas_restrictivas', '0000-00-00 00:00:00', '0000-00-00 00:00:00'),
(6, 'Solicitud de Paradero Por Req Judicial', 'solicitud_paradero_req_jud', '0000-00-00 00:00:00', '0000-00-00 00:00:00'),
(7, 'Habeas Corpus', 'habeas_corpus', '0000-00-00 00:00:00', '0000-00-00 00:00:00'),
(8, 'Secuestro Elementos', 'secuestro_elementos', '0000-00-00 00:00:00', '0000-00-00 00:00:00'),
(9, 'Otras Medidas', 'otras_medidas', '0000-00-00 00:00:00', '0000-00-00 00:00:00');

-- --------------------------------------------------------

--
-- Estructura de tabla para la tabla `tipos_personas`
--

CREATE TABLE IF NOT EXISTS `tipos_personas` (
  `id` int(10) unsigned NOT NULL AUTO_INCREMENT,
  `descripcion` varchar(255) COLLATE utf8_unicode_ci NOT NULL,
  `created_at` timestamp NOT NULL DEFAULT '0000-00-00 00:00:00',
  `updated_at` timestamp NOT NULL DEFAULT '0000-00-00 00:00:00',
  PRIMARY KEY (`id`)
) ENGINE=InnoDB  DEFAULT CHARSET=utf8 COLLATE=utf8_unicode_ci AUTO_INCREMENT=6 ;

--
-- Volcado de datos para la tabla `tipos_personas`
--

INSERT INTO `tipos_personas` (`id`, `descripcion`, `created_at`, `updated_at`) VALUES
(1, 'victima', '0000-00-00 00:00:00', '0000-00-00 00:00:00'),
(2, 'responsable', '0000-00-00 00:00:00', '0000-00-00 00:00:00'),
(3, 'buscado', '0000-00-00 00:00:00', '0000-00-00 00:00:00'),
(4, 'solicitante', '0000-00-00 00:00:00', '0000-00-00 00:00:00'),
(5, 'titular', '0000-00-00 00:00:00', '0000-00-00 00:00:00');

-- --------------------------------------------------------

--
-- Estructura de tabla para la tabla `usuarios`
--

CREATE TABLE IF NOT EXISTS `usuarios` (
  `id` int(10) unsigned NOT NULL AUTO_INCREMENT,
  `nombre` varchar(25) COLLATE utf8_unicode_ci NOT NULL,
  `apellido` varchar(25) COLLATE utf8_unicode_ci NOT NULL,
  `email` varchar(50) COLLATE utf8_unicode_ci NOT NULL,
  `password` varchar(255) COLLATE utf8_unicode_ci NOT NULL,
  `dni` int(11) NOT NULL,
  `id_perfil` int(10) unsigned NOT NULL,
  `id_jurisdiccion` int(10) unsigned NOT NULL DEFAULT '1',
  `username` varchar(25) COLLATE utf8_unicode_ci NOT NULL,
  `remember_token` varchar(100) COLLATE utf8_unicode_ci NOT NULL,
  `created_at` timestamp NOT NULL DEFAULT '0000-00-00 00:00:00',
  `updated_at` timestamp NOT NULL DEFAULT '0000-00-00 00:00:00',
  PRIMARY KEY (`id`),
  KEY `usuarios_id_perfil_foreign` (`id_perfil`)
) ENGINE=InnoDB  DEFAULT CHARSET=utf8 COLLATE=utf8_unicode_ci AUTO_INCREMENT=4 ;

--
-- Volcado de datos para la tabla `usuarios`
--

INSERT INTO `usuarios` (`id`, `nombre`, `apellido`, `email`, `password`, `dni`, `id_perfil`, `id_jurisdiccion`, `username`, `remember_token`, `created_at`, `updated_at`) VALUES
(1, '', '', '', '$2y$10$HqZYvGM7bVK/kIXAHyXDIeLlMp9jwFxdCZThjie.AT/f6On0w7Fee', 0, 1, 1, 'supervisor', 'AWAekOeXtI6TR2mQUQf4OXM0Dy7vsLPcIpwQH71o4IMX0evS3a7EvmUYoCf6', '0000-00-00 00:00:00', '2014-07-14 02:14:25'),
(2, '', '', '', '$2y$10$ziDRt1ZHnAzKukvusPibS.V3FzzWfnz9imWuejO3BsBuzTBcKRzwK', 0, 2, 1, 'consulta', '', '0000-00-00 00:00:00', '0000-00-00 00:00:00'),
(3, '', '', '', '$2y$10$gXty/j4TeqkDhug/OP8fFebHAlFzlnnqlRIWtE2OF9l48a16XZZUy', 0, 3, 1, 'carga', '', '0000-00-00 00:00:00', '0000-00-00 00:00:00');

--
-- Restricciones para tablas volcadas
--

--
-- Filtros para la tabla `oficios_log`
--
ALTER TABLE `oficios_log`
  ADD CONSTRAINT `oficios_log_id_oficio_foreign` FOREIGN KEY (`id_oficio`) REFERENCES `oficios` (`id`) ON DELETE CASCADE;

--
-- Filtros para la tabla `secuestro_elementos_log`
--
ALTER TABLE `secuestro_elementos_log`
  ADD CONSTRAINT `secuestro_elementos_log_id_secuestro_elementos_foreign` FOREIGN KEY (`id_secuestro_elementos`) REFERENCES `secuestro_elementos` (`id`) ON DELETE CASCADE;

--
-- Filtros para la tabla `secuestro_vehicular_log`
--
ALTER TABLE `secuestro_vehicular_log`
  ADD CONSTRAINT `secuestro_vehicular_log_id_secuestro_vehicular_foreign` FOREIGN KEY (`id_secuestro_vehicular`) REFERENCES `secuestro_vehicular` (`id`) ON DELETE CASCADE;

--
-- Filtros para la tabla `solicitud_paradero_log`
--
ALTER TABLE `solicitud_paradero_log`
  ADD CONSTRAINT `solicitud_paradero_log_id_solicitud_paradero_foreign` FOREIGN KEY (`id_solicitud_paradero`) REFERENCES `solicitud_paradero` (`id`) ON DELETE CASCADE;

--
-- Filtros para la tabla `usuarios`
--
ALTER TABLE `usuarios`
  ADD CONSTRAINT `usuarios_id_perfil_foreign` FOREIGN KEY (`id_perfil`) REFERENCES `perfiles` (`id`) ON DELETE CASCADE;
--
-- Base de datos: `organigrama`
--

-- --------------------------------------------------------

--
-- Estructura de tabla para la tabla `direccion_edificios`
--

CREATE TABLE IF NOT EXISTS `direccion_edificios` (
  `id_dep_edi` int(11) NOT NULL AUTO_INCREMENT,
  `id_direccion` int(11) DEFAULT NULL,
  `id_edificio` int(11) DEFAULT NULL,
  `piso` int(5) DEFAULT NULL,
  PRIMARY KEY (`id_dep_edi`)
) ENGINE=InnoDB  DEFAULT CHARSET=latin1 AUTO_INCREMENT=3 ;

--
-- Volcado de datos para la tabla `direccion_edificios`
--

INSERT INTO `direccion_edificios` (`id_dep_edi`, `id_direccion`, `id_edificio`, `piso`) VALUES
(1, 1, 1, 1),
(2, 1, 2, 2);

-- --------------------------------------------------------

--
-- Estructura de tabla para la tabla `direcciones`
--

CREATE TABLE IF NOT EXISTS `direcciones` (
  `id_direccion` int(11) NOT NULL AUTO_INCREMENT,
  `desc_larga` char(200) CHARACTER SET utf8 COLLATE utf8_spanish_ci DEFAULT NULL,
  `desc_corta` char(100) CHARACTER SET utf8 COLLATE utf8_spanish_ci DEFAULT NULL,
  `responsable` char(50) CHARACTER SET utf8 COLLATE utf8_spanish_ci DEFAULT NULL,
  `organismo_superior` int(11) DEFAULT NULL,
  `tipo_nivel` int(2) DEFAULT NULL,
  `codigo_estructural` char(20) CHARACTER SET utf8 COLLATE utf8_spanish_ci DEFAULT NULL,
  `acargo` char(50) CHARACTER SET utf8 COLLATE utf8_spanish_ci DEFAULT NULL,
  `habilitado` int(1) DEFAULT NULL,
  PRIMARY KEY (`id_direccion`)
) ENGINE=InnoDB  DEFAULT CHARSET=latin1 AUTO_INCREMENT=132 ;

--
-- Volcado de datos para la tabla `direcciones`
--

INSERT INTO `direcciones` (`id_direccion`, `desc_larga`, `desc_corta`, `responsable`, `organismo_superior`, `tipo_nivel`, `codigo_estructural`, `acargo`, `habilitado`) VALUES
(1, 'UNIDAD MINISTRO', '', 'Lic. Maria Cecilia Rodriguez', 0, 1, '', '', 0),
(2, 'DIRECCION NACIONAL DE DERECHOS HUMANOS', '', 'DRA. NATALIA FEDERMAN', 1, 3, '', '', 0),
(3, 'JEFATURA DE GABINETE DE ASESORES', NULL, NULL, 1, 5, NULL, NULL, 0),
(4, 'SECRETARIA EJECUTIVA DEL CONSEJO DE SEGURIDAD INTERIOR', NULL, 'DR. GONZALO ROBERTO RUANOVA', 1, 1, NULL, NULL, 0),
(5, 'DIR. DE COMUNICACIÓN', NULL, NULL, 1, 3, NULL, NULL, 0),
(6, 'COORD. DE CEREMONIAL', NULL, 'TEC. GUSTAVO MARY', 1, 4, NULL, NULL, 0),
(7, 'UNIDAD DE AUDITORIA INTERNA', NULL, 'LAURA LOPRESTI', 1, 6, NULL, NULL, 0),
(8, 'COORD. DE APOYO A LA SEC. EJEC. DEL CONSEJO DE SEG. INT.', NULL, NULL, 4, 4, NULL, NULL, 0),
(9, 'COORDINACIÓN NOA', NULL, NULL, 4, 4, NULL, NULL, 0),
(10, 'COORDINACIÓN NEA', NULL, NULL, 4, 4, NULL, NULL, 0),
(11, 'AUDITORÍA ADJUNTA DE LAS FUERZAS DE SEGURIDAD', NULL, 'PABLO GRASSO', 7, 6, NULL, NULL, 0),
(12, 'SUPERVISIÓN EN SEGURIDAD', NULL, 'ROSANA VICENTE', 11, 7, NULL, NULL, 0),
(13, 'SUPERVISIÓN EN GENDARMERIA NACIONAL', NULL, 'ROSA BEATRIZ BARAS', 11, 7, NULL, NULL, 0),
(14, 'SUPERVISIÓN EN PREFECTURA NAVAL ARGENTINA', NULL, 'CRISTINA MABEL LANOSA', 11, 7, NULL, NULL, 0),
(15, 'AUDITORÍA ADJUNTA OPERATIVA Y DE APOYO', NULL, 'SILVIA CANAL', 7, 6, NULL, NULL, 0),
(16, 'SUPERVISION OPERATIVA', NULL, 'FERNANDO JORGE', 15, 7, NULL, NULL, 0),
(17, 'SUPERVISIÓN INFORMÁTICA', NULL, 'JORGE BLASCO', 15, 7, NULL, NULL, 0),
(18, 'SUPERVISIÓN LEGAL', NULL, NULL, 15, 7, NULL, NULL, 0),
(19, 'SECRETARIA DE COORDINACION, PLANEAMIENTO Y FORMACION', NULL, 'DR. CARLOS SERGIO CIPOLLA', 1, 1, NULL, NULL, 0),
(20, 'SUBSECRETARIA DE GESTION ADMINISTRATIVA', NULL, 'LIC. FERNANDO ALVAREZ', 19, 2, NULL, NULL, 0),
(21, 'SUBSECRETARIA DE ASUNTOS JURIDICOS', NULL, 'DR. ESTEBAN ROSA ALVES', 19, 2, NULL, NULL, 0),
(22, 'SUBSECRETARIA DE PLANEAMIENTO Y FORMACION', NULL, 'EDUARDO JAVIER ALONSO', 19, 2, NULL, NULL, 0),
(23, 'DIRECCION GENERAL DE ADMINISTRACION', NULL, 'CDORA. ALICIA MUÑIZ', 20, 3, NULL, NULL, 0),
(24, 'DIRECCION DE COMPRAS Y CONTRATACIONES', NULL, '', 23, 3, NULL, 'CDORA. MARIANA LAFRANCONI', 0),
(25, 'DIRECCION DE PRESUPUESTO Y CONTABILIDAD', NULL, 'LIC. DANIEL BERAZADI', 23, 3, NULL, NULL, 0),
(26, 'COORD. DE SERVICIOS GRALES. PAT. Y SUM.', NULL, 'LIC. CARLOS PEREZ', 23, 4, NULL, NULL, 0),
(27, 'COORD. DE TESORERIA', NULL, 'CDORA. SILVANA MERLUCCIO', 23, 4, NULL, NULL, 0),
(28, 'DIRECCION GENERAL DE RECURSOS HUMANOS Y ORGANIZACIÓN', NULL, 'DRA. ROMINA PEREZ ALONSO', 20, 3, NULL, NULL, 0),
(29, 'COORDINACION DE ADMINISTRACION DEL PERSONAL', NULL, '', 28, 4, NULL, 'DR. AGUSTIN ALONSO', 0),
(30, 'COORDINACION DE CARRERA Y RELACIONES LABORALES', NULL, '', 28, 4, NULL, 'DR. DIFRANCO SANTIAGO', 0),
(31, 'DIRECCION DE DESPACHO Y MESA DE ENTRADAS', NULL, '', 20, 3, NULL, 'LIC. ANA HAIDEE FLAMARIQUE', 0),
(32, 'DIRECCION DE INFORMATICA', NULL, NULL, 20, 3, NULL, NULL, 0),
(33, 'DIRECCION GENERAL DE ASUNTOS JURIDICOS', NULL, NULL, 21, 3, NULL, NULL, 0),
(34, 'DIRECCION DE ASUNTOS LEGALES Y  JUDICIALES', NULL, 'DR. CLAUDIO GOMEZ', 33, 3, NULL, NULL, 0),
(35, 'COORD. DE ASESORAMIENTO ESPECIALIZADO', NULL, NULL, 34, 4, NULL, NULL, 0),
(36, 'COORD. DE GESTION JUDICIAL', NULL, 'DRA. SUSANA DE SIMONI', 34, 4, NULL, NULL, 0),
(37, 'COORD. DE GESTION DE SOL. DE ACCESO A LA INFORMACION PUBLICA', NULL, NULL, 21, 4, NULL, NULL, 0),
(38, 'DIRECCION DE SUMARIOS', NULL, NULL, 21, 3, NULL, NULL, 0),
(39, 'DIRECCION NACIONAL DE FORMACION Y CAPACITACION', NULL, NULL, 22, 3, NULL, NULL, 0),
(40, 'DIRECCION DE DESARROLLO PROFESIONAL', NULL, NULL, 39, 3, NULL, NULL, 0),
(41, 'DIRECCION DE GESTION CURRICULAR Y DESARROLLO INSTITUCIONAL', NULL, NULL, 39, 3, NULL, NULL, 0),
(42, 'COORD. DE FORMACION CONTINUA Y ESPECIALIZACION', NULL, NULL, 39, 4, NULL, NULL, 0),
(43, 'DIRECCION NACIONAL DE PLANEAMIENTO', NULL, NULL, 22, 3, NULL, NULL, 0),
(44, 'DIR. DE ART.. EDUCATIVA DE LA SEG', NULL, NULL, 43, 3, NULL, NULL, 0),
(45, 'DIR. DE ART. CON EL SISTEMA CIENTIFICO EDUCATIVO', NULL, NULL, 43, 3, NULL, NULL, 0),
(46, 'DIR. DEL INT. NAC. DE ESTUDIOS ESTRATEGICOS DE LA SEG.', NULL, NULL, 43, 3, NULL, NULL, 0),
(47, 'COORD. DE ASISTENCIA A LAS PROVINCIAS', NULL, NULL, 43, 4, NULL, NULL, 0),
(48, 'SECRETARIA DE SEGURIDAD', '', 'DR. SERGIO BERNI', 1, 1, '', '', 0),
(49, 'SUBSECRETARIA DE POLITICAS DE SEGURIDAD E INTERV. TERRITORIAL', NULL, '', 48, 2, NULL, 'DARÍO RUIZ', 0),
(50, 'DIRECCION NACIONAL DE GESTION Y BIENESTAR DEL PERSONAL DE LA S FUERZAS', NULL, '', 49, 3, NULL, 'DRA. MARIA LAURA IZZO', 0),
(51, 'DIR. DE PROMOCION DEL BIENESTAR SOCIAL', NULL, 'LIC. FERNANDO ZACK', 50, 3, NULL, NULL, 0),
(52, 'COORD. DE PROMOCION DE LA SALUD FISICA Y MENTAL', NULL, NULL, 51, 4, NULL, NULL, 0),
(53, 'COORD. DE VIVIENDA Y BIENESTAR', NULL, NULL, 51, 4, NULL, NULL, 0),
(54, 'DIR. DE CARRERA DE PERSONAL DE LAS FF PP Y  SS', NULL, NULL, 50, 3, NULL, NULL, 0),
(55, 'COORD. DE EVAL. DE DESEMPEÑO, ASCENSOS Y REGIMENES DE DISCIPLINA', NULL, NULL, 54, 4, NULL, NULL, 0),
(56, 'COORD. DE REGIMENES DE INGRESOS', NULL, 'MARIA ANGELICA LOBO', 54, 4, NULL, NULL, 0),
(57, 'DIRECCION NACIONAL DE GESTION DE LA INFORMACION CRIMINAL', NULL, 'CLAUDIO SUAREZ', 49, 3, NULL, NULL, 0),
(58, 'DIR. DE INVESTIGACION, ESTUDIO Y DISEÑO DE POL. DE SEG.', NULL, NULL, 57, 3, NULL, NULL, 0),
(59, 'DIR. DE SISTEMATIZACION Y ANALISIS DE INFOR. CRIMINAL', NULL, 'GUSTAVO ALBERTO CUCURELLA', 57, 3, NULL, NULL, 0),
(60, 'DIRECCION NACIONAL DE COOPERACION REGIONAL E INTERNACIONAL DE LA SEGURIDAD', NULL, '', 48, 3, NULL, 'DIEGO LLUMÁ', 0),
(61, 'DIR. DE ASUNTOS INTERNACIONALES', NULL, 'LIC. ORNELLA COSTA', 60, 3, NULL, NULL, 0),
(62, 'DIR. DE ASUNTOS REGIONALES - MERCOSUR - UNASUR', NULL, NULL, 60, 3, NULL, NULL, 0),
(63, 'COORD. EMERGENCIAS Y CATASTROFES', NULL, 'SR. CARLOS ALBERTO ZOLOAGA', 48, 4, NULL, NULL, 0),
(64, 'COORD. SEG. EN ESPECTACULOS FUTBOLISTICOS', NULL, NULL, 48, 4, NULL, NULL, 0),
(65, 'SUBSECRETARIA DE LOGISTICA', NULL, 'LIC. MAURO SESTUA', 48, 2, NULL, NULL, 0),
(66, 'DIRECCIÓN NACIONAL DE TECNOLOGIA Y EQUIPAMIENTO', NULL, NULL, 48, 3, NULL, NULL, 0),
(67, 'DIR. DE DE EVALUACION DE PROYECTOS', NULL, 'MARÍA ELENA MONTERO', 66, 3, NULL, NULL, 0),
(68, 'COORD. DE EQUIPAMIENTO', NULL, NULL, 67, 4, NULL, NULL, 0),
(69, 'COORD. DE TECNOLOGIA', NULL, NULL, 67, 4, NULL, NULL, 0),
(70, 'DIRECCION NACIONAL DE LOGISTICA', NULL, 'LIC. RUBEN RODRIGUEZ', 48, 3, NULL, NULL, 0),
(71, 'DIR. DE PLANEAMIENTO ESTRATEGICO', NULL, 'MAXIMILIANO BORSI DE LUCIA', 70, 3, NULL, NULL, 0),
(72, 'DIR. DE GESTION LOGISTICA', NULL, NULL, 70, 3, NULL, NULL, 0),
(73, 'DIRECCION GENERAL DE PRESUPUESTO', NULL, NULL, 65, 3, NULL, NULL, 0),
(74, 'DIR. DE GESTION PRESUPUESTARIA', NULL, 'FERNANDA FERREYRA', 73, 3, NULL, NULL, 0),
(75, 'DIR. DE EVALUACION PRESUPUESTARIA', NULL, 'MONICA LILIANA RODRIGUEZ', 73, 3, NULL, NULL, 0),
(76, 'COORD. DE GENERAL DE MONITOREO Y SUPERVISION DE LAS INSTITUCIONES POLICIALES Y FUERZAS DE SEGURIDAD', NULL, 'DR. OSVALDO PATRIGNANI', 48, 4, NULL, NULL, 0),
(77, 'DIRECCION NACIONAL DE ENLACES Y COMUNICACIONES INTERJURISDICCIONALES', NULL, '', 48, 3, NULL, 'MARIANA SOLEDAD CASARES', 0),
(78, 'DIRECCION NACIONAL DE CINOTECNIA', NULL, 'DR. ARIEL ZAPATA', 48, 3, NULL, NULL, 0),
(79, 'DIR. DE CRIA Y ADIESTRAMIENTO', NULL, 'OSVALDO DARIO BONAVERA', 78, 3, NULL, NULL, 0),
(80, 'DIR. DE SANIDAD Y REPRODUCCION VETERINARIA', NULL, 'CARLOS LIBERANONE', 79, 3, NULL, NULL, 0),
(81, 'DIR. DE CAPACITACION E INVESTIGACION', NULL, 'HECTOR LORENZO', 78, 3, NULL, NULL, 0),
(82, 'COORDINACIÓN DE SERVICIOS Y CALIDAD', NULL, 'ESTEBAN ANDRES AUZQUI', 78, 4, NULL, NULL, 0),
(83, 'DIRECCION NACIONAL INTELIGENCIA CRIMINAL', NULL, 'LIC. SEBASTIÁN FERNANDEZ CIATTI', 48, 3, NULL, NULL, 0),
(84, 'DIR. DE CONTROL POLICIAS DE LA PSA', NULL, 'SEBASTIÁN BENITO', 48, 3, NULL, NULL, 0),
(85, 'AUDITORIA DE ASUNTOS INTERNOS DE LA PSA', NULL, NULL, 84, 6, NULL, NULL, 0),
(86, 'TRIBUNAL DE DISCIPLINA POLICIAL', NULL, NULL, 84, 8, NULL, NULL, 0),
(87, 'DEFENSORÍA DE LA PSA', NULL, NULL, 84, 9, NULL, NULL, 0),
(88, 'SUBSECRETARIA DE INVESTIGACION DEL DELITO ORGANIZADO Y COMPLEJO', NULL, 'DR. CARLOS ALBERTO SILVA', 48, 2, NULL, NULL, 0),
(89, 'DIRECCION NACIONAL DE INVESTIGACIONES', NULL, 'EDGARDO EZEQUIEL GIBILISCO', 88, 3, NULL, NULL, 0),
(90, 'DIR. DE FISCALIZACION DE DESARMADEROS Y AUTOPARTES', NULL, '', 89, 3, NULL, 'DR. MARIANO IGLESIAS', 0),
(91, 'DIR. DE DE INVESTIGACIONES DE DELITOS COMPLEJOS', NULL, 'DAMIÁN ALFONSO MARRONCELI', 89, 3, NULL, NULL, 0),
(92, 'DIR. DE INVESTIGACIONES DE LA CRIMINALIDAD ORGANIZADA', NULL, 'ALEJANDRO ZURELL', 89, 3, NULL, NULL, 0),
(93, 'COORD. DE LUCHA CONTRA EL TERRORISMO Y EL TRAFICO DE ARMAS', NULL, 'EMANUEL PELEGRINA', 92, 4, NULL, NULL, 0),
(94, 'COORD. DE DE INVBESTIGACION DE DELITOS ECONOMICOS', NULL, NULL, 92, 4, NULL, NULL, 0),
(95, 'COORD. DE LUCHA CONTRA LA TRATA DE PERSONAS Y CONTRA LA INTEGRIDAD SEXUAL', NULL, NULL, 92, 4, NULL, NULL, 0),
(96, 'DIR. DE LUCHA CONTRA EL NARCOTRAFICO', NULL, NULL, 89, 3, NULL, NULL, 0),
(97, 'DIRECCION NACIONAL DE POLICIA CIENTIFICA', NULL, 'DR. ROGELIO GONZALEZ', 88, 3, NULL, NULL, 0),
(98, 'SUBSECRETARIA DE PARTICIPACION CIUDADANA', NULL, 'DRA. AGUSTINA PROPATO', 48, 2, NULL, NULL, 0),
(99, 'DIRECCION NACIONAL DE PREVENCION DEL DELITO Y LA VIOLENCIA', NULL, NULL, 98, 3, NULL, NULL, 0),
(100, 'DIR. DE PROGRAMAS, PROYECTOS Y PROTOCOLOS PARA LA PREVENCION DEL DELITO Y LA VIOLENCIA', NULL, 'MARIANA CENTENO', 99, 3, NULL, NULL, 0),
(101, 'DIR. DE INTERVENCION TERRITORIAL PARA LA PREVENCION DEL DELITO Y LA VIOLENCIA', NULL, 'JULIANA MONTES', 99, 3, NULL, NULL, 0),
(102, 'DIRECCION NACIONAL DE PARTICIPACION COMUNITARIA', NULL, NULL, 98, 3, NULL, NULL, 0),
(103, 'DIR. DE PARTICIPACION COMUNITARIA REGION AMBA', NULL, NULL, 102, 3, NULL, NULL, 0),
(104, 'DIR. DE PARTICIPACION COMUNITARIA REGION INTERIOR', NULL, NULL, 102, 3, NULL, NULL, 0),
(105, 'SUBSECRETARIA DE PROTECCIÓN Y ABORDAJE INTEGRAL DE EMERGENCIAS Y CATASTROFES', NULL, 'ROBERTO ACOSTA', 48, 2, NULL, NULL, 0),
(106, 'DIRECCION NACIONAL DE PROTECCIÓN CIVIL', NULL, NULL, 105, 3, NULL, NULL, 0),
(107, 'DIRECCIÓN DE OPERACIONES Y COMUNICACIONES', NULL, NULL, 106, 3, NULL, NULL, 0),
(108, 'DIRECCIÓN DE CONTROL DE BOMBEROS VOLUNTARIOS Y ONGs', NULL, NULL, 106, 3, NULL, NULL, 0),
(109, 'DIRECCIÓN NACIONAL DE GESTIÓN INTEGRAL DEL RIESGO DE DESASTRES', NULL, NULL, 105, 3, NULL, NULL, 0),
(110, 'DIRECCIÓN DE GESTIÓN DE LA INFORMACIÓN Y ANALISIS DE RIESGO', NULL, NULL, 106, 3, NULL, NULL, 0),
(111, 'DIRECCIÓN DE REHABILITACIÓN Y RECONSTRUCCIÓN', NULL, NULL, 106, 3, NULL, NULL, 0),
(112, 'SUBSECRETARIA DE LUCHA CONTRA EL NARCOTRÁFICO', NULL, 'NICOLÁS ADALBERTO DAPENA FERNANDEZ', 48, 2, NULL, NULL, 0),
(113, 'DIRECCIÓN NACIONAL DE ANALISIS TÉCNICO Y LUCHA CONTRA EL NARCOTRÁFICO', NULL, NULL, 112, 3, NULL, NULL, 0),
(114, 'DIRECCIÓN NACIONAL DE INVESTIGACIÓN DE LUCHA CONTRA EL NARCOTRÁFICO', NULL, NULL, 112, 3, NULL, NULL, 0),
(115, 'COORDINACIÓN NOA', NULL, NULL, 114, 4, NULL, NULL, 0),
(116, 'COORDINACIÓN NEA', NULL, NULL, 114, 4, NULL, NULL, 0),
(117, 'COORDINACIÓN DE ASISTENCIA INTERNACIONAL EN EMERGENCIAS', NULL, NULL, 112, 4, NULL, NULL, 0),
(118, 'SEC. COOP. CON LOS POD. JUDICIALES, MINISTERIOS PUBLICOS Y LEGISLATURAS', NULL, 'RUIZ DARIO', 1, 1, NULL, NULL, 0),
(119, 'COORD. DE TRANSPARENCIA', NULL, NULL, 118, 4, NULL, NULL, 0),
(120, 'COORD. DE ANALISIS E INTERVENCION EN MATERIA JUDICIAL', NULL, NULL, 118, 4, NULL, NULL, 0),
(121, 'COORD. DE GESTION DE REQUERIMIENTOS JUDICIALES', NULL, NULL, 118, 4, NULL, NULL, 0),
(122, 'COORD. DE  RECEPCION Y GESTION DE DENUNCIAS', NULL, NULL, 118, 4, NULL, NULL, 0),
(123, 'SUBSECRETARIA DE ARTICULACION CON LOS PODERES JUDICIALES Y LOS MINISTERIOS PUBLICOS', NULL, 'DR. RODRIGO SEBASTIAN LUCHINSKY', 118, 2, NULL, NULL, 0),
(124, 'DIRECCION NACIONAL DE ARTICULACION Y ENLACE CON LOS PODERES JUDICIALES', NULL, NULL, 123, 3, NULL, NULL, 0),
(125, 'DIR. DE SEG. DE CAUSAS DE VIOLENCIA INSTITUCIONAL Y DELITOS DE INTERES FEDERAL', NULL, NULL, 124, 3, NULL, NULL, 0),
(126, 'DIRECCION NACIONAL DE ARTICULACION Y ENLACE CON LOS MINISTERIOS PUBLICOS', NULL, NULL, 123, 3, NULL, NULL, 0),
(127, 'COORD. DE ART. CON EL AMBITO JUDICIAL EN MATERIA DE VIOLENCIA DE GENERO', NULL, 'LIC. GERALDINE ONISZCZUK', 123, 4, NULL, NULL, 0),
(128, 'SUBSECRETARIA DE ARTICULACION LEGISLATIVA', '', 'DRA. MARIANA SOLEDAD CASARES', 118, 2, '', '', 0),
(129, 'DIRECCION NACIONAL DE PROYECTOS, EVALUACION DE NORMAS Y COOP. LEGISLATIVA', NULL, '', 128, 3, NULL, 'GUSTAVO LUCIO TORRES', 0),
(130, 'DIR. DE DEL OBSERVATORIO LEGISLATIVO DE SEGURIDAD', NULL, NULL, 129, 3, NULL, NULL, 0),
(131, 'DIRECCION NACIONAL DE ENLACE LEGISLATIVO', NULL, NULL, 128, 3, NULL, NULL, 0);

-- --------------------------------------------------------

--
-- Estructura de tabla para la tabla `edificios`
--

CREATE TABLE IF NOT EXISTS `edificios` (
  `id_edificio` int(11) NOT NULL,
  `direccion` char(200) DEFAULT NULL,
  `cod_postal` char(20) DEFAULT NULL,
  `descripcion` char(200) DEFAULT NULL,
  `responsable` char(50) DEFAULT NULL,
  `telefono` int(11) DEFAULT NULL,
  PRIMARY KEY (`id_edificio`)
) ENGINE=InnoDB DEFAULT CHARSET=latin1;

--
-- Volcado de datos para la tabla `edificios`
--

INSERT INTO `edificios` (`id_edificio`, `direccion`, `cod_postal`, `descripcion`, `responsable`, `telefono`) VALUES
(1, 'AV. SAN JUAN 2776 CABA', '1232', 'SAN JUAN', 'CLAUDIO GONZALEZ', 49439779),
(2, 'MEXICO 12 CABA', '1097', 'MEXICO', 'CARLOS PEREZ', 52789800),
(3, 'AV. PASEO COLON 533 CABA', '1063', 'PASEO COLON', 'CARLOS PEREZ', 0),
(4, 'GELLY y OBES 2289 CABA', '1425', 'GELLY', 'HUGO', 48091600);

-- --------------------------------------------------------

--
-- Estructura de tabla para la tabla `niveles`
--

CREATE TABLE IF NOT EXISTS `niveles` (
  `id_niveles` int(2) NOT NULL,
  `desc_larga` char(200) DEFAULT NULL,
  `desc_corta` char(100) DEFAULT NULL,
  PRIMARY KEY (`id_niveles`)
) ENGINE=InnoDB DEFAULT CHARSET=latin1;

--
-- Volcado de datos para la tabla `niveles`
--

INSERT INTO `niveles` (`id_niveles`, `desc_larga`, `desc_corta`) VALUES
(1, 'Secretaria', ''),
(2, 'Subsecretaria', NULL),
(3, 'Direccion', NULL),
(4, 'Coordinacion', NULL),
(5, 'Jefatura', NULL),
(6, 'Auditoria', NULL),
(7, 'Supervision', NULL),
(8, 'Tribunal', NULL),
(9, 'Defensoria', NULL);

-- --------------------------------------------------------

--
-- Estructura de tabla para la tabla `usuarios`
--

CREATE TABLE IF NOT EXISTS `usuarios` (
  `id_usuario` smallint(6) NOT NULL AUTO_INCREMENT,
  `nombre` varchar(50) CHARACTER SET utf8 COLLATE utf8_spanish_ci NOT NULL,
  `apellido` varchar(50) CHARACTER SET utf8 COLLATE utf8_spanish_ci NOT NULL,
  `mail` varchar(50) CHARACTER SET utf8 COLLATE utf8_spanish_ci NOT NULL,
  `fecha_nacimiento` date NOT NULL,
  `password` varchar(32) CHARACTER SET utf8 COLLATE utf8_spanish_ci NOT NULL,
  PRIMARY KEY (`id_usuario`)
) ENGINE=InnoDB  DEFAULT CHARSET=latin1 AUTO_INCREMENT=3 ;

--
-- Volcado de datos para la tabla `usuarios`
--

INSERT INTO `usuarios` (`id_usuario`, `nombre`, `apellido`, `mail`, `fecha_nacimiento`, `password`) VALUES
(1, 'sebastian', 'martin', 'seba@gmail.com', '2014-04-15', '25d55ad283aa400af464c76d713c07ad'),
(2, '', '', 'prueba', '0000-00-00', '25d55ad283aa400af464c76d713c07ad');
--
-- Base de datos: `participacion`
--

-- --------------------------------------------------------

--
-- Estructura de tabla para la tabla `form_mesa`
--

CREATE TABLE IF NOT EXISTS `form_mesa` (
  `id` int(10) unsigned NOT NULL AUTO_INCREMENT,
  `id_mesa` int(10) unsigned NOT NULL,
  `id_lugar` int(10) unsigned DEFAULT NULL,
  `id_usuario` int(10) unsigned NOT NULL,
  `fecha` date NOT NULL,
  `organizaciones_presentes` text COLLATE utf8_unicode_ci NOT NULL,
  `temario` text COLLATE utf8_unicode_ci NOT NULL,
  `desarrollo` text COLLATE utf8_unicode_ci NOT NULL,
  `created_at` timestamp NOT NULL DEFAULT '0000-00-00 00:00:00',
  `updated_at` timestamp NOT NULL DEFAULT '0000-00-00 00:00:00',
  PRIMARY KEY (`id`),
  KEY `form_mesa_id_mesa_foreign` (`id_mesa`),
  KEY `form_mesa_id_lugar_foreign` (`id_lugar`),
  KEY `form_mesa_id_usuario_foreign` (`id_usuario`)
) ENGINE=InnoDB  DEFAULT CHARSET=utf8 COLLATE=utf8_unicode_ci AUTO_INCREMENT=2 ;

--
-- Volcado de datos para la tabla `form_mesa`
--

INSERT INTO `form_mesa` (`id`, `id_mesa`, `id_lugar`, `id_usuario`, `fecha`, `organizaciones_presentes`, `temario`, `desarrollo`, `created_at`, `updated_at`) VALUES
(1, 1, 1, 1, '2014-05-09', 'organizaciones', 'temario', 'desarrollo', '2014-05-30 03:54:42', '2014-05-30 03:54:42');

-- --------------------------------------------------------

--
-- Estructura de tabla para la tabla `fuerzas`
--

CREATE TABLE IF NOT EXISTS `fuerzas` (
  `id` int(10) unsigned NOT NULL AUTO_INCREMENT,
  `fuerza` text COLLATE utf8_unicode_ci NOT NULL,
  `created_at` timestamp NOT NULL DEFAULT '0000-00-00 00:00:00',
  `updated_at` timestamp NOT NULL DEFAULT '0000-00-00 00:00:00',
  PRIMARY KEY (`id`)
) ENGINE=InnoDB DEFAULT CHARSET=utf8 COLLATE=utf8_unicode_ci AUTO_INCREMENT=1 ;

-- --------------------------------------------------------

--
-- Estructura de tabla para la tabla `listado_mesas`
--

CREATE TABLE IF NOT EXISTS `listado_mesas` (
  `id` int(10) unsigned NOT NULL AUTO_INCREMENT,
  `descripcion` varchar(255) COLLATE utf8_unicode_ci NOT NULL,
  PRIMARY KEY (`id`)
) ENGINE=InnoDB  DEFAULT CHARSET=utf8 COLLATE=utf8_unicode_ci AUTO_INCREMENT=2 ;

--
-- Volcado de datos para la tabla `listado_mesas`
--

INSERT INTO `listado_mesas` (`id`, `descripcion`) VALUES
(1, 'asdasda');

-- --------------------------------------------------------

--
-- Estructura de tabla para la tabla `lugares`
--

CREATE TABLE IF NOT EXISTS `lugares` (
  `id` int(10) unsigned NOT NULL AUTO_INCREMENT,
  `direccion` text COLLATE utf8_unicode_ci NOT NULL,
  `lat` text COLLATE utf8_unicode_ci NOT NULL,
  `lng` text COLLATE utf8_unicode_ci NOT NULL,
  `created_at` timestamp NOT NULL DEFAULT '0000-00-00 00:00:00',
  `updated_at` timestamp NOT NULL DEFAULT '0000-00-00 00:00:00',
  PRIMARY KEY (`id`)
) ENGINE=InnoDB  DEFAULT CHARSET=utf8 COLLATE=utf8_unicode_ci AUTO_INCREMENT=3 ;

--
-- Volcado de datos para la tabla `lugares`
--

INSERT INTO `lugares` (`id`, `direccion`, `lat`, `lng`, `created_at`, `updated_at`) VALUES
(1, 'México 12, Buenos Aires, Ciudad Autónoma de Buenos Aires, Argentina', '-34.6145988', '-58.3669453', '2014-05-30 03:54:42', '2014-05-30 03:54:42'),
(2, 'Manzanares 1831, Buenos Aires, Argentina', '-34.5445723', '-58.46376789999999', '2014-05-30 04:01:15', '2014-05-30 04:01:15');

-- --------------------------------------------------------

--
-- Estructura de tabla para la tabla `migrations`
--

CREATE TABLE IF NOT EXISTS `migrations` (
  `migration` varchar(255) COLLATE utf8_unicode_ci NOT NULL,
  `batch` int(11) NOT NULL
) ENGINE=InnoDB DEFAULT CHARSET=utf8 COLLATE=utf8_unicode_ci;

--
-- Volcado de datos para la tabla `migrations`
--

INSERT INTO `migrations` (`migration`, `batch`) VALUES
('2014_05_01_110000_create_perfiles_table', 1),
('2014_05_01_122951_create_usuarios__table', 1),
('2014_05_29_231428_create_lugares_table', 1),
('2014_05_29_233146_create_mapa_table', 1),
('2014_05_29_233219_create_espacio_problema_table', 1),
('2014_05_29_233235_create_listado_mesas_table', 1),
('2014_05_29_233251_create_problema_table', 1),
('2014_05_29_233341_create_delitos_problema_table', 1),
('2014_05_29_233354_create_fuerza_table', 1),
('2014_05_29_233413_create_mesa_table', 1),
('2014_05_29_233427_create_social_problema_table', 1);

-- --------------------------------------------------------

--
-- Estructura de tabla para la tabla `perfiles`
--

CREATE TABLE IF NOT EXISTS `perfiles` (
  `id` int(10) unsigned NOT NULL AUTO_INCREMENT,
  `perfil` varchar(255) COLLATE utf8_unicode_ci NOT NULL,
  `created_at` timestamp NOT NULL DEFAULT '0000-00-00 00:00:00',
  `updated_at` timestamp NOT NULL DEFAULT '0000-00-00 00:00:00',
  PRIMARY KEY (`id`)
) ENGINE=InnoDB  DEFAULT CHARSET=utf8 COLLATE=utf8_unicode_ci AUTO_INCREMENT=2 ;

--
-- Volcado de datos para la tabla `perfiles`
--

INSERT INTO `perfiles` (`id`, `perfil`, `created_at`, `updated_at`) VALUES
(1, 'administrador', '2014-05-30 03:47:31', '2014-05-30 03:47:31');

-- --------------------------------------------------------

--
-- Estructura de tabla para la tabla `problema_social`
--

CREATE TABLE IF NOT EXISTS `problema_social` (
  `id` int(10) unsigned NOT NULL AUTO_INCREMENT,
  `problema_social` text COLLATE utf8_unicode_ci NOT NULL,
  `created_at` timestamp NOT NULL DEFAULT '0000-00-00 00:00:00',
  `updated_at` timestamp NOT NULL DEFAULT '0000-00-00 00:00:00',
  PRIMARY KEY (`id`)
) ENGINE=InnoDB DEFAULT CHARSET=utf8 COLLATE=utf8_unicode_ci AUTO_INCREMENT=1 ;

-- --------------------------------------------------------

--
-- Estructura de tabla para la tabla `problemas`
--

CREATE TABLE IF NOT EXISTS `problemas` (
  `id` int(10) unsigned NOT NULL AUTO_INCREMENT,
  `problemas` text COLLATE utf8_unicode_ci NOT NULL,
  `created_at` timestamp NOT NULL DEFAULT '0000-00-00 00:00:00',
  `updated_at` timestamp NOT NULL DEFAULT '0000-00-00 00:00:00',
  PRIMARY KEY (`id`)
) ENGINE=InnoDB DEFAULT CHARSET=utf8 COLLATE=utf8_unicode_ci AUTO_INCREMENT=1 ;

-- --------------------------------------------------------

--
-- Estructura de tabla para la tabla `problemas_delitos`
--

CREATE TABLE IF NOT EXISTS `problemas_delitos` (
  `id` int(10) unsigned NOT NULL AUTO_INCREMENT,
  `descripcion` text COLLATE utf8_unicode_ci NOT NULL,
  `created_at` timestamp NOT NULL DEFAULT '0000-00-00 00:00:00',
  `updated_at` timestamp NOT NULL DEFAULT '0000-00-00 00:00:00',
  PRIMARY KEY (`id`)
) ENGINE=InnoDB DEFAULT CHARSET=utf8 COLLATE=utf8_unicode_ci AUTO_INCREMENT=1 ;

-- --------------------------------------------------------

--
-- Estructura de tabla para la tabla `problemas_espacios`
--

CREATE TABLE IF NOT EXISTS `problemas_espacios` (
  `id` int(10) unsigned NOT NULL AUTO_INCREMENT,
  `descripcion` text COLLATE utf8_unicode_ci NOT NULL,
  `created_at` timestamp NOT NULL DEFAULT '0000-00-00 00:00:00',
  `updated_at` timestamp NOT NULL DEFAULT '0000-00-00 00:00:00',
  PRIMARY KEY (`id`)
) ENGINE=InnoDB DEFAULT CHARSET=utf8 COLLATE=utf8_unicode_ci AUTO_INCREMENT=1 ;

-- --------------------------------------------------------

--
-- Estructura de tabla para la tabla `usuarios`
--

CREATE TABLE IF NOT EXISTS `usuarios` (
  `id` int(10) unsigned NOT NULL AUTO_INCREMENT,
  `nombre` varchar(25) COLLATE utf8_unicode_ci NOT NULL,
  `apellido` varchar(25) COLLATE utf8_unicode_ci NOT NULL,
  `email` varchar(50) COLLATE utf8_unicode_ci NOT NULL,
  `password` varchar(255) COLLATE utf8_unicode_ci NOT NULL,
  `dni` int(11) NOT NULL,
  `id_perfil` int(10) unsigned NOT NULL,
  `username` varchar(25) COLLATE utf8_unicode_ci NOT NULL,
  `remember_token` varchar(100) COLLATE utf8_unicode_ci NOT NULL,
  `created_at` timestamp NOT NULL DEFAULT '0000-00-00 00:00:00',
  `updated_at` timestamp NOT NULL DEFAULT '0000-00-00 00:00:00',
  PRIMARY KEY (`id`)
) ENGINE=InnoDB  DEFAULT CHARSET=utf8 COLLATE=utf8_unicode_ci AUTO_INCREMENT=2 ;

--
-- Volcado de datos para la tabla `usuarios`
--

INSERT INTO `usuarios` (`id`, `nombre`, `apellido`, `email`, `password`, `dni`, `id_perfil`, `username`, `remember_token`, `created_at`, `updated_at`) VALUES
(1, 'test', 'test', 'test@test.com', '$2y$10$6H4OdJoyUA8nnIe02.PXjeeKwMdpdu4MkdfalXzVIROb0uCtRHVMi', 11111, 1, 'test', '', '2014-05-30 03:47:31', '2014-05-30 03:47:31');

--
-- Restricciones para tablas volcadas
--

--
-- Filtros para la tabla `form_mesa`
--
ALTER TABLE `form_mesa`
  ADD CONSTRAINT `form_mesa_id_lugar_foreign` FOREIGN KEY (`id_lugar`) REFERENCES `lugares` (`id`) ON DELETE CASCADE,
  ADD CONSTRAINT `form_mesa_id_mesa_foreign` FOREIGN KEY (`id_mesa`) REFERENCES `listado_mesas` (`id`) ON DELETE CASCADE,
  ADD CONSTRAINT `form_mesa_id_usuario_foreign` FOREIGN KEY (`id_usuario`) REFERENCES `usuarios` (`id`) ON DELETE CASCADE;
--
-- Base de datos: `patrimonio`
--

-- --------------------------------------------------------

--
-- Estructura de tabla para la tabla `alta_bienes`
--

CREATE TABLE IF NOT EXISTS `alta_bienes` (
  `id` int(11) NOT NULL AUTO_INCREMENT,
  `id_bien` int(11) DEFAULT NULL,
  `descripcion` char(200) DEFAULT NULL,
  `cantidad` int(10) DEFAULT NULL,
  `id_proveedor` int(11) DEFAULT NULL,
  `id_modalidad` int(11) DEFAULT NULL,
  `nro_factura` int(11) DEFAULT NULL,
  `fecha_carga` date DEFAULT NULL,
  PRIMARY KEY (`id`)
) ENGINE=InnoDB  DEFAULT CHARSET=latin1 AUTO_INCREMENT=21 ;

--
-- Volcado de datos para la tabla `alta_bienes`
--

INSERT INTO `alta_bienes` (`id`, `id_bien`, `descripcion`, `cantidad`, `id_proveedor`, `id_modalidad`, `nro_factura`, `fecha_carga`) VALUES
(18, 2147483647, 'ESCRITORIO MADERA CENIZA CON EXTENSION Y CAJONERA', 10, 20, 1, 23, '2014-02-18'),
(19, 343, 'MONITOR HP LED 17"', 5, 22, 3, 1, '2014-02-18'),
(20, 5434, 'Anilladora marca Pericles de 24 x 48 horas de uso,', 5, 22, 1, 18, '2014-02-20');

-- --------------------------------------------------------

--
-- Estructura de tabla para la tabla `anios_partidas`
--

CREATE TABLE IF NOT EXISTS `anios_partidas` (
  `id_partida` int(11) NOT NULL,
  `anios_partida` int(11) NOT NULL,
  PRIMARY KEY (`id_partida`,`anios_partida`)
) ENGINE=InnoDB DEFAULT CHARSET=latin1;

--
-- Volcado de datos para la tabla `anios_partidas`
--

INSERT INTO `anios_partidas` (`id_partida`, `anios_partida`) VALUES
(411, 99),
(431, 10),
(432, 10),
(433, 5),
(434, 10),
(435, 5),
(436, 3),
(437, 10),
(438, 10),
(439, 10),
(440, 5),
(470, 5),
(480, 22),
(481, 3),
(489, 3);

-- --------------------------------------------------------

--
-- Estructura de tabla para la tabla `bienes`
--

CREATE TABLE IF NOT EXISTS `bienes` (
  `id_bien` int(11) NOT NULL,
  `descripcion` char(50) DEFAULT NULL,
  `vida_util` int(11) DEFAULT NULL,
  `id_partida` int(11) DEFAULT NULL,
  PRIMARY KEY (`id_bien`)
) ENGINE=InnoDB DEFAULT CHARSET=latin1;

--
-- Volcado de datos para la tabla `bienes`
--

INSERT INTO `bienes` (`id_bien`, `descripcion`, `vida_util`, `id_partida`) VALUES
(5434, 'Maquina de encuadernacion, ani', 10, 431),
(5435, 'embarcacion fluvial', 10, 432),
(5436, 'bicicleta', 10, 432),
(5437, 'Trailer habitacional', 10, 432),
(5438, 'Automoviles', 10, 432),
(5439, 'Camioneta 4x4', 10, 432),
(5440, 'Semirremolque', 10, 432),
(5441, 'Vehiculos Utilitarios', 10, 432),
(5442, 'Colectivos', 10, 432),
(5443, 'Trailer de Carga', 10, 432),
(5444, 'Botiquin de PrimerosAuxilios', 5, 433),
(5445, 'Baliza Giratoria', 10, 434),
(5446, 'Telefono de Linea', 10, 434),
(5447, 'Telefono Celular', 10, 434),
(5448, 'Telefono Fax', 10, 434),
(5449, 'Grabador Digital', 5, 435),
(5450, 'Video Proyector', 5, 435),
(5451, 'Microfono', 10, 434),
(5452, 'Pie de Microfono', 10, 434),
(5453, 'Bafles', 10, 434),
(5454, 'Televisor', 10, 434),
(5455, 'Consola de Sonido', 10, 434),
(5456, 'CPU', 3, 436),
(5457, 'Monitor', 3, 436),
(5458, 'Impresora', 3, 436),
(5459, 'Modem', 3, 436),
(5460, 'Servidor de Red', 3, 436),
(5461, 'Disco Externo de Memoria', 3, 436),
(5462, 'Switch', 3, 436),
(5463, 'Heladera', 10, 437),
(5464, 'Freezer', 10, 437),
(5465, 'Cocina a Gas', 10, 437),
(5466, 'Calefactor Electrico', 10, 437),
(5467, 'Equipo de Aire Acondicionado', 10, 437),
(5468, 'Estufa a Gas', 10, 437),
(5469, 'Termotanque', 10, 437),
(5470, 'Ventilador', 10, 437),
(5471, 'Biblioteca', 10, 437),
(5472, 'Caja Fuerte', 10, 437),
(5473, 'Armario', 10, 437),
(5474, 'Escritorio', 10, 437),
(5475, 'Fichero', 10, 437),
(5476, 'Escalera', 10, 437),
(5477, 'Cajonera', 10, 437),
(5478, 'Silla', 10, 437),
(5479, 'Sillon', 10, 437),
(5480, 'Destructora de Papel', 10, 437),
(5481, 'Compresor', 10, 438),
(5482, 'Moladora', 10, 438),
(5483, 'Agujeadora', 10, 438),
(5484, 'Taladro', 10, 438),
(5485, 'Perros', 5, 470);

-- --------------------------------------------------------

--
-- Estructura de tabla para la tabla `categoria_iva`
--

CREATE TABLE IF NOT EXISTS `categoria_iva` (
  `id` int(11) NOT NULL AUTO_INCREMENT,
  `desc_cort` char(3) DEFAULT NULL,
  `descripcion` char(20) DEFAULT NULL,
  PRIMARY KEY (`id`)
) ENGINE=InnoDB  DEFAULT CHARSET=latin1 AUTO_INCREMENT=6 ;

--
-- Volcado de datos para la tabla `categoria_iva`
--

INSERT INTO `categoria_iva` (`id`, `desc_cort`, `descripcion`) VALUES
(1, 'C', 'Consumidor final'),
(2, 'E', 'Exento'),
(3, 'N', 'No responsable'),
(4, 'R', 'Responsable inscript'),
(5, 'S', 'Responsable no inscr');

-- --------------------------------------------------------

--
-- Estructura de tabla para la tabla `detalle_altabienes`
--

CREATE TABLE IF NOT EXISTS `detalle_altabienes` (
  `id` int(11) NOT NULL AUTO_INCREMENT,
  `id_alta_bien` int(11) DEFAULT NULL,
  `nro_inventario` char(13) DEFAULT NULL,
  `descripcion` char(200) DEFAULT NULL,
  PRIMARY KEY (`id`)
) ENGINE=InnoDB  DEFAULT CHARSET=latin1 AUTO_INCREMENT=61 ;

--
-- Volcado de datos para la tabla `detalle_altabienes`
--

INSERT INTO `detalle_altabienes` (`id`, `id_alta_bien`, `nro_inventario`, `descripcion`) VALUES
(41, 18, '343-0000001', 'ESCRITORIO MADERA CENIZA CON EXTENSION Y CAJONERA'),
(42, 18, '343-0000002', 'ESCRITORIO MADERA CENIZA CON EXTENSION Y CAJONERA'),
(43, 18, '343-0000003', 'ESCRITORIO MADERA CENIZA CON EXTENSION Y CAJONERA'),
(44, 18, '343-0000004', 'ESCRITORIO MADERA CENIZA CON EXTENSION Y CAJONERA'),
(45, 18, '343-0000005', 'ESCRITORIO MADERA CENIZA CON EXTENSION Y CAJONERA'),
(46, 18, '343-0000006', 'ESCRITORIO MADERA CENIZA CON EXTENSION Y CAJONERA'),
(47, 18, '343-0000007', 'ESCRITORIO MADERA CENIZA CON EXTENSION Y CAJONERA'),
(48, 18, '343-0000008', 'ESCRITORIO MADERA CENIZA CON EXTENSION Y CAJONERA'),
(49, 18, '343-0000009', 'ESCRITORIO MADERA CENIZA CON EXTENSION Y CAJONERA'),
(50, 18, '343-0000010', 'ESCRITORIO MADERA CENIZA CON EXTENSION Y CAJONERA'),
(51, 19, '343-0000011', 'MONITOR HP LED 17"'),
(52, 19, '343-0000012', 'MONITOR HP LED 17"'),
(53, 19, '343-0000013', 'MONITOR HP LED 17"'),
(54, 19, '343-0000014', 'MONITOR HP LED 17"'),
(55, 19, '343-0000015', 'MONITOR HP LED 17"'),
(56, 20, '343-0000016', 'Anilladora marca Pericles de 24 x 48 horas de uso,'),
(57, 20, '343-0000017', 'Anilladora marca Pericles de 24 x 48 horas de uso,'),
(58, 20, '343-0000018', 'Anilladora marca Pericles de 24 x 48 horas de uso,'),
(59, 20, '343-0000019', 'Anilladora marca Pericles de 24 x 48 horas de uso,'),
(60, 20, '343-0000020', 'Anilladora marca Pericles de 24 x 48 horas de uso,');

-- --------------------------------------------------------

--
-- Estructura de tabla para la tabla `direcciones`
--

CREATE TABLE IF NOT EXISTS `direcciones` (
  `id` int(11) NOT NULL AUTO_INCREMENT,
  `nombre` char(255) DEFAULT NULL,
  `id_edificio` int(5) DEFAULT NULL,
  `piso` int(4) DEFAULT NULL,
  `responsable` varchar(50) DEFAULT NULL,
  `telefono` varchar(50) DEFAULT NULL,
  PRIMARY KEY (`id`)
) ENGINE=InnoDB  DEFAULT CHARSET=latin1 AUTO_INCREMENT=147 ;

--
-- Volcado de datos para la tabla `direcciones`
--

INSERT INTO `direcciones` (`id`, `nombre`, `id_edificio`, `piso`, `responsable`, `telefono`) VALUES
(22, 'secreta', 13, 2, '', ''),
(23, 'dir. informatica', 18, 1, '', ''),
(24, 'Subsecretaria de Gestion Administrativa', 22, 0, 'Lic. Fernando Alvarez', '231'),
(25, 'Direccion General de Administracion', 22, 0, 'Ctdra. Alicia Muñiz', ''),
(26, 'Direccion de Compras y Contrataciones', 22, 0, 'DRA. MARIANA LAFRANCONI', ''),
(27, 'Direccion de Presupuesto y Contabilidad', 22, 0, 'Cdor. Daniel Berazadi', ''),
(28, 'Liquidacion de Haberes', 22, 0, 'Cdora. Silvina Gorra', ''),
(29, 'Coordinacion de Servicios Generales Patrimonio y S', 22, 0, 'Lic. Carlos Perez', ''),
(30, 'Coordinacion de Tesoreria', 22, 0, 'Cdora. Silvana Merluccio', ''),
(31, 'Patrimonio', 22, 0, 'Tec. Gustavo Martinez', ''),
(32, 'Suministros', 22, 0, 'Elisa Robador', ''),
(33, 'Mantenimiento', 22, 0, 'Hugo Valdez', ''),
(34, 'Coordinacion de Arquitectura', 22, 1, 'Arq. Skaf', ''),
(35, 'Direccion General de Recursos Humanos y Organizaci', 22, 0, 'Lic. Romina Perez', ''),
(36, 'Coordinacion de Administracion del Personal', 22, 0, '', ''),
(37, 'Coordinacion de Carrera y Relaciones Laborales', 22, 0, '', ''),
(38, 'Direccion de Despacho y Mesa de Entradas', 24, 2, '', ''),
(39, 'Mesa de Entradas', 22, 0, 'Lic. Ana Flamarique', ''),
(40, 'Direccion de Informatica', 22, 0, 'Lic. Virginia Mayor', ''),
(41, 'Direccion de Fiscalizacion de Desarmaderos y Autop', 22, 0, 'Dr. Mariano Iglesias', ''),
(42, 'Direccion Nacional de Gestion de la Informacion Criminal', 22, 0, 'Sr. Claudio Suarez', ''),
(43, 'Direccion Nacional de Policia Cientifica', 22, 0, 'Dr. Rogelio Gonzalez', ''),
(44, 'Direccion nacional de Derechos Humanos', 24, 4, 'Dra. Natalia Federman', ''),
(45, 'Direccion Nacional de Formacion y Capacitacion', 22, 1, '', ''),
(46, 'Direccion de Desarrollo Profesional', 22, 1, '', ''),
(47, 'Direccion de Gestion Curricular y Desarrollo Insti', 22, 1, '', ''),
(48, 'Coordinacion de Formacion Continua y Especializaci', 22, 1, '', ''),
(49, 'Direccion Nacional de Planeamiento', 22, 1, '', ''),
(50, 'Direccion de Articulacion Educativa de la Segurida', 22, 1, '', ''),
(51, 'Direccion de Articulacion con el Sistema Cientific', 22, 1, '', ''),
(52, 'Sigen', 22, 1, '', ''),
(53, 'Unidad de Auditoria Interna', 24, 1, '', ''),
(54, 'UPCN', 22, 1, 'Lucas Denna', ''),
(55, 'Ate', 22, 1, '', ''),
(56, 'Soporte Tecnico', 22, 1, 'Jonhattan Quarantta', ''),
(57, 'Denuncias 0800', 22, 1, '', ''),
(58, 'Gendarmeria Nacional', 22, 0, '', ''),
(59, 'Auditorio', 22, 0, '', ''),
(60, 'Cocina/ Comedor', 22, 0, '', ''),
(61, 'Coordinacion de Seguridad en Espectaculos Futbolis', 22, 0, 'Dr. Eduardo Villalba', ''),
(62, 'Sala de Reunion', 22, 0, '', ''),
(63, 'Asesores SSGESTADMINISTRATIVA', 22, 0, '', ''),
(64, 'Coordinacion de Transparencia', 22, 1, '', ''),
(65, 'Proyecto BACS', 22, 2, '', ''),
(66, 'Direccion Nacional de Articulacion y Enlace', 22, 1, '', ''),
(67, 'Unidad Ministro', 24, 8, '', ''),
(68, 'Jefatura de Gabinete', 24, 5, '', ''),
(69, 'Unidad de Coord para el desaroolo de acciones y pr', 24, 5, '', ''),
(70, 'Unidad de Coordinacion de Salud Mental', 24, 5, '', ''),
(71, 'Coordinacion de Ceremonial', 24, 7, '', ''),
(72, 'Direccion de Comunicaciones', 24, 1, '', ''),
(73, 'Secretaria de Coordinacion de Planeammiento y Form', 24, 7, '', ''),
(74, 'Subsecretaria de Asuntos Juridicos', 24, 2, 'Dr. Esteban Rosa Alves', ''),
(75, 'Direccion General de Asuntos Juridicos', 24, 2, '', ''),
(76, 'Direccion de Asuntos legales y Judiciales', 24, 2, '', ''),
(77, 'Coordinacion de Asesoramiento Especializado', 24, 2, '', ''),
(78, 'Coordinacion de Gestion Judicial', 24, 2, '', ''),
(79, 'Coordinacion de Gestion de Acceso a la Informacion', 24, 2, '', ''),
(80, 'Direccion de Sumarios', 24, 2, '', ''),
(81, 'Subsecretaria de Planeamiento y Formacion', 24, 4, '', ''),
(82, 'Secretaria de Cooperacion con los Poderes Judicial', 24, 3, 'Sr. Dario Ruiz', ''),
(83, 'Coordinacion de Analisis e Intervencion en materia', 22, 1, '', ''),
(84, 'Coordinacion de Gestion de Requerimientos judicial', 22, 1, '', ''),
(85, 'Comision de Recepcion y Gestion de Denuncias', 22, 1, '', ''),
(86, 'Subsecretaria de Articulacion Legislativa', 24, 3, 'Dra. Mariana Casares', ''),
(87, 'Subsecretaria de Articulacion con los Poderes Judi', 24, 3, 'Dr. Rodrigo Luchinsky', ''),
(88, 'Direccion Nacional de Proyectos Evaluacion de Norm', 24, 7, 'Lic. Fernando Caferata', ''),
(89, 'Direccion del Observatorio Legislativo de Segurida', 24, 0, '', ''),
(90, 'Direccion Nacional de Enlace Legislativo', 24, 0, '', ''),
(91, 'Direccion de Seguridad de Causas de Violencia Inst', 22, 1, '', ''),
(93, 'Secretaria de Seguridad', 23, 6, 'Dr. Sergio Berni', ''),
(94, 'Direccion Nac de Enlaces y Comunicaciones Interjur', 23, 6, 'Dra. Mariana Casares', ''),
(95, 'Direccion Nacional de Cinotecnia', 23, 4, 'Lic. Ariel Zapata', ''),
(96, 'Direccion de Cria y Adiestramiento', 23, 4, 'Sr. Osvaldo Bonavena', ''),
(97, 'Direccion de Sanidad y Reproduccion', 23, 4, 'Sr. Carlos Liberatore', ''),
(98, 'Direccion de Capacitacion e Investigacion', 23, 4, 'Sr. Hector Lorenzo', ''),
(99, 'Direccion Nacional de Inteligencia Criminal', 21, 5, 'Lic. Sebastian Ciatti', ''),
(100, 'Direccion de Control policial de la PSA', 21, 3, '', ''),
(101, 'Subsecretaria de Politicas de Seguridad e Interver', 23, 6, 'Sr. Dario Ruiz', ''),
(102, 'Direccion Nacional de Gestion y Bienestar de las F', 23, 4, 'Dra. Maria Laura Izzo', ''),
(103, 'Direccion de Promocion del Bienestar Social', 23, 6, 'Lic. Fernando Zack', ''),
(104, 'Coordinacion de Promocion de la Salud Fisica y Men', 23, 4, 'Sr. Carlos Apestei', ''),
(105, 'Coordinacion de Vivienda y Bienestar', 23, 4, '', ''),
(106, 'Direccion de Carrera del Personal FFPPSS', 23, 4, '', ''),
(107, 'Coordinacion de Evaluacion de Desempeño y Ascensos', 23, 4, '', ''),
(108, 'Coordinacion de Regimenes de Ingresos', 23, 4, 'Dra. Maria Angelica Lobo', ''),
(109, 'Direccion Nacional de Gestion de la Inf Criminal', 22, 1, '', ''),
(110, 'Direccion de Investigacion de Estudio y Diseño de', 22, 1, '', ''),
(111, 'Direccion de Sistematizacion y Analisis de Inf Cri', 22, 0, 'Gustavo Cucurela', ''),
(112, 'Direccion Nac de Cooperacion Regional e Int de la', 23, 4, 'Lic. Roberto Diego Lluma', ''),
(113, 'Direccion de Asuntos Internacionales', 23, 4, 'Lic. Ornela Costa', ''),
(114, 'Direccion de Asuntos Regionales, Mercosur-Unasur', 23, 4, '', ''),
(115, 'Caja de Retiros, Jubilaciones y Pensiones de PFA', 23, 4, 'Crio My (R) Dr. Juan Carlos Pitano', ''),
(116, 'Coordinacion Emergencias y Catastrofes', 21, 3, 'Sr Carlos Zoloaga', ''),
(117, 'Subsecretaria de Logistica', 23, 6, 'Lic. Mauro Sestua', ''),
(118, 'Direccion Nacional de Tecnologia y Equipamiento', 23, 5, 'Maria Elena Montero', ''),
(119, 'Direccion de Evaluacion de Proyectos', 23, 5, '', ''),
(120, 'Coordinacion de Equipamientos', 23, 5, '', ''),
(121, 'Coordinacion de Tecnologia', 23, 5, '', ''),
(122, 'Direccion Nacional de Logistica', 23, 5, 'Lic. Ruben Rodriguez', ''),
(123, 'Direccion de Planeamiento Estrategico', 23, 5, 'Sr. Maximo Borzi', ''),
(124, 'Direccion de Gestion Logistica', 23, 5, '', ''),
(125, 'Direccion General de Presupuesto', 23, 5, '', ''),
(126, 'Direccion de Gestion Presupuestaria', 23, 5, 'Maria Fernanda Ferreyra', ''),
(127, 'Direccion de Evaluacion Presupuestaria', 23, 5, 'Monica Rodriguez', ''),
(128, 'Subsecretaria de Investigacion del Delito Organiza', 23, 6, 'Dr. Carlos Alberto Silva', ''),
(129, 'Direccion Nacional de Investigaciones', 23, 5, 'Dr. Edgardo Gibilisco', ''),
(130, 'Direccion de Investigaciones de Delitos Complejos', 23, 5, 'Dr. Damian Marronselli', ''),
(131, 'Direccion de Investigaciones de la Criminalidad Or', 23, 5, 'Lic. Roman Zucell', ''),
(132, 'Coordinacion de Lucha contra el Terrorismo y el Tr', 23, 5, '', ''),
(133, 'Coordinacion de Investigacion de Delitos Economico', 23, 5, '', ''),
(134, 'Coordinacion de Lucha contra la Trata de Personas', 23, 5, '', ''),
(135, 'Direccion de Lucha contra el Narcotrafico', 23, 5, '', ''),
(136, 'Subsecretaria de Participacion Ciudadana', 23, 6, 'Dra. Agustina Propato', ''),
(137, 'Direccion Nacional de Prevension del Delito y la V', 23, 6, 'Dra. Mariana Centeno', ''),
(138, 'Direccion de Programas Proyectos y Protocolos Para', 23, 6, '', ''),
(139, 'Direccion de Int Terr p/la Prev del Delito y Viol', 23, 4, 'Lic. Juliana Monte', ''),
(140, 'Direccion Nacional de Participacion Comunitaria', 23, 6, 'Lic. Graciana Lamadrid', ''),
(141, 'Direccion de Participacion Comunitaria Region AMBA', 22, 1, 'Lic. Juan Jose Nardi', ''),
(142, 'Direccion de Participacion Comunitaria Reg Interio', 22, 1, '', ''),
(143, 'Direccion Nacional de Articulacion y Enlace c Min', 22, 1, '', ''),
(144, 'Coordinacion de Art con Amb Judicial en Mat Viol G', 24, 1, '', ''),
(145, 'Secretaria Ejecutiva del Consejo de Seguridad Inte', 21, 1, '', ''),
(146, 'Coordinacion de Apoyo Sec Ejecut del Cons Seg Int', 21, 1, '', '');

-- --------------------------------------------------------

--
-- Estructura de tabla para la tabla `edificios`
--

CREATE TABLE IF NOT EXISTS `edificios` (
  `id` int(11) NOT NULL AUTO_INCREMENT,
  `cod_postal` int(10) DEFAULT NULL,
  `direccion` char(50) DEFAULT NULL,
  `descripcion` char(100) DEFAULT NULL,
  `responsable` varchar(50) DEFAULT NULL,
  `telefono` varchar(50) DEFAULT NULL,
  PRIMARY KEY (`id`)
) ENGINE=InnoDB  DEFAULT CHARSET=latin1 AUTO_INCREMENT=25 ;

--
-- Volcado de datos para la tabla `edificios`
--

INSERT INTO `edificios` (`id`, `cod_postal`, `direccion`, `descripcion`, `responsable`, `telefono`) VALUES
(21, 1232, 'AV. SAN JUAN 2776 CABA', 'SAN JUAN', 'CLAUDIO GONZALEZ', '49439779'),
(22, 1097, 'MEXICO 12 CABA', 'MEXICO', 'CARLOS PEREZ', '52789800'),
(23, 1063, 'AV. PASEO COLON 533 CABA', 'PASEO COLON', 'CARLOS PEREZ', '52789800'),
(24, 1425, 'GELLY y OBES 2289 CABA', 'GELLY', 'HUGO', '48091600');

-- --------------------------------------------------------

--
-- Estructura de tabla para la tabla `localidad`
--

CREATE TABLE IF NOT EXISTS `localidad` (
  `cod_postal` int(11) NOT NULL,
  `descripcion_loc` char(30) DEFAULT NULL,
  `id_provincia` char(5) DEFAULT NULL,
  PRIMARY KEY (`cod_postal`)
) ENGINE=InnoDB DEFAULT CHARSET=latin1;

--
-- Volcado de datos para la tabla `localidad`
--

INSERT INTO `localidad` (`cod_postal`, `descripcion_loc`, `id_provincia`) VALUES
(1615, 'Grand Bourg', '1'),
(1760, 'holaaaaa', '1'),
(5422, 'dsadsadsa', '3'),
(5555, 'dsadsasa', '6'),
(7777, 'dsdasdas', '7');

-- --------------------------------------------------------

--
-- Estructura de tabla para la tabla `modalidad_compras`
--

CREATE TABLE IF NOT EXISTS `modalidad_compras` (
  `id` int(2) NOT NULL AUTO_INCREMENT,
  `descripcion` char(50) DEFAULT NULL,
  PRIMARY KEY (`id`)
) ENGINE=InnoDB  DEFAULT CHARSET=latin1 AUTO_INCREMENT=8 ;

--
-- Volcado de datos para la tabla `modalidad_compras`
--

INSERT INTO `modalidad_compras` (`id`, `descripcion`) VALUES
(1, 'Orden de compra'),
(2, 'Ente cooperador'),
(3, 'Caja chica'),
(4, 'Fondo rotatorio'),
(5, 'Programas'),
(6, 'Donacion'),
(7, 'Transferencia');

-- --------------------------------------------------------

--
-- Estructura de tabla para la tabla `partidas`
--

CREATE TABLE IF NOT EXISTS `partidas` (
  `cod_partida` int(11) NOT NULL,
  `nombre` char(70) DEFAULT NULL,
  PRIMARY KEY (`cod_partida`)
) ENGINE=InnoDB DEFAULT CHARSET=latin1;

--
-- Volcado de datos para la tabla `partidas`
--

INSERT INTO `partidas` (`cod_partida`, `nombre`) VALUES
(411, 'Tierras y Terrenos'),
(412, 'Edificios e Instalaciones'),
(413, 'Otros Bienes Preexistentes'),
(421, 'Construcciones en Bienes de Dominio Privado'),
(422, 'Construcciones en Bienes de Dominio Publico'),
(431, 'Maquinaria y Equipo de Produccion'),
(432, 'Equipo de Transporte,Traccion y Elevacion'),
(433, 'Equipo Sanitario y de Laboratorio'),
(434, 'Equipo de Comunicacion y Señalamiento'),
(435, 'Equipo Educacional y Recreativo'),
(436, 'Equipos de Computacion'),
(437, 'Equipo de Oficina y Muebles'),
(438, 'Herramientas y Respuestos Mayores'),
(439, 'Equipos Varios'),
(440, 'Equipamiento Militar y de Seguridad'),
(445, 'Libros, Revistas y Otros Elementos Coleccionables'),
(460, 'Obras de Arte'),
(470, 'Semovientes'),
(480, 'Activos Intangibles'),
(481, 'Programas de Computacion'),
(489, 'Otros Activos Intangibles');

-- --------------------------------------------------------

--
-- Estructura de tabla para la tabla `proveedores`
--

CREATE TABLE IF NOT EXISTS `proveedores` (
  `id` int(11) NOT NULL AUTO_INCREMENT,
  `cuit` char(15) DEFAULT NULL,
  `razon_social` char(50) DEFAULT NULL,
  `direccion` char(50) DEFAULT NULL,
  `cod_localidad` int(11) DEFAULT NULL,
  `cod_provincia` int(11) DEFAULT NULL,
  `telefono` int(20) DEFAULT NULL,
  `mail` char(100) DEFAULT NULL,
  `categoria_iva` int(11) DEFAULT NULL,
  `localidad` char(50) DEFAULT NULL,
  PRIMARY KEY (`id`)
) ENGINE=InnoDB  DEFAULT CHARSET=latin1 AUTO_INCREMENT=23 ;

--
-- Volcado de datos para la tabla `proveedores`
--

INSERT INTO `proveedores` (`id`, `cuit`, `razon_social`, `direccion`, `cod_localidad`, `cod_provincia`, `telefono`, `mail`, `categoria_iva`, `localidad`) VALUES
(20, '44-44444444-4', 'sarasa', 'monumental', 0, 14, 47483647, '', 2, 'san martin alta'),
(21, '20-96632412-7', 'aaaaaaaaaa', 'aaaaaaaaaa', 0, 5, 41234567, '', 5, 'local'),
(22, '88-88888888-8', 'razon de existir, ministerio de seguridad, prueba', 'salamanca 7125 12345678 12345678 12345678 1234856', NULL, 9, 47011857, 'razondeexistir@minseg.com.arxc', 3, 'visitante local neutral 12345678 12345678 123456 1');

-- --------------------------------------------------------

--
-- Estructura de tabla para la tabla `provincia`
--

CREATE TABLE IF NOT EXISTS `provincia` (
  `id` int(2) NOT NULL,
  `descripcion` char(35) DEFAULT NULL,
  PRIMARY KEY (`id`)
) ENGINE=InnoDB DEFAULT CHARSET=latin1;

--
-- Volcado de datos para la tabla `provincia`
--

INSERT INTO `provincia` (`id`, `descripcion`) VALUES
(1, 'Buenos Aires\r'),
(2, 'La Pampa\r'),
(3, 'Santa Fe\r'),
(4, 'Cordoba\r'),
(5, 'Entre Rios'),
(6, 'Corrientes\r'),
(7, 'Misiones\r'),
(8, 'Formosa\r'),
(9, 'Chaco\r'),
(10, 'Santiago del Estero\r'),
(11, 'La Rioja'),
(12, 'Catamarca'),
(13, 'Tucuman'),
(14, 'Salta'),
(15, 'Jujuy'),
(16, 'San Juan'),
(17, 'San Luis'),
(18, 'Mendoza'),
(19, 'Tierra del Fuego'),
(20, 'Santa Cruz'),
(21, 'Chubut'),
(22, 'Rio Negro'),
(23, 'Neuquun'),
(24, 'Capital Federal'),
(25, 'Tierra del Fuego, Antartida, Islas');

-- --------------------------------------------------------

--
-- Estructura de tabla para la tabla `usuarios`
--

CREATE TABLE IF NOT EXISTS `usuarios` (
  `id_usuario` smallint(6) NOT NULL AUTO_INCREMENT,
  `nombre` varchar(50) CHARACTER SET utf8 COLLATE utf8_spanish_ci NOT NULL,
  `apellido` varchar(50) CHARACTER SET utf8 COLLATE utf8_spanish_ci NOT NULL,
  `mail` varchar(50) CHARACTER SET utf8 COLLATE utf8_spanish_ci NOT NULL,
  `fecha_nacimiento` date NOT NULL,
  `password` varchar(32) CHARACTER SET utf8 COLLATE utf8_spanish_ci NOT NULL,
  PRIMARY KEY (`id_usuario`)
) ENGINE=InnoDB  DEFAULT CHARSET=latin1 AUTO_INCREMENT=5 ;

--
-- Volcado de datos para la tabla `usuarios`
--

INSERT INTO `usuarios` (`id_usuario`, `nombre`, `apellido`, `mail`, `fecha_nacimiento`, `password`) VALUES
(1, 'sebastian', 'martin', 'seba@gmail.com', '0000-00-00', '25d55ad283aa400af464c76d713c07ad'),
(2, 'lucas', 'sisi', 'l@gmail.com', '0000-00-00', '25d55ad283aa400af464c76d713c07ad'),
(3, 'gusman', '', 'gusman', '2013-12-09', '25d55ad283aa400af464c76d713c07ad'),
(4, 'gaston', 'ferrari', 'gaston.ferrari', '2013-12-09', '25d55ad283aa400af464c76d713c07ad');
--
-- Base de datos: `pericias`
--

-- --------------------------------------------------------

--
-- Estructura de tabla para la tabla `fueros`
--

CREATE TABLE IF NOT EXISTS `fueros` (
  `id` int(10) unsigned NOT NULL AUTO_INCREMENT,
  `descripcion` varchar(255) COLLATE utf8_unicode_ci NOT NULL,
  `created_at` timestamp NOT NULL DEFAULT '0000-00-00 00:00:00',
  `updated_at` timestamp NOT NULL DEFAULT '0000-00-00 00:00:00',
  PRIMARY KEY (`id`)
) ENGINE=InnoDB  DEFAULT CHARSET=utf8 COLLATE=utf8_unicode_ci AUTO_INCREMENT=2 ;

--
-- Volcado de datos para la tabla `fueros`
--

INSERT INTO `fueros` (`id`, `descripcion`, `created_at`, `updated_at`) VALUES
(1, 'Sin Definir', '0000-00-00 00:00:00', '0000-00-00 00:00:00');

-- --------------------------------------------------------

--
-- Estructura de tabla para la tabla `fuerzas`
--

CREATE TABLE IF NOT EXISTS `fuerzas` (
  `id` int(10) unsigned NOT NULL AUTO_INCREMENT,
  `abreviacion` varchar(255) COLLATE utf8_unicode_ci NOT NULL,
  `descripcion` varchar(255) COLLATE utf8_unicode_ci NOT NULL,
  `created_at` timestamp NOT NULL DEFAULT '0000-00-00 00:00:00',
  `updated_at` timestamp NOT NULL DEFAULT '0000-00-00 00:00:00',
  PRIMARY KEY (`id`)
) ENGINE=InnoDB  DEFAULT CHARSET=utf8 COLLATE=utf8_unicode_ci AUTO_INCREMENT=5 ;

--
-- Volcado de datos para la tabla `fuerzas`
--

INSERT INTO `fuerzas` (`id`, `abreviacion`, `descripcion`, `created_at`, `updated_at`) VALUES
(1, 'PFA', 'Policia Federal', '0000-00-00 00:00:00', '0000-00-00 00:00:00'),
(2, 'PSA', 'Policia Seguridad Aeroportuaria', '0000-00-00 00:00:00', '0000-00-00 00:00:00'),
(3, 'GNA', 'Gendarmeria Nacional Argentina', '0000-00-00 00:00:00', '0000-00-00 00:00:00'),
(4, 'PNA', 'Prefectura Nacional Argentina', '0000-00-00 00:00:00', '0000-00-00 00:00:00');

-- --------------------------------------------------------

--
-- Estructura de tabla para la tabla `materiales`
--

CREATE TABLE IF NOT EXISTS `materiales` (
  `id` int(10) unsigned NOT NULL AUTO_INCREMENT,
  `descripcion` varchar(255) COLLATE utf8_unicode_ci NOT NULL,
  `created_at` timestamp NOT NULL DEFAULT '0000-00-00 00:00:00',
  `updated_at` timestamp NOT NULL DEFAULT '0000-00-00 00:00:00',
  PRIMARY KEY (`id`)
) ENGINE=InnoDB  DEFAULT CHARSET=utf8 COLLATE=utf8_unicode_ci AUTO_INCREMENT=2 ;

--
-- Volcado de datos para la tabla `materiales`
--

INSERT INTO `materiales` (`id`, `descripcion`, `created_at`, `updated_at`) VALUES
(1, 'Sin Definir', '0000-00-00 00:00:00', '0000-00-00 00:00:00');

-- --------------------------------------------------------

--
-- Estructura de tabla para la tabla `migrations`
--

CREATE TABLE IF NOT EXISTS `migrations` (
  `migration` varchar(255) COLLATE utf8_unicode_ci NOT NULL,
  `batch` int(11) NOT NULL
) ENGINE=InnoDB DEFAULT CHARSET=utf8 COLLATE=utf8_unicode_ci;

--
-- Volcado de datos para la tabla `migrations`
--

INSERT INTO `migrations` (`migration`, `batch`) VALUES
('2014_05_01_110000_create_perfiles_table', 1),
('2014_05_01_122951_create_usuarios__table', 1),
('2014_05_21_182045_create_fuerzas_table', 1),
('2014_05_21_182058_create_fueros_table', 1),
('2014_05_21_182112_create_tipos_table', 1),
('2014_05_21_182128_create_materiales_table', 1),
('2014_05_22_083603_create_tabla_provincias', 1),
('2014_05_23_000000_create_balistica_table', 1);

-- --------------------------------------------------------

--
-- Estructura de tabla para la tabla `perfiles`
--

CREATE TABLE IF NOT EXISTS `perfiles` (
  `id` int(10) unsigned NOT NULL AUTO_INCREMENT,
  `perfil` varchar(255) COLLATE utf8_unicode_ci NOT NULL,
  `created_at` timestamp NOT NULL DEFAULT '0000-00-00 00:00:00',
  `updated_at` timestamp NOT NULL DEFAULT '0000-00-00 00:00:00',
  PRIMARY KEY (`id`)
) ENGINE=InnoDB  DEFAULT CHARSET=utf8 COLLATE=utf8_unicode_ci AUTO_INCREMENT=3 ;

--
-- Volcado de datos para la tabla `perfiles`
--

INSERT INTO `perfiles` (`id`, `perfil`, `created_at`, `updated_at`) VALUES
(1, 'administrador', '0000-00-00 00:00:00', '0000-00-00 00:00:00'),
(2, 'operador', '0000-00-00 00:00:00', '0000-00-00 00:00:00');

-- --------------------------------------------------------

--
-- Estructura de tabla para la tabla `pericias_balistica`
--

CREATE TABLE IF NOT EXISTS `pericias_balistica` (
  `id` int(10) unsigned NOT NULL AUTO_INCREMENT,
  `nro_registro` int(11) NOT NULL,
  `fecha_ingreso` date NOT NULL,
  `fecha_egreso` date NOT NULL,
  `dependencia` varchar(25) COLLATE utf8_unicode_ci NOT NULL,
  `caratula` varchar(25) COLLATE utf8_unicode_ci NOT NULL,
  `nombre_causa` varchar(25) COLLATE utf8_unicode_ci NOT NULL,
  `id_autoridad_requeriente` int(10) unsigned DEFAULT NULL,
  `id_fuero` int(10) unsigned DEFAULT NULL,
  `id_tipo` int(10) unsigned DEFAULT NULL,
  `id_material_recibido` int(10) unsigned DEFAULT NULL,
  `id_material_procesado` int(10) unsigned DEFAULT NULL,
  `id_usuario` int(10) unsigned DEFAULT NULL,
  `id_provincia` int(10) unsigned DEFAULT NULL,
  `ruta_foto` varchar(255) COLLATE utf8_unicode_ci DEFAULT NULL,
  `carga_saib` varchar(25) COLLATE utf8_unicode_ci NOT NULL,
  `created_at` timestamp NOT NULL DEFAULT '0000-00-00 00:00:00',
  `updated_at` timestamp NOT NULL DEFAULT '0000-00-00 00:00:00',
  PRIMARY KEY (`id`),
  KEY `pericias_balistica_id_autoridad_requeriente_foreign` (`id_autoridad_requeriente`),
  KEY `pericias_balistica_id_fuero_foreign` (`id_fuero`),
  KEY `pericias_balistica_id_tipo_foreign` (`id_tipo`),
  KEY `pericias_balistica_id_material_recibido_foreign` (`id_material_recibido`),
  KEY `pericias_balistica_id_material_procesado_foreign` (`id_material_procesado`),
  KEY `pericias_balistica_id_usuario_foreign` (`id_usuario`),
  KEY `pericias_balistica_id_provincia_foreign` (`id_provincia`)
) ENGINE=InnoDB  DEFAULT CHARSET=utf8 COLLATE=utf8_unicode_ci AUTO_INCREMENT=2 ;

--
-- Volcado de datos para la tabla `pericias_balistica`
--

INSERT INTO `pericias_balistica` (`id`, `nro_registro`, `fecha_ingreso`, `fecha_egreso`, `dependencia`, `caratula`, `nombre_causa`, `id_autoridad_requeriente`, `id_fuero`, `id_tipo`, `id_material_recibido`, `id_material_procesado`, `id_usuario`, `id_provincia`, `ruta_foto`, `carga_saib`, `created_at`, `updated_at`) VALUES
(1, 2432432, '2014-05-23', '2014-05-23', 'dfdgfd', 'dfgfgddfg', 'sfdsfdfds', 1, 1, 1, 1, 1, 1, 17, 'archivos//0c056f1f939bc190baaf5bdc0226abca', 'sdffsdfds', '2014-05-24 03:00:39', '2014-05-24 03:00:39');

-- --------------------------------------------------------

--
-- Estructura de tabla para la tabla `provincias`
--

CREATE TABLE IF NOT EXISTS `provincias` (
  `id` int(10) unsigned NOT NULL AUTO_INCREMENT,
  `descripcion` varchar(255) COLLATE utf8_unicode_ci NOT NULL,
  `created_at` timestamp NOT NULL DEFAULT '0000-00-00 00:00:00',
  `updated_at` timestamp NOT NULL DEFAULT '0000-00-00 00:00:00',
  PRIMARY KEY (`id`)
) ENGINE=InnoDB  DEFAULT CHARSET=utf8 COLLATE=utf8_unicode_ci AUTO_INCREMENT=25 ;

--
-- Volcado de datos para la tabla `provincias`
--

INSERT INTO `provincias` (`id`, `descripcion`, `created_at`, `updated_at`) VALUES
(1, 'Salta', '0000-00-00 00:00:00', '0000-00-00 00:00:00'),
(2, 'Buenos Aires', '0000-00-00 00:00:00', '0000-00-00 00:00:00'),
(3, 'Capital Federal', '0000-00-00 00:00:00', '0000-00-00 00:00:00'),
(4, 'San Luis', '0000-00-00 00:00:00', '0000-00-00 00:00:00'),
(5, 'Entre Ríos', '0000-00-00 00:00:00', '0000-00-00 00:00:00'),
(6, 'La Rioja', '0000-00-00 00:00:00', '0000-00-00 00:00:00'),
(7, 'Santiago Del Estero', '0000-00-00 00:00:00', '0000-00-00 00:00:00'),
(8, 'Chaco', '0000-00-00 00:00:00', '0000-00-00 00:00:00'),
(9, 'San Juan', '0000-00-00 00:00:00', '0000-00-00 00:00:00'),
(10, 'Catamarca', '0000-00-00 00:00:00', '0000-00-00 00:00:00'),
(11, 'La Pampa', '0000-00-00 00:00:00', '0000-00-00 00:00:00'),
(12, 'Mendoza', '0000-00-00 00:00:00', '0000-00-00 00:00:00'),
(13, 'Misiones', '0000-00-00 00:00:00', '0000-00-00 00:00:00'),
(14, 'Formosa', '0000-00-00 00:00:00', '0000-00-00 00:00:00'),
(15, 'Neuquén', '0000-00-00 00:00:00', '0000-00-00 00:00:00'),
(16, 'Río Negro', '0000-00-00 00:00:00', '0000-00-00 00:00:00'),
(17, 'Santa Fé', '0000-00-00 00:00:00', '0000-00-00 00:00:00'),
(18, 'Tucumán', '0000-00-00 00:00:00', '0000-00-00 00:00:00'),
(19, 'Chubut', '0000-00-00 00:00:00', '0000-00-00 00:00:00'),
(20, 'Tierra Del Fuego', '0000-00-00 00:00:00', '0000-00-00 00:00:00'),
(21, 'Corrientes', '0000-00-00 00:00:00', '0000-00-00 00:00:00'),
(22, 'Córdoba', '0000-00-00 00:00:00', '0000-00-00 00:00:00'),
(23, 'Jujuy', '0000-00-00 00:00:00', '0000-00-00 00:00:00'),
(24, 'Santa Cruz', '0000-00-00 00:00:00', '0000-00-00 00:00:00');

-- --------------------------------------------------------

--
-- Estructura de tabla para la tabla `tipos`
--

CREATE TABLE IF NOT EXISTS `tipos` (
  `id` int(10) unsigned NOT NULL AUTO_INCREMENT,
  `descripcion` varchar(255) COLLATE utf8_unicode_ci NOT NULL,
  `created_at` timestamp NOT NULL DEFAULT '0000-00-00 00:00:00',
  `updated_at` timestamp NOT NULL DEFAULT '0000-00-00 00:00:00',
  PRIMARY KEY (`id`)
) ENGINE=InnoDB  DEFAULT CHARSET=utf8 COLLATE=utf8_unicode_ci AUTO_INCREMENT=2 ;

--
-- Volcado de datos para la tabla `tipos`
--

INSERT INTO `tipos` (`id`, `descripcion`, `created_at`, `updated_at`) VALUES
(1, 'Sin Definir', '0000-00-00 00:00:00', '0000-00-00 00:00:00');

-- --------------------------------------------------------

--
-- Estructura de tabla para la tabla `usuarios`
--

CREATE TABLE IF NOT EXISTS `usuarios` (
  `id` int(10) unsigned NOT NULL AUTO_INCREMENT,
  `nombre` varchar(25) COLLATE utf8_unicode_ci NOT NULL,
  `apellido` varchar(25) COLLATE utf8_unicode_ci NOT NULL,
  `email` varchar(50) COLLATE utf8_unicode_ci NOT NULL,
  `password` varchar(255) COLLATE utf8_unicode_ci NOT NULL,
  `dni` int(11) NOT NULL,
  `id_perfil` int(10) unsigned NOT NULL,
  `username` varchar(25) COLLATE utf8_unicode_ci NOT NULL,
  `remember_token` varchar(100) COLLATE utf8_unicode_ci NOT NULL,
  `created_at` timestamp NOT NULL DEFAULT '0000-00-00 00:00:00',
  `updated_at` timestamp NOT NULL DEFAULT '0000-00-00 00:00:00',
  PRIMARY KEY (`id`),
  KEY `usuarios_id_perfil_foreign` (`id_perfil`)
) ENGINE=InnoDB  DEFAULT CHARSET=utf8 COLLATE=utf8_unicode_ci AUTO_INCREMENT=2 ;

--
-- Volcado de datos para la tabla `usuarios`
--

INSERT INTO `usuarios` (`id`, `nombre`, `apellido`, `email`, `password`, `dni`, `id_perfil`, `username`, `remember_token`, `created_at`, `updated_at`) VALUES
(1, '', '', '', '$2y$10$5Y/tlVi.tolMbWSTjeeyy.mHsCulJ5iEOSJiCQzp8ExtzPa66RqXW', 0, 1, 'test', '', '0000-00-00 00:00:00', '0000-00-00 00:00:00');

--
-- Restricciones para tablas volcadas
--

--
-- Filtros para la tabla `pericias_balistica`
--
ALTER TABLE `pericias_balistica`
  ADD CONSTRAINT `pericias_balistica_id_autoridad_requeriente_foreign` FOREIGN KEY (`id_autoridad_requeriente`) REFERENCES `fuerzas` (`id`) ON DELETE CASCADE,
  ADD CONSTRAINT `pericias_balistica_id_fuero_foreign` FOREIGN KEY (`id_fuero`) REFERENCES `fueros` (`id`) ON DELETE CASCADE,
  ADD CONSTRAINT `pericias_balistica_id_material_procesado_foreign` FOREIGN KEY (`id_material_procesado`) REFERENCES `materiales` (`id`) ON DELETE CASCADE,
  ADD CONSTRAINT `pericias_balistica_id_material_recibido_foreign` FOREIGN KEY (`id_material_recibido`) REFERENCES `materiales` (`id`) ON DELETE CASCADE,
  ADD CONSTRAINT `pericias_balistica_id_provincia_foreign` FOREIGN KEY (`id_provincia`) REFERENCES `provincias` (`id`) ON DELETE CASCADE,
  ADD CONSTRAINT `pericias_balistica_id_tipo_foreign` FOREIGN KEY (`id_tipo`) REFERENCES `tipos` (`id`) ON DELETE CASCADE,
  ADD CONSTRAINT `pericias_balistica_id_usuario_foreign` FOREIGN KEY (`id_usuario`) REFERENCES `usuarios` (`id`) ON DELETE CASCADE;

--
-- Filtros para la tabla `usuarios`
--
ALTER TABLE `usuarios`
  ADD CONSTRAINT `usuarios_id_perfil_foreign` FOREIGN KEY (`id_perfil`) REFERENCES `perfiles` (`id`) ON DELETE CASCADE;
--
-- Base de datos: `phpmyadmin`
--

-- --------------------------------------------------------

--
-- Estructura de tabla para la tabla `pma_bookmark`
--

CREATE TABLE IF NOT EXISTS `pma_bookmark` (
  `id` int(11) NOT NULL AUTO_INCREMENT,
  `dbase` varchar(255) COLLATE utf8_bin NOT NULL DEFAULT '',
  `user` varchar(255) COLLATE utf8_bin NOT NULL DEFAULT '',
  `label` varchar(255) CHARACTER SET utf8 NOT NULL DEFAULT '',
  `query` text COLLATE utf8_bin NOT NULL,
  PRIMARY KEY (`id`)
) ENGINE=MyISAM DEFAULT CHARSET=utf8 COLLATE=utf8_bin COMMENT='Bookmarks' AUTO_INCREMENT=1 ;

-- --------------------------------------------------------

--
-- Estructura de tabla para la tabla `pma_column_info`
--

CREATE TABLE IF NOT EXISTS `pma_column_info` (
  `id` int(5) unsigned NOT NULL AUTO_INCREMENT,
  `db_name` varchar(64) COLLATE utf8_bin NOT NULL DEFAULT '',
  `table_name` varchar(64) COLLATE utf8_bin NOT NULL DEFAULT '',
  `column_name` varchar(64) COLLATE utf8_bin NOT NULL DEFAULT '',
  `comment` varchar(255) CHARACTER SET utf8 NOT NULL DEFAULT '',
  `mimetype` varchar(255) CHARACTER SET utf8 NOT NULL DEFAULT '',
  `transformation` varchar(255) COLLATE utf8_bin NOT NULL DEFAULT '',
  `transformation_options` varchar(255) COLLATE utf8_bin NOT NULL DEFAULT '',
  PRIMARY KEY (`id`),
  UNIQUE KEY `db_name` (`db_name`,`table_name`,`column_name`)
) ENGINE=MyISAM  DEFAULT CHARSET=utf8 COLLATE=utf8_bin COMMENT='Column information for phpMyAdmin' AUTO_INCREMENT=80 ;

--
-- Volcado de datos para la tabla `pma_column_info`
--

INSERT INTO `pma_column_info` (`id`, `db_name`, `table_name`, `column_name`, `comment`, `mimetype`, `transformation`, `transformation_options`) VALUES
(1, 'nodejs', 'usuarios', 'id', '', '', '_', ''),
(2, 'nodejs', 'usuarios', 'usuario', '', '', '_', ''),
(3, 'nodejs', 'usuarios', 'foto', '', '', '_', ''),
(4, 'nodejs', 'usuarios', 'descripcion', '', '', '_', ''),
(34, 'softlaw', 'juicios', 'id_etapa', '', '', '_', ''),
(33, 'softlaw', 'juicios', 'id_dpto_judicial', '', '', '_', ''),
(32, 'softlaw', 'juicios', 'nro_expediente', '', '', '_', ''),
(31, 'softlaw', 'juicios', 'piso', '', '', '_', ''),
(18, 'softlaw', 'usuarios', 'contrasenia', '', '', '_', ''),
(17, 'softlaw', 'usuarios', 'password', '', '', '_', ''),
(37, 'softlaw', 'juicios', 'id_estado', '', '', '_', ''),
(35, 'softlaw', 'juicios', 'id_proce', '', '', '_', ''),
(36, 'softlaw', 'juicios', 'carp', '', '', '_', ''),
(30, 'softlaw', 'juicios', 'juzgado', '', '', '_', ''),
(29, 'softlaw', 'juicios', 'id_fuero', '', '', '_', ''),
(28, 'softlaw', 'juicios', 'partes', '', '', '_', ''),
(27, 'softlaw', 'juicios', 'id', '', '', '_', ''),
(38, 'softlaw', 'juicios', 'created_at', '', '', '_', ''),
(39, 'softlaw', 'juicios', 'updated_at', '', '', '_', ''),
(40, 'softlaw', 'ver_hacer', 'id', '', '', '_', ''),
(41, 'softlaw', 'ver_hacer', 'fecha', '', '', '_', ''),
(42, 'softlaw', 'ver_hacer', 'id_tipo_tarea', '', '', '_', ''),
(43, 'softlaw', 'ver_hacer', 'descripcion', '', '', '_', ''),
(44, 'softlaw', 'ver_hacer', 'created_at', '', '', '_', ''),
(45, 'softlaw', 'ver_hacer', 'updated_at', '', '', '_', ''),
(46, 'softlaw', 'ver_hacer', 'realizada', '', '', '_', ''),
(47, 'softlaw', 'ver_hacer', 'id_juicio', '', '', '_', ''),
(48, 'softlaw', 'movimientos', 'id', '', '', '_', ''),
(49, 'softlaw', 'movimientos', 'id_juicio', '', '', '_', ''),
(50, 'softlaw', 'movimientos', 'fecha', '', '', '_', ''),
(51, 'softlaw', 'movimientos', 'descripcion', '', '', '_', ''),
(52, 'softlaw', 'movimientos', 'created_at', '', '', '_', ''),
(53, 'softlaw', 'movimientos', 'updated_at', '', '', '_', ''),
(54, 'softlaw', 'vtos', 'id', '', '', '_', ''),
(55, 'softlaw', 'vtos', 'id_juicio', '', '', '_', ''),
(56, 'softlaw', 'vtos', 'fecha', '', '', '_', ''),
(57, 'softlaw', 'vtos', 'vigente', '', '', '_', ''),
(58, 'softlaw', 'vtos', 'created_at', '', '', '_', ''),
(59, 'softlaw', 'vtos', 'updated_at', '', '', '_', ''),
(60, 'softlaw', 'caducidades', 'created_at', '', '', '_', ''),
(61, 'softlaw', 'caducidades', 'fecha', '', '', '_', ''),
(62, 'softlaw', 'caducidades', 'id', '', '', '_', ''),
(63, 'softlaw', 'caducidades', 'id_juicio', '', '', '_', ''),
(64, 'softlaw', 'caducidades', 'updated_at', '', '', '_', ''),
(65, 'softlaw', 'caducidades', 'vigente', '', '', '_', ''),
(66, 'softlaw', 'juicios', 'id_juzgado', '', '', '_', ''),
(67, 'cooperativa', 'usuarios', 'password', '', '', '_', ''),
(68, 'cooperativa', 'usuarios', 'remember_token', '', '', '_', ''),
(69, 'cooperativa', 'facturas_cocheria', 'id', '', '', '_', ''),
(70, 'cooperativa', 'facturas_cocheria', 'fecha', '', '', '_', ''),
(71, 'cooperativa', 'facturas_cocheria', 'descripcion', '', '', '_', ''),
(72, 'cooperativa', 'facturas_cocheria', 'id_socio', '', '', '_', ''),
(73, 'cooperativa', 'facturas_cocheria', 'id_familiar', '', '', '_', ''),
(74, 'cooperativa', 'facturas_cocheria', 'importe', '', '', '_', ''),
(75, 'cooperativa', 'facturas_cocheria', 'porcentaje', '', '', '_', ''),
(76, 'cooperativa', 'socios', 'socio_cocheria', '', '', '_', ''),
(77, 'cooperativa', 'facturas_cocheria', 'id_usuario', '', '', '_', ''),
(78, 'cooperativa', 'facturas_cocheria', 'created_at', '', '', '_', ''),
(79, 'cooperativa', 'facturas_cocheria', 'updated_at', '', '', '_', '');

-- --------------------------------------------------------

--
-- Estructura de tabla para la tabla `pma_designer_coords`
--

CREATE TABLE IF NOT EXISTS `pma_designer_coords` (
  `db_name` varchar(64) COLLATE utf8_bin NOT NULL DEFAULT '',
  `table_name` varchar(64) COLLATE utf8_bin NOT NULL DEFAULT '',
  `x` int(11) DEFAULT NULL,
  `y` int(11) DEFAULT NULL,
  `v` tinyint(4) DEFAULT NULL,
  `h` tinyint(4) DEFAULT NULL,
  PRIMARY KEY (`db_name`,`table_name`)
) ENGINE=MyISAM DEFAULT CHARSET=utf8 COLLATE=utf8_bin COMMENT='Table coordinates for Designer';

-- --------------------------------------------------------

--
-- Estructura de tabla para la tabla `pma_history`
--

CREATE TABLE IF NOT EXISTS `pma_history` (
  `id` bigint(20) unsigned NOT NULL AUTO_INCREMENT,
  `username` varchar(64) COLLATE utf8_bin NOT NULL DEFAULT '',
  `db` varchar(64) COLLATE utf8_bin NOT NULL DEFAULT '',
  `table` varchar(64) COLLATE utf8_bin NOT NULL DEFAULT '',
  `timevalue` timestamp NOT NULL DEFAULT CURRENT_TIMESTAMP ON UPDATE CURRENT_TIMESTAMP,
  `sqlquery` text COLLATE utf8_bin NOT NULL,
  PRIMARY KEY (`id`),
  KEY `username` (`username`,`db`,`table`,`timevalue`)
) ENGINE=MyISAM DEFAULT CHARSET=utf8 COLLATE=utf8_bin COMMENT='SQL history for phpMyAdmin' AUTO_INCREMENT=1 ;

-- --------------------------------------------------------

--
-- Estructura de tabla para la tabla `pma_pdf_pages`
--

CREATE TABLE IF NOT EXISTS `pma_pdf_pages` (
  `db_name` varchar(64) COLLATE utf8_bin NOT NULL DEFAULT '',
  `page_nr` int(10) unsigned NOT NULL AUTO_INCREMENT,
  `page_descr` varchar(50) CHARACTER SET utf8 NOT NULL DEFAULT '',
  PRIMARY KEY (`page_nr`),
  KEY `db_name` (`db_name`)
) ENGINE=MyISAM DEFAULT CHARSET=utf8 COLLATE=utf8_bin COMMENT='PDF relation pages for phpMyAdmin' AUTO_INCREMENT=1 ;

-- --------------------------------------------------------

--
-- Estructura de tabla para la tabla `pma_recent`
--

CREATE TABLE IF NOT EXISTS `pma_recent` (
  `username` varchar(64) COLLATE utf8_bin NOT NULL,
  `tables` text COLLATE utf8_bin NOT NULL,
  PRIMARY KEY (`username`)
) ENGINE=MyISAM DEFAULT CHARSET=utf8 COLLATE=utf8_bin COMMENT='Recently accessed tables';

--
-- Volcado de datos para la tabla `pma_recent`
--

INSERT INTO `pma_recent` (`username`, `tables`) VALUES
('root', '[{"db":"cooperativa","table":"facturas_cocheria"},{"db":"cooperativa","table":"socios"},{"db":"cooperativa","table":"si_no"},{"db":"cooperativa","table":"perfiles"},{"db":"cooperativa","table":"factura_cocheria"},{"db":"cooperativa","table":"familiares"},{"db":"cooperativa","table":"usuarios"},{"db":"oficios","table":"usuarios"},{"db":"softlaw","table":"juicios"},{"db":"softlaw","table":"caducidades"}]');

-- --------------------------------------------------------

--
-- Estructura de tabla para la tabla `pma_relation`
--

CREATE TABLE IF NOT EXISTS `pma_relation` (
  `master_db` varchar(64) COLLATE utf8_bin NOT NULL DEFAULT '',
  `master_table` varchar(64) COLLATE utf8_bin NOT NULL DEFAULT '',
  `master_field` varchar(64) COLLATE utf8_bin NOT NULL DEFAULT '',
  `foreign_db` varchar(64) COLLATE utf8_bin NOT NULL DEFAULT '',
  `foreign_table` varchar(64) COLLATE utf8_bin NOT NULL DEFAULT '',
  `foreign_field` varchar(64) COLLATE utf8_bin NOT NULL DEFAULT '',
  PRIMARY KEY (`master_db`,`master_table`,`master_field`),
  KEY `foreign_field` (`foreign_db`,`foreign_table`)
) ENGINE=MyISAM DEFAULT CHARSET=utf8 COLLATE=utf8_bin COMMENT='Relation table';

-- --------------------------------------------------------

--
-- Estructura de tabla para la tabla `pma_table_coords`
--

CREATE TABLE IF NOT EXISTS `pma_table_coords` (
  `db_name` varchar(64) COLLATE utf8_bin NOT NULL DEFAULT '',
  `table_name` varchar(64) COLLATE utf8_bin NOT NULL DEFAULT '',
  `pdf_page_number` int(11) NOT NULL DEFAULT '0',
  `x` float unsigned NOT NULL DEFAULT '0',
  `y` float unsigned NOT NULL DEFAULT '0',
  PRIMARY KEY (`db_name`,`table_name`,`pdf_page_number`)
) ENGINE=MyISAM DEFAULT CHARSET=utf8 COLLATE=utf8_bin COMMENT='Table coordinates for phpMyAdmin PDF output';

-- --------------------------------------------------------

--
-- Estructura de tabla para la tabla `pma_table_info`
--

CREATE TABLE IF NOT EXISTS `pma_table_info` (
  `db_name` varchar(64) COLLATE utf8_bin NOT NULL DEFAULT '',
  `table_name` varchar(64) COLLATE utf8_bin NOT NULL DEFAULT '',
  `display_field` varchar(64) COLLATE utf8_bin NOT NULL DEFAULT '',
  PRIMARY KEY (`db_name`,`table_name`)
) ENGINE=MyISAM DEFAULT CHARSET=utf8 COLLATE=utf8_bin COMMENT='Table information for phpMyAdmin';

--
-- Volcado de datos para la tabla `pma_table_info`
--

INSERT INTO `pma_table_info` (`db_name`, `table_name`, `display_field`) VALUES
('cursos', 'cursos', 'nombre');

-- --------------------------------------------------------

--
-- Estructura de tabla para la tabla `pma_table_uiprefs`
--

CREATE TABLE IF NOT EXISTS `pma_table_uiprefs` (
  `username` varchar(64) COLLATE utf8_bin NOT NULL,
  `db_name` varchar(64) COLLATE utf8_bin NOT NULL,
  `table_name` varchar(64) COLLATE utf8_bin NOT NULL,
  `prefs` text COLLATE utf8_bin NOT NULL,
  `last_update` timestamp NOT NULL DEFAULT CURRENT_TIMESTAMP ON UPDATE CURRENT_TIMESTAMP,
  PRIMARY KEY (`username`,`db_name`,`table_name`)
) ENGINE=MyISAM DEFAULT CHARSET=utf8 COLLATE=utf8_bin COMMENT='Tables'' UI preferences';

--
-- Volcado de datos para la tabla `pma_table_uiprefs`
--

INSERT INTO `pma_table_uiprefs` (`username`, `db_name`, `table_name`, `prefs`, `last_update`) VALUES
('root', 'custodias', 'custodias_y_consignas', '{"sorted_col":"`custodias_y_consignas`.`id_custodia_consigna` ASC"}', '2014-06-28 13:47:04'),
('root', 'custodias', 'persona_custodiada', '{"sorted_col":"`persona_custodiada`.`id_persona_custodiada` DESC"}', '2014-05-19 19:03:44'),
('root', 'oficios_laravel', 'migrations', '{"sorted_col":"`migrations`.`migration` ASC"}', '2014-05-24 12:01:32'),
('root', 'oficios', 'oficios', '{"sorted_col":"`oficios`.`id` DESC"}', '2014-05-24 13:00:56'),
('root', 'oficios_laravel', 'oficios', '{"sorted_col":"`oficios`.`id` DESC"}', '2014-05-25 01:47:27'),
('root', 'oficios_laravel', 'fotos', '{"sorted_col":"`fotos`.`path` ASC"}', '2014-05-25 14:02:30'),
('root', 'cooperativa', 'facturas_cocheria', '{"sorted_col":"`facturas_cocheria`.`porcentaje` ASC"}', '2014-08-03 04:54:34');

-- --------------------------------------------------------

--
-- Estructura de tabla para la tabla `pma_tracking`
--

CREATE TABLE IF NOT EXISTS `pma_tracking` (
  `db_name` varchar(64) COLLATE utf8_bin NOT NULL,
  `table_name` varchar(64) COLLATE utf8_bin NOT NULL,
  `version` int(10) unsigned NOT NULL,
  `date_created` datetime NOT NULL,
  `date_updated` datetime NOT NULL,
  `schema_snapshot` text COLLATE utf8_bin NOT NULL,
  `schema_sql` text COLLATE utf8_bin,
  `data_sql` longtext COLLATE utf8_bin,
  `tracking` set('UPDATE','REPLACE','INSERT','DELETE','TRUNCATE','CREATE DATABASE','ALTER DATABASE','DROP DATABASE','CREATE TABLE','ALTER TABLE','RENAME TABLE','DROP TABLE','CREATE INDEX','DROP INDEX','CREATE VIEW','ALTER VIEW','DROP VIEW') COLLATE utf8_bin DEFAULT NULL,
  `tracking_active` int(1) unsigned NOT NULL DEFAULT '1',
  PRIMARY KEY (`db_name`,`table_name`,`version`)
) ENGINE=MyISAM DEFAULT CHARSET=utf8 COLLATE=utf8_bin ROW_FORMAT=COMPACT COMMENT='Database changes tracking for phpMyAdmin';

-- --------------------------------------------------------

--
-- Estructura de tabla para la tabla `pma_userconfig`
--

CREATE TABLE IF NOT EXISTS `pma_userconfig` (
  `username` varchar(64) COLLATE utf8_bin NOT NULL,
  `timevalue` timestamp NOT NULL DEFAULT CURRENT_TIMESTAMP ON UPDATE CURRENT_TIMESTAMP,
  `config_data` text COLLATE utf8_bin NOT NULL,
  PRIMARY KEY (`username`)
) ENGINE=MyISAM DEFAULT CHARSET=utf8 COLLATE=utf8_bin COMMENT='User preferences storage for phpMyAdmin';

--
-- Volcado de datos para la tabla `pma_userconfig`
--

INSERT INTO `pma_userconfig` (`username`, `timevalue`, `config_data`) VALUES
('root', '2014-04-23 02:38:13', '{"lang":"es"}'),
('juan', '2014-05-26 06:15:48', '{"lang":"es"}');
--
-- Base de datos: `softlaw`
--

-- --------------------------------------------------------

--
-- Estructura de tabla para la tabla `caducidades`
--

CREATE TABLE IF NOT EXISTS `caducidades` (
  `id` int(11) NOT NULL AUTO_INCREMENT,
  `id_juicio` int(11) NOT NULL,
  `fecha` date NOT NULL,
  `vigente` int(11) NOT NULL,
  `created_at` timestamp NOT NULL DEFAULT CURRENT_TIMESTAMP,
  `updated_at` datetime NOT NULL,
  PRIMARY KEY (`id`)
) ENGINE=InnoDB DEFAULT CHARSET=latin1 AUTO_INCREMENT=1 ;

-- --------------------------------------------------------

--
-- Estructura de tabla para la tabla `juicios`
--

CREATE TABLE IF NOT EXISTS `juicios` (
  `id` int(11) NOT NULL AUTO_INCREMENT,
  `partes` varchar(255) NOT NULL,
  `id_fuero` int(11) NOT NULL,
  `id_juzgado` int(11) NOT NULL,
  `piso` int(11) NOT NULL,
  `nro_expediente` varchar(255) NOT NULL,
  `id_dpto_judicial` int(11) NOT NULL,
  `id_etapa` int(11) NOT NULL,
  `id_proce` int(11) NOT NULL,
  `carp` int(11) NOT NULL,
  `id_estado` int(11) NOT NULL,
  `created_at` timestamp NOT NULL DEFAULT CURRENT_TIMESTAMP,
  `updated_at` datetime NOT NULL,
  PRIMARY KEY (`id`)
) ENGINE=InnoDB DEFAULT CHARSET=latin1 AUTO_INCREMENT=1 ;

-- --------------------------------------------------------

--
-- Estructura de tabla para la tabla `movimientos`
--

CREATE TABLE IF NOT EXISTS `movimientos` (
  `id` int(11) NOT NULL AUTO_INCREMENT,
  `id_juicio` int(11) NOT NULL,
  `fecha` date NOT NULL,
  `descripcion` text NOT NULL,
  `created_at` timestamp NOT NULL DEFAULT CURRENT_TIMESTAMP,
  `updated_at` datetime NOT NULL,
  PRIMARY KEY (`id`)
) ENGINE=InnoDB DEFAULT CHARSET=latin1 AUTO_INCREMENT=1 ;

-- --------------------------------------------------------

--
-- Estructura de tabla para la tabla `usuarios`
--

CREATE TABLE IF NOT EXISTS `usuarios` (
  `id` int(11) NOT NULL AUTO_INCREMENT,
  `nombre` varchar(255) NOT NULL,
  `apellido` varchar(255) CHARACTER SET utf8 COLLATE utf8_spanish_ci NOT NULL,
  `nro_documento` varchar(255) NOT NULL,
  `email` varchar(255) NOT NULL,
  `nombre_usuario` varchar(255) NOT NULL,
  `password` varchar(255) NOT NULL,
  `habilitado` tinyint(1) NOT NULL,
  `perfil` int(11) NOT NULL,
  PRIMARY KEY (`id`),
  UNIQUE KEY `nombre_usuario` (`nombre_usuario`),
  UNIQUE KEY `nro_documento` (`nro_documento`)
) ENGINE=InnoDB  DEFAULT CHARSET=utf8 AUTO_INCREMENT=5 ;

--
-- Volcado de datos para la tabla `usuarios`
--

INSERT INTO `usuarios` (`id`, `nombre`, `apellido`, `nro_documento`, `email`, `nombre_usuario`, `password`, `habilitado`, `perfil`) VALUES
(4, 'nombre', 'apellido', '36528095', 'juan@gmail.com', 'juaguz', '$2y$10$YMolEN0f2WNzuAJxbA9bZ.eVe52VPRd4a0.h3Qkqv4yyyX2x75zqG', 0, 0);

-- --------------------------------------------------------

--
-- Estructura de tabla para la tabla `ver_hacer`
--

CREATE TABLE IF NOT EXISTS `ver_hacer` (
  `id` int(11) NOT NULL AUTO_INCREMENT,
  `id_juicio` int(11) NOT NULL,
  `fecha` date NOT NULL,
  `id_tipo_tarea` int(11) NOT NULL,
  `descripcion` text NOT NULL,
  `realizada` int(11) NOT NULL DEFAULT '0',
  `created_at` timestamp NOT NULL DEFAULT CURRENT_TIMESTAMP,
  `updated_at` datetime NOT NULL,
  PRIMARY KEY (`id`)
) ENGINE=InnoDB DEFAULT CHARSET=latin1 AUTO_INCREMENT=1 ;

-- --------------------------------------------------------

--
-- Estructura de tabla para la tabla `vtos`
--

CREATE TABLE IF NOT EXISTS `vtos` (
  `id` int(11) NOT NULL AUTO_INCREMENT,
  `id_juicio` int(11) NOT NULL,
  `fecha` date NOT NULL,
  `vigente` int(11) NOT NULL,
  `created_at` timestamp NOT NULL DEFAULT CURRENT_TIMESTAMP,
  `updated_at` datetime NOT NULL,
  PRIMARY KEY (`id`)
) ENGINE=InnoDB DEFAULT CHARSET=latin1 AUTO_INCREMENT=1 ;

/*!40101 SET CHARACTER_SET_CLIENT=@OLD_CHARACTER_SET_CLIENT */;
/*!40101 SET CHARACTER_SET_RESULTS=@OLD_CHARACTER_SET_RESULTS */;
/*!40101 SET COLLATION_CONNECTION=@OLD_COLLATION_CONNECTION */;
